time_s,current_a,voltage_v,soc
0.0,2.8808963496930393,3.1488089634969305,0.1
1.0,1.2000198671993805,3.1338077483475173,0.10032009959441035
2.0,3.4380639947580716,3.156907684977772,0.10045343513521028
3.0,3.6757058954890174,3.16139477494022,0.10083544224573895
4.0,0.06120601418270466,3.127470896359433,0.1012438540119044
5.0,0.8722756164221024,3.135494501408612,0.10125065468014692
6.0,2.6598005039591066,3.1537941838615415,0.10134757419308271
7.0,2.104696759570522,3.149782274473953,0.1016431075824115
8.0,2.478998553119639,3.1546887278578093,0.10187696277791934
9.0,1.433695090533025,3.1456137403774425,0.1021524070615993
10.0,3.5992474685785356,3.167967420269526,0.10231170651610297
11.0,3.4722399192861855,3.168742953151091,0.10271162290150058
12.0,2.5825383719515203,3.1617757562209006,0.10309742733697683
13.0,3.909051508710041,3.1763788166750513,0.10338437604497144
14.0,3.084386677815057,3.1702799379076554,0.10381871510149478
15.0,1.4258844213959523,3.1552880230087417,0.10416142473236312
16.0,2.9609384801031235,3.1711643969327565,0.10431985633474045
17.0,1.3013967489637515,3.1560512112022803,0.10464884949919635
18.0,3.5980628766340907,3.1794344916663086,0.1047934491379701
19.0,2.437592611267184,3.169682925690318,0.10519323390204056
20.0,2.2689220455684245,3.169090240476759,0.10546407752551469
21.0,1.6488380694950733,3.1638608734290816,0.10571617997502229
22.0,4.0281766733425375,3.188222353003604,0.1058993842049662
23.0,2.3068381474139974,3.1730631690958027,0.10634695939089314
24.0,1.964590222296116,3.1705806916984973,0.10660327474060581
25.0,2.059833061889713,3.1722450793888224,0.10682156254308316
26.0,3.165386481941686,3.18406334259076,0.10705043288329312
27.0,2.956805080455098,3.1834240497476602,0.10740214249239775
28.0,3.015915764494985,3.1853083746535074,0.1077306763902261
29.0,3.038526253759853,3.186845362955031,0.10806577814183665
30.0,5.177059501088077,3.2095361675507594,0.1084033921700322
31.0,1.9919812295192305,3.180313283417166,0.10897862100348643
32.0,1.8596965886605783,3.179576282408771,0.10919995225121079
33.0,1.4827840896901527,3.1763044668658913,0.1094065852055064
34.0,3.2699742782193697,3.1944333295324405,0.10957133899324975
35.0,3.9112153659011146,3.2022246341403124,0.10993466946860746
36.0,2.3575656779314063,3.18844920208101,0.11036924895370757
37.0,1.4498044037968398,3.1801307814861355,0.11063120069569995
38.0,1.4693984803859506,3.1805080297961883,0.11079229007389961
39.0,3.3132409847808764,3.1991424701904094,0.11095555657172027
40.0,3.4290677140043027,3.2016557396256955,0.11132369445891814
41.0,3.178942835381494,3.2005628158374906,0.1117047019826964
42.0,1.6681128658891322,3.1866857189246125,0.11205791785329434
43.0,2.7902016538333996,3.198173119004656,0.11224326372728202
44.0,2.64585726142591,3.197701426423382,0.11255328613326351
45.0,2.7733607459112664,3.1998457950714063,0.11284727027342195
46.0,3.5892859724352375,3.20894450862458,0.11315542146741209
47.0,2.7794944359683527,3.2022868889829836,0.11355423101990489
48.0,3.3486419538398686,3.2088902948398945,0.11386306373501248
49.0,2.584473836861114,3.20250728850244,0.1142351350632169
50.0,2.8613992483624804,3.206039065457354,0.11452229882286814
51.0,3.2891102822981755,3.2112450571659985,0.11484023207268619
52.0,0.678555225180417,3.1863263256590852,0.11520568877071932
53.0,2.100410979553373,3.2000786558707577,0.11528108379573937
54.0,1.9120341821340057,3.1986363374148534,0.11551446279346753
55.0,1.7014026896958225,3.1968519205715897,0.11572691103592686
56.0,2.156072185966645,3.2015892093247063,0.11591595577922639
57.0,4.368676639042995,3.224194380156007,0.11615551935544491
58.0,1.417711105383446,3.196549983451643,0.11664092787089413
59.0,3.710347943239351,3.219462354915247,0.11679845132704784
60.0,0.39641278548024417,3.187754694852343,0.11721071220962999
61.0,2.0813937125177815,3.2039373666866693,0.11725475807468334
62.0,2.703441331381257,3.2105672914213153,0.11748602404274087
63.0,3.2327779141990978,3.2166596983133955,0.11778640641289435
64.0,3.389033224741069,3.219345504690482,0.11814560395891648
65.0,3.4916840439999066,3.221579454810704,0.11852216320610993
66.0,2.064093659689453,3.208560093749685,0.1189101280998877
67.0,1.922060259169291,3.2074844957988646,0.1191394718398532
68.0,3.5724698515714426,3.224245096034019,0.119353034090872
69.0,2.2608695938979815,3.212423603893158,0.11974997518549105
70.0,0.9053920958275976,3.199323673757019,0.12000118291814638
71.0,1.0833909824956491,3.20070696609702,0.120101782039905
72.0,1.350684642497986,3.2031095528335523,0.12022215881573785
73.0,3.121450930067205,3.220726769164582,0.12037223488712652
74.0,2.6780321700882066,3.2173219172384915,0.1207190627682451
75.0,3.36310669258471,3.2249117501913958,0.12101662189825489
76.0,1.9659341920793323,3.2121023662782564,0.1213903004196532
77.0,2.6981746138458926,3.219696123594573,0.12160873755210645
78.0,3.281987992459171,3.226267255862118,0.12190853473142266
79.0,2.113316825349702,3.215673493441501,0.12227320006391812
80.0,3.0709690469467645,3.2255967446029232,0.12250801304451253
81.0,1.672592573666686,3.212561494515607,0.12284923182750662
82.0,2.0461826917936605,3.2163583132036733,0.12303507544680292
83.0,2.0228276325020884,3.2164263482446867,0.12326242907922444
84.0,1.0052004430137005,3.206538762067253,0.12348718770505801
85.0,3.108715600981977,3.2272260795135654,0.12359887664317064
86.0,1.9132470747465953,3.2162570704004163,0.1239442894877242
87.0,2.5156176484096093,3.222505308128563,0.12415687249602937
88.0,3.100933323632386,3.2289640200006744,0.12443638556807489
89.0,3.0581639700374303,3.229505120711943,0.12478093371514515
90.0,3.3317313862159827,3.233172055117543,0.12512072971181598
91.0,2.3768931443632204,3.224716647516728,0.1254909220880622
92.0,1.9708771099448077,3.2211375220599456,0.12575502132632477
93.0,2.4003522363670013,3.225657124691784,0.1259740076718742
94.0,0.3908319575524626,3.2060595366454816,0.12624071347591498
95.0,0.691109409471141,3.2082973166061852,0.12628413924897636
96.0,0.8466254845569972,3.209297454495327,0.12636092918336203
97.0,1.2534414654981478,3.2129256642734036,0.12645499868164614
98.0,2.9997177834042956,3.2302189394474077,0.12659426995559037
99.0,1.368151180799924,3.2148395222674906,0.12692757193152418
100.0,2.027296807450763,3.2213330747366147,0.12707958872939085
101.0,4.124035372232582,3.2426248576785897,0.1273048439302187
102.0,2.0546700361732175,3.223571993979218,0.127763070082689
103.0,3.421894460583858,3.23756313547368,0.1279913667533749
104.0,1.3329778999876538,3.217851810657691,0.12837157724899534
105.0,2.2432030526654625,3.226806468548814,0.1285196859045495
106.0,1.3124724313617735,3.217932497516206,0.12876893068817902
107.0,2.076208655124297,3.225418225073239,0.12891476095833032
108.0,3.5503851718217443,3.2404973546461364,0.1291454508088997
109.0,0.3408494710095642,3.209664975562969,0.12953993805021322
110.0,3.0430295544323216,3.235919550513225,0.12957781021365872
111.0,2.7971695029153474,3.2344103565032056,0.12991592460859563
112.0,1.757312555379007,3.2247962169329742,0.13022672122003068
113.0,0.6924276820144317,3.2142717761815716,0.13042197817062834
114.0,2.590161884642337,3.232710059643893,0.13049891457974105
115.0,1.838134113670247,3.225858303026878,0.13078671034470132
116.0,2.79084526419338,3.235576503929475,0.13099094746844248
117.0,2.527315181904304,3.233733324289133,0.1313010413866862
118.0,4.502223614151145,3.2541013080389947,0.13158185418467555
119.0,2.2008054656587195,3.23294051760855,0.13208210125291456
120.0,1.2206281342226688,3.223520745634721,0.1323266351935433
121.0,2.7240945436953954,3.2383224293357045,0.13246226054179025
122.0,2.7749958549647067,3.239553146498426,0.13276493771331196
123.0,4.198984469050545,3.2545402846541007,0.1330732705860858
124.0,3.543889057393223,3.2496232115043804,0.1335398244159803
125.0,2.9460888239368868,3.2448448963555814,0.1339335898668018
126.0,4.3291286140244525,3.259484946299484,0.13426093306946144
127.0,1.0140461820964364,3.228003895461726,0.1347419473599086
128.0,1.7003105840628154,3.2344328550041754,0.13485461915791933
129.0,1.3417800732430938,3.2308600403074372,0.13504354255614853
130.0,2.01273774605529,3.2373643603645097,0.13519262923095332
131.0,0.779142315554614,3.225255287390921,0.1354162667582928
132.0,3.2939386835180056,3.249859210117797,0.13550283812668776
133.0,2.2222216286265333,3.240193137279138,0.1358688313137453
134.0,0.6614921318716775,3.2249521542308712,0.13611574482803715
135.0,1.230526148490573,3.230029957382342,0.13618924395380066
136.0,2.891892309312744,3.2464065918713803,0.13632596908141073
137.0,3.5476582098679765,3.253780985223067,0.13664729044911214
138.0,4.995913614614733,3.26948350423958,0.13704147469465303
139.0,6.142328082509162,3.283060674031461,0.137596576207388
140.0,3.0180117915949953,3.2546178162202843,0.13827905710544458
141.0,1.2630773499601697,3.2378640315779665,0.13861439174895512
142.0,-0.1650578509141365,3.2232701104036643,0.13875473367672847
143.0,2.8346393279297946,3.25207196711672,0.1387363939155158
144.0,1.4838236308620925,3.2392804870108693,0.13905135384084133
145.0,1.9808034247753934,3.244113517650856,0.13921622313315934
146.0,1.73487900117524,3.2418392391372874,0.13943631240257884
147.0,2.3240113919795182,3.247765102824806,0.13962907673604275
148.0,3.8324752884845545,3.2632605324771387,0.13988730022404047
149.0,2.696310709306681,3.2532557186258946,0.14031313081164987
150.0,2.3017064537016396,3.2499357381599383,0.14061272089046173
151.0,1.2054328089677355,3.23934722055769,0.14086846605198414
152.0,0.40664631911955373,3.2310461683317904,0.14100240303075834
153.0,1.8921151136583365,3.2450996135390646,0.14104758595510494
154.0,2.4327718114770995,3.2506589924334435,0.14125782096773365
155.0,4.709912391974854,3.2739266306033517,0.14152812894678665
156.0,2.6628431518411073,3.2553787117447444,0.14205145254589496
157.0,3.728424388778822,3.2666443434865315,0.14234732400721065
158.0,1.8758805018260598,3.2493932352342645,0.14276159338374161
159.0,1.0188202919787193,3.240918301703142,0.14297002455061117
160.0,1.2936040472095351,3.2432296609056928,0.14308322680527547
161.0,1.5934674193303084,3.2459796037965774,0.14322696058829876
162.0,5.160587165543955,3.281602024970401,0.1434040125237799
163.0,1.4732666509695174,3.2469261171825767,0.14397741109772924
164.0,3.5481115046704312,3.267524698497487,0.14414110739228142
165.0,1.371341027391217,3.246918970564781,0.14453534200391147
166.0,3.664466266092805,3.269632116696562,0.14468771322917715
167.0,2.981188707632329,3.2640313127160576,0.1450948761476319
168.0,2.304202627927387,3.2580491089549004,0.14542611933736882
169.0,2.4490468423307075,3.2598531772359487,0.14568214185158299
170.0,1.681515380713262,3.2526251360917553,0.14595425816739752
171.0,3.057590251852601,3.2663506468066554,0.14614109320969898
172.0,1.9312706495740248,3.2559235779916875,0.14648082545990482
173.0,0.9679927952909397,3.246412034633325,0.14669541108763526
174.0,0.9025780321004759,3.245279806304548,0.14680296584266758
175.0,2.7157348971526494,3.2629083540952752,0.14690325229067874
176.0,4.473864070513043,3.281140669852434,0.1472050006125846
177.0,2.699989516966798,3.2651509812560726,0.1477020966204194
178.0,2.351702092362647,3.262278851803439,0.14800209545563792
179.0,2.8572826745031787,3.2677227922346193,0.14826339568812266
180.0,4.1325021771335315,3.2811803924979848,0.14858087154084523
181.0,2.7742281267048203,3.2690973426643892,0.14904003844941563
182.0,1.9863409614578287,3.261845474118487,0.1493482860190495
183.0,3.882860887574861,3.2809391631590774,0.1495689905703226
184.0,3.035945548077017,3.2737934980074965,0.15000041955783092
185.0,4.41969498999499,3.2884060253524487,0.15033774684095058
186.0,2.7290430465273827,3.273135935200607,0.15082882406206113
187.0,0.9694137103493747,3.256092623872903,0.15113205106723085
188.0,0.7898010009429188,3.2537429674304237,0.1512397637017141
189.0,4.563659915289062,3.2908333339531106,0.15132751936848554
190.0,4.654582150979121,3.2934817457912295,0.15183459269240654
191.0,2.275600983396749,3.2714634425506843,0.15235176848695978
192.0,2.0210158485800154,3.2691713330757732,0.15260461304067052
193.0,4.326805365302753,3.2923263715528956,0.1528291703571794
194.0,1.11619289744564,3.261770098426984,0.15330992650887973
195.0,1.381591226305217,3.2639385819288513,0.15343394794192924
196.0,3.3041584933613057,3.2828621474076827,0.15358745807818538
197.0,2.006743596425513,3.270805495200734,0.15395458679966997
198.0,2.4935976665999107,3.2757681617633274,0.15417755831038393
199.0,2.2956963768443592,3.2741946957136587,0.15445462471778393
200.0,2.921968185998667,3.280738930840582,0.15470970209298884
201.0,4.259352326642146,3.294789650865831,0.15503436522476646
202.0,2.613231133627182,3.2798395090265813,0.15550762659439338
203.0,3.3049234915960723,3.2872143690644053,0.15579798560924085
204.0,-0.0627151262887784,3.2544292253563287,0.1561651993305293
205.0,2.4391019975873527,3.278216997640891,0.1561582309831639
206.0,1.4459621621339112,3.268655508349095,0.15642924231622915
207.0,0.976483674470465,3.2637082569505336,0.15658990477868848
208.0,1.4023095413390616,3.267431727587801,0.15669840296474075
209.0,2.082345699123985,3.273981829028422,0.15685421513600065
210.0,3.6448781779450163,3.2897955068662927,0.15708558688034777
211.0,0.842009102825545,3.262939265846416,0.15749057334456387
212.0,2.538289365743022,3.279301409698123,0.1575841299115445
213.0,1.894788208333027,3.273348417637038,0.1578661620632937
214.0,2.090408632047549,3.2753810978796967,0.15807669408644182
215.0,3.753447281630755,3.2922164108065464,0.1583089617122249
216.0,3.1726442962549077,3.2876600242803167,0.15872601141018386
217.0,4.171747634303429,3.2985221807388347,0.15907852744310108
218.0,2.3068679009376245,3.2813624228427902,0.15954205495802368
219.0,1.6300717354116212,3.2748931173190643,0.1597983736136834
220.0,2.2201764788993756,3.2806700459606906,0.1599794926953958
221.0,2.803120989089027,3.2867552794744985,0.16022617897082905
222.0,2.7207166980671387,3.2865553264710172,0.1605376368585056
223.0,1.1445149097082918,3.271361402783465,0.16083993871384641
224.0,2.6131122270348426,3.2856232899691054,0.16096710703714734
225.0,2.7852854126736313,3.2878575101869862,0.16125745284015122
226.0,5.646842546917401,3.3170912810175914,0.16156692899711497
227.0,4.846055764102088,3.3114927701332495,0.16219435594677245
228.0,1.433445811801475,3.2792362368757715,0.16273280658722825
229.0,2.1407707980635298,3.286010818156144,0.16289207834409508
230.0,0.6706974977037461,3.271468449737238,0.16312994176610213
231.0,1.761616232545642,3.281618308847224,0.16320446371029143
232.0,2.8945062544879256,3.2928939464783875,0.16340019884724094
233.0,4.007317026110292,3.3046879479572717,0.16372181065329516
234.0,1.5886452028204894,3.281860305405407,0.16416706810064075
235.0,1.6823169499152544,3.282620750140095,0.16434358423428747
236.0,-0.1841112871733186,3.263849689733991,0.1645305083398336
237.0,2.2966675993188654,3.287388996250272,0.16451005153014767
238.0,1.1719819851755462,3.276460904884566,0.16476523681896088
239.0,1.8382007157924078,3.282737327393235,0.16489545703953595
240.0,1.4039240272905147,3.278440939617729,0.1650997015635129
241.0,2.382171807184304,3.288003345921077,0.16525569312210073
242.0,0.302839510804211,3.2676146272561506,0.16552037887845453
243.0,0.6661934432612617,3.2703473924475785,0.16555402771298833
244.0,5.161558890035373,3.3146516408600584,0.16562804920668403
245.0,0.8907217734074613,3.274132916733112,0.1662015557500213
246.0,1.1290180269317005,3.2759917717851685,0.16630052483595545
247.0,4.7961419104016425,3.312304758978713,0.16642597128339232
248.0,6.131333961550508,3.327612412269139,0.1669588759401036
249.0,1.035541713968323,3.2794181840356984,0.16764013526916477
250.0,2.0396888040149617,3.288981639595698,0.16775519545960568
251.0,2.926944438675637,3.2980220431244796,0.16798182754894067
252.0,4.6608720555069905,3.316089607171251,0.16830704359768242
253.0,1.2664286519647032,3.283954724002942,0.16882491827051654
254.0,2.193402692572363,3.292877655884357,0.1689656325651793
255.0,3.47167197007718,3.3059086423165165,0.1692093439754651
256.0,3.0434575930832732,3.302679183000132,0.16959508530547368
257.0,2.029804910962376,3.2933141367901286,0.1699332472602607
258.0,2.3327212943549487,3.296471555093943,0.17015878113925653
259.0,0.7813802395375227,3.2812811712398533,0.17041797239418485
260.0,2.2022828200316686,3.294840938944752,0.17050479242080013
261.0,2.167015637488806,3.29474955352149,0.17074949051191476
262.0,2.79021236203282,3.3012227105206318,0.1709902700271913
263.0,1.80584097647623,3.2920135760633586,0.17130029362297272
264.0,3.089423153181424,3.304861435706961,0.17150094262035898
265.0,3.7658947722747858,3.312450169127057,0.17184421185960136
266.0,2.6942866595855826,3.3029740904753644,0.17226264461207633
267.0,2.9396955104990043,3.305979746058387,0.17256200979647474
268.0,2.566444184472334,3.3029495530862905,0.17288864263097461
269.0,2.5001054913642675,3.302748308269372,0.17317380309591598
270.0,1.5980524580714408,3.2941467915756206,0.17345159259495646
271.0,2.895617827091635,3.3069747850198263,0.17362915397918663
272.0,2.378391751983138,3.3024787675916905,0.17395088929330793
273.0,5.116460386163244,3.330205629524936,0.17421515504352827
274.0,4.466693628094053,3.3257726703909474,0.17478365064199086
275.0,2.982308190695626,3.312554647511978,0.1752799499340013
276.0,1.5461784878815406,3.2988650098893895,0.17561131751074527
277.0,1.1094856600207277,3.2942636729049455,0.1757831151205099
278.0,3.9889286913610813,3.3225614899933813,0.17590639130495664
279.0,2.828436531433923,3.312283126368588,0.17634960560399676
280.0,3.1001792542395137,3.315581661948619,0.17666387632971164
281.0,0.31926751628225913,3.2885207468593207,0.17700834069129381
282.0,3.659298101947726,3.3209179647636535,0.1770438148597696
283.0,3.0680254227679535,3.3161237334172524,0.1774504035377638
284.0,1.1119616444819025,3.2972971159577775,0.1777912952514047
285.0,1.9105939906875637,3.3047838938323575,0.177914846545236
286.0,2.829646505445649,3.3139925341736425,0.17812713476642353
287.0,2.5655834979453047,3.311953518604016,0.17844153993369527
288.0,2.134786017745556,3.3080774862317845,0.1787266047668003
289.0,2.3706396649175487,3.3105968439555977,0.17896380321321648
290.0,2.1850282772413934,3.3090537191312506,0.17922720762042954
291.0,2.6907031401280856,3.314308331693102,0.17946998854012303
292.0,4.339364966241446,3.331313531886369,0.1797689555556928
293.0,-0.7083230511641219,3.2823871259093496,0.18025110721860851
294.0,2.2039371693628946,3.30987156074755,0.18017240465736806
295.0,2.7206405267155587,3.3152652063649275,0.18041728656507505
296.0,2.8699924871088744,3.317312280992924,0.18071957995693233
297.0,2.035106773348388,3.3096073613183425,0.18103846801105553
298.0,0.3040977719017719,3.2924124049334584,0.18126459098587203
299.0,2.9099943546426372,3.3175052641856486,0.18129837962719444
300.0,4.659187767705231,3.3356908902989946,0.18162171233326585
301.0,0.5826732438548279,3.296710812547343,0.18213939986301086
302.0,3.5797850171227354,3.3258830331669076,0.1822041413345503
303.0,2.0893434710963827,3.3120819316625627,0.1826018952253417
304.0,2.423344567713941,3.315576496141724,0.18283404449990798
305.0,1.1838768616200637,3.3035499678935283,0.18310330500743174
306.0,2.0819297845551543,3.312121017029215,0.18323484688094507
307.0,4.125055743373698,3.332720679529706,0.1834661724125623
308.0,3.228319052484634,3.3252072363249434,0.18392451193960382
309.0,4.6653895067624305,3.3404490298043865,0.18428321405654657
310.0,3.971764861222117,3.335276268784796,0.18480159066840907
311.0,3.0488583486619705,3.3273497987090743,0.18524289787521153
312.0,4.67991815770974,3.34436697315628,0.18558165991395176
313.0,3.0487414484228736,3.3297793450891557,0.18610165082036395
314.0,3.5349852209963237,3.335317895090843,0.1864403998701887
315.0,2.1292863080816145,3.322237094192505,0.18683317600585497
316.0,2.583182269824006,3.326859748818982,0.1870697633734196
317.0,1.628220220874654,3.3176846740418453,0.18735678362562228
318.0,3.7369799182435663,3.3385482777560997,0.18753769698349723
319.0,1.027120471106418,3.3125604677791323,0.1879529169744132
320.0,3.477937928022077,3.33646608948197,0.1880670414712028
321.0,2.2616861781185507,3.3252574127965326,0.1884534790187608
322.0,3.964058866834149,3.3424616156472213,0.1887047774829962
323.0,3.438586235914075,3.3384596022982316,0.18914522846819998
324.0,4.775807697058502,3.352739088667758,0.18952729360552376
325.0,3.413468363923306,3.3408527405261395,0.19005793890519693
326.0,0.5349496804334493,3.312925321107961,0.19043721316785509
327.0,2.416308533877249,3.330782564691461,0.19049665202123658
328.0,1.0349910092564802,3.317219012887094,0.19076513074722296
329.0,1.8521501970421568,3.3247765885317078,0.19088012974825144
330.0,4.389035541595902,3.3500631084403074,0.19108592421458945
331.0,3.2969172636221202,3.340660280971405,0.19157359483032232
332.0,1.626336964276567,3.324766907793507,0.1919399189707248
333.0,1.2328532919495014,3.3205888525143523,0.19212062307786662
334.0,2.540977616095326,3.333192090844763,0.19225760677697212
335.0,0.9792998132735904,3.317934391421989,0.19253993762320493
336.0,1.6610746532542735,3.324132092092664,0.19264874871356866
337.0,2.8900118394390546,3.336247986899721,0.19283331256393024
338.0,3.9441400451333704,3.347397247627671,0.1931544249905346
339.0,3.2609518402805495,3.3418305774790573,0.19359266277332718
340.0,-0.3641118857476249,3.3064002217663213,0.19395499075558056
341.0,2.8804584112878246,3.3373838231848763,0.1939145338793864
342.0,2.5900419665407224,3.335087631564786,0.19423458481397393
343.0,3.0173628567158666,3.339782373495631,0.19452236725470068
344.0,4.5202621020640095,3.3555002639977265,0.19485762979433577
345.0,-0.07904784600592851,3.311133330042832,0.19535988113900954
346.0,1.761120718511118,3.3282524711629837,0.1953510980450089
347.0,3.2386329034916934,3.342930612274295,0.19554677812484345
348.0,0.523007000682572,3.316613210734933,0.19590662622523142
349.0,4.3449363100668865,3.353958930647057,0.19596473811419615
350.0,2.960445765875823,3.341661589382097,0.1964475088153147
351.0,3.5582299823042547,3.3482965181229214,0.19677644723374535
352.0,1.7863204230977567,3.331604405396693,0.19717180612066804
353.0,3.517204612457763,3.3488165154583207,0.1973702861676789
354.0,3.835589444986298,3.352998536791988,0.19776108668017423
355.0,2.7910975251714603,3.3437401293438125,0.1981872632851727
356.0,2.79300111587337,3.3442755170563427,0.19849738523241398
357.0,2.8379290491021574,3.345240034578536,0.19880771868973324
358.0,1.4208184190757729,3.331610081759717,0.19912304413963347
359.0,2.3155891496995586,3.3402070707773728,0.19928091285286412
360.0,2.3093468344345514,3.340369103706557,0.19953820053616406
361.0,2.9792423304418687,3.347291614490769,0.199794794628879
362.0,3.7497803086378685,3.3556438632341536,0.20012582155448366
363.0,1.1768298975269884,3.3310398286619405,0.200542463810999
364.0,2.343738712100528,3.3422063787331235,0.200673222688502
365.0,4.3518194345737164,3.362533341060315,0.2009336381009576
366.0,1.5705147139842948,3.336228928245568,0.20141717359368802
367.0,1.4721874783870996,3.334988410062944,0.20159167522857516
368.0,2.752882739788992,3.347488430799512,0.2017552516150626
369.0,3.55548148810665,3.356023850348377,0.20206112747503915
370.0,2.514282569450824,3.3466224791097896,0.20245618097371768
371.0,4.161200738046237,3.3634373638734734,0.20273554570365665
372.0,3.570992478208159,3.358915052106931,0.20319790134121735
373.0,3.552275083612577,3.3597189503325873,0.2035946782832405
374.0,3.192645626655117,3.357090932254056,0.203989375514753
375.0,5.409566375432606,3.3799922306695382,0.20434411391771468
376.0,2.243547888917445,3.3504489954540047,0.2049451768483183
377.0,-0.004402865083142249,3.328068332888696,0.2051944599470869
378.0,4.505317951896426,3.371859878007261,0.20519397073985546
379.0,1.927875711303968,3.347641144581148,0.2056945616233995
380.0,2.634850555428791,3.3546280782791937,0.2059087700357666
381.0,4.1369383560756585,3.370018839157323,0.20620153120859203
382.0,0.49717557367634324,3.334934213938526,0.20666119102593378
383.0,0.9354409823673258,3.338329406153064,0.20671643275634227
384.0,0.498402578601433,3.3332724340387463,0.20682037064327197
385.0,1.5073296374682201,3.3424210194090382,0.206875748707561
386.0,3.049545757521242,3.3575601637596955,0.20704322977839082
387.0,3.1552348035159636,3.3593139353594745,0.2073820681958932
388.0,2.8453427241606923,3.3569722518853373,0.2077326498407283
389.0,0.7340426451345419,3.3364150266340546,0.20804879903230172
390.0,-0.3876292957908052,3.324426149752071,0.20813035932620555
391.0,2.567941981737978,3.352527271471123,0.208087289404451
392.0,1.9102799579520804,3.346384236869351,0.2083726162913108
393.0,3.0742322146457646,3.3580432838908605,0.20858486961997214
394.0,3.3774420327765875,3.3618314395757536,0.208926450977155
395.0,2.6728017900733523,3.3557238994045933,0.2093017223141302
396.0,3.450166356719817,3.36398353754402,0.20959870029080502
397.0,2.7865142176438358,3.3583184475610497,0.20998205210821833
398.0,3.1625808820018335,3.3626228906547535,0.21029166479906763
399.0,1.619158421412647,3.3479651320925,0.21064306267484562
400.0,2.275485732710677,3.3543289428867835,0.21082296916611368
401.0,2.7459701208211964,3.359256683345388,0.21107580091419265
402.0,3.5256605942717734,3.367574339197292,0.211380908705395
403.0,2.007823534719285,3.3534030442013756,0.2117726487714252
404.0,3.1514590696651408,3.3648822967264644,0.2119957402752829
405.0,2.1677015101057764,3.355811242249845,0.2123459023941346
406.0,2.353072290839837,3.3578068767629112,0.21258675811747968
407.0,3.536898802530091,3.369907623642171,0.21284821059423967
408.0,0.008674536182305292,3.3356326067714157,0.21324119935007635
409.0,0.8794095899065488,3.3431216701249764,0.21324216318742995
410.0,0.647268253196474,3.340157730131557,0.21333987536408622
411.0,-0.41702014981038094,3.3287452129981876,0.21341179405888583
412.0,1.652169449806029,3.348020453629362,0.21336545848668467
413.0,3.4367923746596754,3.3657808238045193,0.21354903286999646
414.0,2.1438949170217816,3.3538933605551335,0.2139308986894031
415.0,2.7472376024273153,3.360143837979877,0.21416910923573884
416.0,3.861521870888491,3.3718843753027006,0.21447435785823077
417.0,4.159607665334614,3.376157091027518,0.21490341584388503
418.0,2.4135775815923255,3.360157907655703,0.21536559447336664
419.0,4.191982361961747,3.3782868141459885,0.21563376976021023
420.0,2.6151583230426363,3.3639793078814395,0.216099545578206
421.0,1.4532522202156724,3.352811057982786,0.21639011872521072
422.0,1.756999559751581,3.355568593269491,0.21655159119412357
423.0,0.6493293592937297,3.3444143186137847,0.2167468133674293
424.0,1.3898326828329346,3.351054741921411,0.2168189610740175
425.0,2.0524791399069637,3.3574017893793613,0.2169733869276656
426.0,3.5044812742232523,3.3720695920968247,0.21720144016543305
427.0,4.65096228895748,3.3845966475402087,0.21759082697368007
428.0,0.7722731057787,3.3475778304847825,0.218107600561342
429.0,2.9910343353248985,3.369073478989364,0.2181934086842063
430.0,1.199320076053082,3.3518757439305564,0.21852574583257575
431.0,3.0933713605790025,3.3704044958369748,0.21865900361880386
432.0,2.336141686640342,3.3636227898458095,0.21900271154775708
433.0,0.21136771769058704,3.3426821561699622,0.21926228284627267
434.0,3.6603712394606056,3.3761467874567535,0.21928576814823827
435.0,1.7437491089890862,3.358144421442355,0.2196924760637339
436.0,1.8326247020330566,3.358979060423496,0.2198862259647327
437.0,1.1628094858878877,3.3522897702882677,0.22008985093162525
438.0,1.6821459041405555,3.3570777267142,0.22021905198561278
439.0,3.0348630508686467,3.370538935487297,0.22040595708607286
440.0,2.263444573829493,3.3636147265377296,0.22074316409172492
441.0,2.910827502853101,3.370385841308477,0.22099465793326153
442.0,2.9524023174110545,3.3715055588988947,0.22131808321135632
443.0,4.150827069410209,3.384212832842624,0.22164612791329089
444.0,2.0715173114195258,3.3648873599255653,0.22210733092100313
445.0,0.6539277289428354,3.3508534383751942,0.22233749951116086
446.0,3.834028020714979,3.381910632642535,0.22241015814771006
447.0,2.0856397848784316,3.3656982186425637,0.22283616126112285
448.0,3.893240555721721,3.383931272517947,0.22306789901499824
449.0,2.979221391478088,3.3760855763465383,0.22350048129896732
450.0,2.3360780872458187,3.3703574073362597,0.22383150589802045
451.0,2.9359698675578687,3.3766493899579855,0.22409107012993665
452.0,4.938765700157875,3.3973477650433654,0.22441728900410973
453.0,5.096225661317192,3.4008433628600745,0.2249660407485717
454.0,2.5867264189159735,3.3777390570195975,0.2255322880442736
455.0,2.700238241646344,3.379260177793425,0.22581970209081983
456.0,3.845300196832982,3.391167782786067,0.22611972856211388
457.0,1.442923709040816,3.368317893434476,0.22654698413953978
458.0,2.916337965772819,3.3827037971983627,0.22670730899609987
459.0,2.4676714400576794,3.378806818901006,0.2270313465478524
460.0,2.892385264321942,3.383358146027684,0.22730553226341435
461.0,1.4582889925632427,3.3695891649956975,0.22762690840389457
462.0,0.5130406333637887,3.3598052229780846,0.2277889405141794
463.0,-0.0912292949891147,3.352851075616206,0.22784594502899758
464.0,1.10326985876299,3.3635291834545344,0.22783580844066545
465.0,1.9266558938258336,3.371275694696771,0.227958393980528
466.0,2.133510516689048,3.3733889139328723,0.22817246685761977
467.0,4.921538953036896,3.4014490974245786,0.22840952358169633
468.0,3.8824917123841227,3.3929906984696796,0.2289563612431449
469.0,1.297386104572966,3.368390252608849,0.22938774921118757
470.0,2.9346355655636964,3.3843747000402304,0.22953190322280678
471.0,1.9911522045620935,3.3755928173497827,0.22985797384120274
472.0,2.1445452024498812,3.3771821094962897,0.23007921297504297
473.0,2.7316570617692273,3.3832103057202656,0.23031749577531518
474.0,3.2739638962192417,3.389162365067021,0.23062101322662287
475.0,2.0759268951449807,3.3780478778859337,0.23098478699286945
476.0,3.829814415917948,3.3956913853086728,0.23121544553677445
477.0,1.072577217321995,3.369328664038816,0.23164098047187645
478.0,2.5079238279528355,3.383145925542884,0.23176015571824557
479.0,5.74709215824479,3.4159185010431274,0.23203881392135145
480.0,2.7788496782815937,3.388648731112242,0.23267737971671199
481.0,4.291518133257716,3.404287568597637,0.2329861407920766
482.0,2.6144002227165104,3.38897493933993,0.23346297614021636
483.0,3.225971369162246,3.3954767587419052,0.23375346505385153
484.0,2.4290210070091356,3.388276900529505,0.23411190631709178
485.0,2.2869905235447443,3.387118940347974,0.2343817975400928
486.0,1.5256470040932255,3.3796809011373785,0.23463590759826444
487.0,3.0378766986969414,3.3945046589572394,0.2348054239320526
488.0,1.43557851351779,3.3791444327586913,0.23514296578746335
489.0,3.3319815453917867,3.397760493466275,0.23530247451118755
490.0,3.8566087555573874,3.4038619806373944,0.23567269468289775
491.0,2.9581642590465376,3.3960528832775525,0.23610120676684856
492.0,2.1421890830553854,3.3884898899488443,0.23642989168452042
493.0,3.06745697413587,3.397823300881328,0.2366679126937488
494.0,2.1141586805669843,3.3889570982710073,0.23700874124643057
495.0,3.6694339068314363,3.404573130734897,0.23724364776649357
496.0,0.21074239473109557,3.371031142149191,0.2376513626450304
497.0,2.0804907898516922,3.3885910996107302,0.23767477846666718
498.0,0.011485006095002692,3.3679647249860896,0.23790594410998403
499.0,0.6311739622159938,3.372932781241942,0.23790722022177235
500.0,4.204827787267387,3.407858781378503,0.23797735066201858
501.0,3.6189812274646074,3.403453486832067,0.23844455374949275
502.0,1.600649708394012,3.3843352290460196,0.2388466627747666
503.0,0.6218706799488789,3.3743329482654674,0.23902451274236594
504.0,-1.2056610473020641,3.355239604669801,0.23909360948458247
505.0,1.8206306150842066,3.3835595018179436,0.23895964714599335
506.0,5.525518765309253,3.420606411682155,0.23916193943655825
507.0,3.0436053393295595,3.3981158763701584,0.23977588596603705
508.0,1.800534642438138,3.386419425944709,0.24011406433707366
509.0,3.0813502618753827,3.399174567565459,0.240314123741789
510.0,0.5488020587569464,3.3746069701274464,0.2406564959931085
511.0,2.1283457966279555,3.3895635287947172,0.24071747399963705
512.0,2.624346841269673,3.394697523458738,0.24095395686592905
513.0,2.3923741852236895,3.3928658883253453,0.24124555095940345
514.0,3.4885076521126006,3.4041668374552874,0.24151137031331718
515.0,2.9308065327950654,3.3996170207009797,0.24189898227466303
516.0,3.335407522634996,3.404327429769453,0.24222462744497358
517.0,1.6395346472115508,3.388280892051984,0.24259522828082192
518.0,3.622269260513185,3.407945794307479,0.24277739879717875
519.0,4.536171184529989,3.418175748527018,0.243179873159458
520.0,1.2873131004357343,3.387337609380406,0.24368389217996134
521.0,1.3903804303568004,3.3879561715027395,0.24382692696889863
522.0,4.169730420400291,3.41541643351775,0.24398141368338272
523.0,2.2608200166311745,3.3977505568839783,0.24444471706342719
524.0,4.254776740083196,3.4178956901102713,0.24469591928749732
525.0,1.9468303601347703,3.3962755728392695,0.24516867225861766
526.0,4.31880697033839,3.4199861277708394,0.24538498674307707
527.0,2.664357271006815,3.40492749315326,0.2458648541842258
528.0,2.822786029153369,3.4069387233115593,0.24616089388100432
529.0,4.45589752708738,3.423795060819448,0.24647453677313247
530.0,2.047786903194786,3.4012609004801457,0.2469696364983644
531.0,1.3235973800938021,3.3940332319222137,0.24719716837649716
532.0,1.939294739964557,3.3997567711646277,0.24734423475206313
533.0,3.0654174383039234,3.41098580356759,0.24755971194539253
534.0,0.5428011597743572,3.386441394152491,0.24790031388298187
535.0,3.296838628313902,3.413074888952312,0.2479606251229568
536.0,1.826535852977821,3.399216484090403,0.2483269405261028
537.0,3.9347658259169545,3.420211860060165,0.24852988895421144
538.0,-0.4928253811255896,3.3771800423370277,0.2489670851570911
539.0,1.516792781119789,3.3957259055428524,0.24891232678141048
540.0,0.3919148109573727,3.384223079989924,0.249080859312646
541.0,1.4672131670450592,3.3940273594263717,0.24912440540275238
542.0,2.809582376386179,3.407200890895824,0.2492874290879796
543.0,2.2759667181878065,3.4024675679375216,0.24959960490757807
544.0,2.1832780388149815,3.4018036022594598,0.24985249009848784
545.0,2.301018910774924,3.4031869956891563,0.25009507654724505
546.0,2.7542353007749294,3.4080012785653984,0.2503507453151089
547.0,1.2393299475711153,3.3934195365460478,0.2506567714596395
548.0,3.3835620511238136,3.4144742282432365,0.2507944747871474
549.0,3.328332462981855,3.4148928964747647,0.25117042612616114
550.0,2.981297422070126,3.412346868290503,0.25154024084427024
551.0,3.195666803439079,3.415186116023213,0.25187149611338916
552.0,2.870522501010824,3.4127580185212563,0.25222657020266015
553.0,5.043841628413834,3.435101532250925,0.2525455171472169
554.0,2.3911322861843627,3.4105433516246295,0.25310594399481845
555.0,2.116145977081779,3.4080679292112994,0.25337162535995006
556.0,1.5580905245532777,3.4025907714041526,0.2536067526907369
557.0,1.209671661777704,3.398864479410093,0.25377987386013173
558.0,0.9444102654986559,3.3957621428701206,0.2539142818225515
559.0,1.389003358461352,3.3996066545936916,0.25401921629649576
560.0,2.411649522934911,3.4095280642757495,0.25417355000299147
561.0,2.917868910622143,3.4149386334601632,0.25444151106109536
562.0,2.563927573190202,3.4120648204860062,0.25476571871783116
563.0,1.543080903212859,3.4022936272958977,0.2550505995592967
564.0,3.625230705024954,3.422909910913075,0.255222052992987
565.0,3.4242658403761843,3.422011358117121,0.25562485640465643
566.0,2.3004396157224787,3.411743589885748,0.25600533038692047
567.0,1.68385481916911,3.4058313250300793,0.2562609347886674
568.0,3.1855349010372493,3.420716408468787,0.25644802976857506
569.0,2.7349669843576305,3.417029877529453,0.25680197809091254
570.0,0.6898409257311906,3.397106081547024,0.25710586331139673
571.0,2.415024680019494,3.413598699372804,0.25718251230314465
572.0,2.827544765092976,3.4180674102199538,0.25745084837870236
573.0,1.3753815168903079,3.404147856068427,0.25776502001926827
574.0,2.737304241046804,3.417452997909397,0.2579178401878116
575.0,0.6814718934277635,3.3974470399207015,0.2582219851034835
576.0,4.170232625015213,3.4315929514331454,0.2582977042027532
577.0,4.059937481324289,3.4319570308778347,0.25876106338331045
578.0,2.1843533321212942,3.4145777938736064,0.25921216754790205
579.0,2.9543179222988414,3.4224578751429293,0.2594548734736933
580.0,-0.5124024572498436,3.3884571036824567,0.2597831310206154
581.0,1.054565424668334,3.4026119917091453,0.2597261974142543
582.0,2.1327763498098378,3.4128967425379226,0.25984337135032853
583.0,1.159833723216426,3.4033616322654776,0.2600803465003074
584.0,3.3929956032883233,3.425279376894392,0.2602092169139981
585.0,4.996620663434992,3.4423163854355376,0.2605862164254746
586.0,1.0292316007133726,3.4046366236781362,0.2611413964991896
587.0,1.4531707448935092,3.4083498483317523,0.26125575556593555
588.0,2.794310460387413,3.421516881279188,0.26141721898203485
589.0,4.513895185624526,3.4393202999822274,0.2617276979220779
590.0,0.972032109325121,3.4055827802617107,0.26222924183159174
591.0,2.8112951528836776,3.4234090810111244,0.26233724539929454
592.0,4.776623563516386,3.4436666235774966,0.26264961152739275
593.0,0.4353010647759161,3.40208555592971,0.26318034747889457
594.0,0.8986634914427101,3.4057996120252296,0.2632287142638697
595.0,1.970491741923952,3.415912303420303,0.26332856576291885
596.0,1.8492644839307362,3.4147841852270333,0.2635475092897993
597.0,3.515751609692056,3.4314615034545817,0.26375298312134715
598.0,2.8020746497760474,3.425388421769934,0.2641436221890907
599.0,0.2812974254473395,3.400782712740831,0.2644549638168436
600.0,3.1442630036260137,3.428427635338024,0.26448621908633774
601.0,1.778076390805437,3.4156015283196925,0.2648355816422962
602.0,4.093059021176549,3.4387202580500693,0.265033145685719
603.0,1.7155155794538504,3.416372643546963,0.2654879300214053
604.0,1.7042308961222052,3.4161752851709495,0.26567854286356685
605.0,3.176414513505664,3.43081306824552,0.26586790185202486
606.0,3.453658102921171,3.434432605022981,0.26622083679796993
607.0,3.0601242049202546,3.431508501651328,0.2666045765871834
608.0,0.39300335326898983,3.405588844595406,0.2669445903877301
609.0,3.1725430499103138,3.4324545075836554,0.26698825742698223
610.0,1.2071149354070012,3.4136377411658216,0.2673407622103056
611.0,2.7940951394853295,3.429102314320394,0.2674748860920175
612.0,0.7203319557511747,3.4089686448137253,0.2677853411075159
613.0,3.0579026844288295,3.4316418842365883,0.26786537799148824
614.0,1.4917513696157843,3.4167634629238504,0.2682051449564248
615.0,0.8967066871743479,3.4106047407675018,0.2683708951086043
616.0,3.3922751706029994,3.4349884861026925,0.268470529184957
617.0,2.802055652095939,3.4300964642068235,0.26884744864835736
618.0,1.7325289982588785,3.4200279859322067,0.2691587881652569
619.0,4.31397356127633,3.44579230231367,0.26935129138728564
620.0,1.949184473037822,3.42372064603126,0.269830621782983
621.0,2.5401345924636685,3.429699216275672,0.27004719783554276
622.0,2.836141809598251,3.4331037652462575,0.2703294350124832
623.0,1.725417582339233,3.422624371183854,0.27064456188021635
624.0,3.0889203667499117,3.436184625989411,0.2708362749449207
625.0,1.8331845660440944,3.4244153088493903,0.271179488319004
626.0,1.9854520972297385,3.4259294426343554,0.2713831754930089
627.0,4.203303299754176,3.44820105145669,0.27160378128158996
628.0,1.1992674343594587,3.4196494985623165,0.27207081498156266
629.0,-0.5159754136618626,3.402079389461063,0.2722040669187137
630.0,4.513671243764868,3.450895746984608,0.2721467363171957
631.0,5.686659940758753,3.4643345509015875,0.2726482553442807
632.0,1.9934134181883352,3.4298210093178394,0.27328010644880946
633.0,0.07895244922476863,3.410739208940622,0.27350159682860814
634.0,2.1118950297550705,3.4299352783338284,0.27351036932296646
635.0,2.1422213126991636,3.4304078024569167,0.27374502432627257
636.0,2.262595198722179,3.4318026125701517,0.2739830489165725
637.0,1.1082649475976898,3.4205282625989204,0.2742344483830972
638.0,3.2244514280955965,3.441235718221465,0.27435758893283024
639.0,3.1556342191076077,3.441435152664024,0.27471586131372977
640.0,0.6319929752258668,3.417032497357942,0.27506648733807504
641.0,3.37399591461861,3.4436932968321674,0.2751367087797668
642.0,5.065856227432364,3.4615930243672843,0.27551159721472446
643.0,2.714950415546325,3.440114207809237,0.2760744701288836
644.0,2.0783435474143674,3.4342716599547387,0.2763761312861665
645.0,2.322495981990598,3.4368337050474027,0.27660705834699034
646.0,3.2690709587107016,3.446577068202954,0.27686511345610043
647.0,0.3366604931159771,3.4181254494385596,0.2772283435626238
648.0,2.7054883787216277,3.440836299396417,0.2772657502840812
649.0,2.0119200631714875,3.4344337014725257,0.27756636010393915
650.0,4.809781266195056,3.462506350037899,0.2777899067776249
651.0,2.2822840827438027,3.4390851309841657,0.2783243269183132
652.0,4.584859513899399,3.4623505055572945,0.2785779140386181
653.0,1.120324127772491,3.429391236383024,0.2790873428734958
654.0,3.2340739585034903,3.4500160813622403,0.2792118233321372
655.0,2.899250329739036,3.4474972827700388,0.27957116488308204
656.0,1.413690940169022,3.4332519663910097,0.2798933038086086
657.0,2.7217451432961757,3.4460057504305213,0.2800503805797385
658.0,4.0156485460395,3.459451145755823,0.28035279670677143
659.0,2.095260369641749,3.4415623550451064,0.2807989798785536
660.0,0.3850466885377961,3.4245523761229277,0.2810317865862916
661.0,2.4780464669031925,3.444506230967886,0.28107456955168464
662.0,1.3719711315093592,3.4338069858656826,0.2813499080480072
663.0,2.072073826670147,3.440475048396625,0.2815023492848416
664.0,2.3980152878935987,3.443853115553694,0.28173257971002713
665.0,0.3679347299806035,3.4238793662514517,0.2819990258531264
666.0,0.48042707584915245,3.424057632767985,0.2820399074897909
667.0,3.1025835444069063,3.449426688351446,0.2820932882759964
668.0,1.8466016297878995,3.437681201304971,0.28243801978093047
669.0,-0.705930427275709,3.4121728043012816,0.2826431977397958
670.0,3.4810550457601686,3.452463508501352,0.28256476102565403
671.0,2.8404621940927997,3.4471403772405966,0.2829515449196274
672.0,1.607656469954395,3.435478599722843,0.2832671518300821
673.0,0.8539622361771981,3.427827672842274,0.2834457803267437
674.0,3.5447598703929213,3.454156493161852,0.2835406650196523
675.0,2.936688278200537,3.449201153398617,0.28393452722747375
676.0,5.478252853355092,3.4753452540648033,0.2842608259250516
677.0,3.0252357484061716,3.4531302481149377,0.2848695206865355
678.0,2.9846289265775185,3.453463045001467,0.28520565799191394
679.0,2.2913400873642935,3.447235788254104,0.28553728342820034
680.0,3.5209698340009887,3.4597956518297472,0.2857918767712408
681.0,3.281356501560192,3.458435741328341,0.28618309564168537
682.0,4.064656260706494,3.467141477273438,0.2865476908085254
683.0,1.848346351703394,3.4463325650378502,0.2869993192819372
684.0,1.955740658820047,3.447351287339601,0.28720469109879315
685.0,1.9011210363600248,3.446824634285006,0.28742199561643983
686.0,3.488502151473736,3.462689656058137,0.2876332312871465
687.0,4.372968050370915,3.472527901221184,0.28802084263731026
688.0,1.9264493835633743,3.449599057304621,0.2885067279762404
689.0,1.969032840258636,3.450004105653546,0.2887207779077474
690.0,2.892596529837249,3.459252532625691,0.2889395593344428
691.0,2.1927981249838733,3.452852986080117,0.28926095894886916
692.0,3.6900670664248625,3.467980337507676,0.2895046031849785
693.0,-0.3147216132738082,3.4290300790101234,0.2899146106368035
694.0,1.4666186913538817,3.4454144722776627,0.28987964156866197
695.0,1.5219795825481928,3.445689641988666,0.29004259920103465
696.0,-0.4004450154826813,3.42623305254202,0.29021170804354
697.0,1.295451944538995,3.441763913232815,0.29016721415293084
698.0,1.3560548551925924,3.4420383253501114,0.2903111532578796
699.0,2.248619181851462,3.450682271916641,0.29046182601956766
700.0,3.8912073645753296,3.4673973505423428,0.29071167259532893
701.0,2.1936741860116222,3.4517420462868285,0.29114402896917063
702.0,1.2114828496610577,3.4421562459792345,0.29138777054539416
703.0,2.4288068234830886,3.453950708927794,0.29152237975091205
704.0,3.8114670268016866,3.4681750380070424,0.2917922471757435
705.0,1.280051479856369,3.444124384566738,0.29221574351205476
706.0,1.3617813950981892,3.4445991701517746,0.292357971454261
707.0,3.1981861990927793,3.4626840917759645,0.29250928049816083
708.0,2.223079855336499,3.453816946031035,0.2928646345202823
709.0,3.309355863386843,3.4649410541777796,0.2931116433930974
710.0,2.482941510255879,3.4576206563822027,0.2934793496001404
711.0,3.3770795601119588,3.4669754812518727,0.2937552319901688
712.0,1.206152357449199,3.4462387757762927,0.2941304630524034
713.0,2.4848941865146656,3.458624455652103,0.2942644799810089
714.0,2.2366374820460537,3.4565557738289034,0.2945405793350661
715.0,0.9801363448698366,3.4442469988202595,0.294789094610849
716.0,0.5456525651641395,3.43937108037048,0.2948979986491679
717.0,3.357186294093327,3.466698326798403,0.2949586267119639
718.0,2.0613095222275275,3.454735719041432,0.2953316474113076
719.0,1.222149647940838,3.446514270752975,0.2955606818026662
720.0,2.3797763288458347,3.457736617233066,0.29569647620799294
721.0,3.9100235716866285,3.473423606753072,0.29596089580008694
722.0,-0.3509223067149039,3.432157138537215,0.2963953428636077
723.0,0.629201637620842,3.4406085840649885,0.29635635149619494
724.0,1.3463919476309156,3.447076251998228,0.29642626278926393
725.0,4.326473583400411,3.4766412304172776,0.29657586189455626
726.0,2.8532337286491205,3.463552375183607,0.2970565811816008
727.0,3.4591465505765333,3.4703054626785352,0.29737360715145067
728.0,1.0747988510922117,3.447528645138263,0.2977579567681814
729.0,1.1005801559118422,3.447342819339831,0.2978773788627472
730.0,3.059767145903388,3.466520978935942,0.2979996655467374
731.0,2.5728429136693083,3.4624803578786043,0.29833963967406
732.0,3.185923523580158,3.469124280184107,0.29862551110891217
733.0,2.265411261339435,3.4608128580205006,0.29897950261153217
734.0,2.8476796580682837,3.4669406058828054,0.2992312149739032
735.0,2.6976488561313863,3.466110586522749,0.29954762382479966
736.0,3.4722092363561567,3.4744254867292903,0.29984736258659206
737.0,3.5087603524305884,3.475841338921472,0.30023316361285385
738.0,0.4751600070102877,3.4465648190451406,0.300623025874235
739.0,-0.30908569417606957,3.4378646389895877,0.3006758214305695
740.0,3.752181747064384,3.477149257526555,0.30064147857566104
741.0,3.9846563665774206,3.4807243360845534,0.3010583876586682
742.0,1.2242212256083282,3.4544984879788245,0.3015011272549546
743.0,0.17520574181796444,3.4436349527845707,0.30163715183557777
744.0,2.6237935262590013,3.4671019186134995,0.3016566191402242
745.0,3.6635477829381617,3.4780413395067957,0.30194815175425294
746.0,4.746993153042894,3.4900654569296004,0.3023552126190238
747.0,3.145371965126814,3.4759021650800856,0.30288265630269523
748.0,2.035354129267881,3.4656213519254413,0.3032321420765982
749.0,1.3835867230189216,3.459217282667407,0.30345829253540574
750.0,2.514314114588318,3.4702330474580534,0.303612024393519
751.0,2.1259191201434295,3.4667783184470116,0.30389139262847326
752.0,1.2311651178389798,3.458014170156064,0.30412760586404475
753.0,5.060944563579108,3.4959363878278706,0.30426440198824906
754.0,4.7314605025901635,3.4946816149024604,0.30482672916198006
755.0,3.9200608544442854,3.488368920553377,0.3053524469956012
756.0,1.3489370027385905,3.463922530760763,0.3057880093127617
757.0,3.5687741553715986,3.485755345695394,0.30593789120195486
758.0,3.299533011872377,3.484103239206692,0.3063344216636628
759.0,3.053182030255066,3.4824980746912804,0.30670103644275976
760.0,4.062081583804721,3.4932812887732956,0.3070402788905659
761.0,3.294213928576597,3.4869233935257435,0.30749162128876645
762.0,3.4250177953804193,3.489052450025565,0.3078576450586083
763.0,3.2961328542152626,3.4886580936069387,0.30823820259142837
764.0,2.9259892600026323,3.485760400190421,0.30860443957523004
765.0,0.2704860878572708,3.4597687460820072,0.3089295494930081
766.0,2.6045263467631967,3.4820027769418522,0.30895960350277
767.0,1.8047600514385935,3.4743904704215893,0.309248995319077
768.0,0.9001988029499743,3.465227896379766,0.3094495242136813
769.0,4.60227077412603,3.5015728777257094,0.309549546302898
770.0,4.661244176107129,3.503828678799333,0.3100609097222453
771.0,4.199025750369515,3.5008851249786153,0.3105788257418128
772.0,2.819016771069843,3.4884491865550245,0.3110453841585205
773.0,4.188281401190821,3.5026216744578043,0.3113586082441949
774.0,2.515066475752282,3.4872265268353875,0.3118239728443272
775.0,2.753496596122224,3.4898802199991694,0.3121034246749664
776.0,1.1331607869225213,3.4740979480933447,0.3124093687412022
777.0,2.99623913062355,3.4921324483338743,0.3125352754953047
778.0,2.575482410530521,3.488515632049639,0.3128681909542629
779.0,0.8716848539569195,3.4718003997965363,0.31315435566654404
780.0,2.4360036102292537,3.4866982968240645,0.31325120953920593
781.0,2.4003380451789895,3.486598560048604,0.3135218766070092
782.0,4.7469514583058,3.5103012434142284,0.3137885808342513
783.0,3.6177666606417618,3.5007206373566966,0.31431601988517416
784.0,2.5143067988643324,3.4906638726150656,0.3147179939585788
785.0,2.8109841372513538,3.4939049785583323,0.31499736138067486
786.0,2.5552654726302477,3.4918102055827984,0.31530969295148054
787.0,2.2463575190055654,3.489021536429104,0.31559361133732833
788.0,1.1469660032646414,3.4781356624496786,0.3158432066172178
789.0,2.3111851529913383,3.489201099192631,0.31597064728424723
790.0,1.5673771791843583,3.481934338383826,0.3162274456345796
791.0,0.937105576346067,3.475339887253001,0.31640159865448897
792.0,3.1390272681844182,3.4966840825306127,0.3165057214963052
793.0,2.9890808249165435,3.4959102886529965,0.31685450230388124
794.0,0.2666156107899025,3.4693103126287426,0.31718662239553863
795.0,2.346644203131091,3.4890221377919453,0.31721624635229306
796.0,3.7446267323749045,3.503245297445416,0.3174769845970854
797.0,3.824029673620401,3.5051616717871354,0.3178930542340159
798.0,3.782296053606548,3.505902106903496,0.31831794641997374
799.0,2.5486415086268246,3.4946822167400025,0.31873820153704113
800.0,1.4436933400385612,3.4839613135527925,0.31902138392688856
801.0,1.1453764658024244,3.4806140885395647,0.319181794298004
802.0,2.930756130937947,3.4979300981052353,0.3193090583497598
803.0,2.974100042956454,3.4989624858066697,0.31963469791986404
804.0,4.109163889506332,3.510934649805043,0.31996515348019255
805.0,3.8749745629276044,3.5099214517117825,0.32042172724569323
806.0,2.334714179336035,3.4956825688544337,0.3208522799749074
807.0,0.9447426514239132,3.4819653348645936,0.3211116926615003
808.0,2.1011167537363775,3.4928428796037605,0.32121666406721405
809.0,2.771538993513156,3.499605907029365,0.32145012148429586
810.0,2.247395943263245,3.494849444399515,0.3217580702613529
811.0,1.7776323649029302,3.4903055095630156,0.32200778092171545
812.0,2.8161060187123734,3.5005529438834055,0.32220529562892686
813.0,1.8700528232367368,3.4916157635653606,0.3225181962976727
814.0,1.7149173953432826,3.489990976699202,0.322725979944699
815.0,2.889316042879299,3.5015720506802093,0.32291652632195933
816.0,1.997509274838494,3.493237364023775,0.32323756143783483
817.0,2.8051304862229403,3.501332978835903,0.3234595069128169
818.0,2.8415050285651535,3.5022288796316334,0.32377118807795274
819.0,1.0757137486355317,3.4851224411863138,0.32408691085890445
820.0,1.8984485951682348,3.492789527500045,0.32420643460875287
821.0,4.2972211748955775,3.5167499542323624,0.32441737334154935
822.0,1.047400609082141,3.4857362646559547,0.3248948423609822
823.0,-0.14581806121316365,3.473228318595901,0.3250112202064358
824.0,0.17269355844686052,3.4751060418482727,0.32499501819963433
825.0,2.5363874332208365,3.4976658430340333,0.3250142063727951
826.0,2.5386465975408736,3.4981202445336144,0.32529602719870854
827.0,2.352986430718599,3.496694655110708,0.32557809904287976
828.0,4.017737286160627,3.513654505813051,0.3258395419796263
829.0,-0.8410430413786725,3.466423583452142,0.3262859572336441
830.0,2.9949173430385296,3.5030722552489455,0.32619250800682426
831.0,4.451797752254467,3.518374515822443,0.3265252766004952
832.0,1.0902740438853575,3.486398911716305,0.3270199207951901
833.0,2.025241860262631,3.495254513223452,0.3271410623556218
834.0,1.558885103464224,3.4906985530093606,0.3273660892289843
835.0,1.382067442403089,3.4887491888171684,0.32753929868492476
836.0,2.0921724937212,3.495567230879888,0.3276928617340807
837.0,4.28435660460563,3.5176625294408126,0.32792532534449415
838.0,4.7967333443594,3.524337584062358,0.3284013649672281
839.0,2.0800759686998154,3.49902067165131,0.3289343353388236
840.0,4.881325267580587,3.5271498917237656,0.3291654548909014
841.0,2.544470596230781,3.505659498747262,0.329707824365077
842.0,4.692113783376351,3.527519122802887,0.32999054332021377
843.0,2.3833766879331355,3.506161556958385,0.3305118892961445
844.0,2.6638222825576805,3.5092214838779525,0.3307767089281371
845.0,2.956843090803543,3.5125848265487516,0.33107268918175464
846.0,6.4735670992094185,3.5483674540119052,0.331401227302955
847.0,3.5641069685559863,3.5220897699459672,0.3321205125362005
848.0,1.6159193375606704,3.503553709675122,0.3325165244215956
849.0,3.7112473378448225,3.524219809154491,0.3326960710146579
850.0,2.047709328644573,3.5086241476973794,0.333108431829974
851.0,1.8878122713734886,3.507008742170792,0.3333359550887123
852.0,3.635751699865139,3.524378603808818,0.3335457120077538
853.0,2.538856984713941,3.514405713134443,0.3339496844188499
854.0,2.8482198931397575,3.517795543058631,0.33423177963937367
855.0,2.517481527331616,3.514979864103162,0.3345482485163892
856.0,2.9207289082567933,3.51929430111207,0.3348279686860927
857.0,3.0312073717951864,3.520935724547598,0.3351524941203435
858.0,0.0787913341182307,3.492014462115976,0.33548929493943186
859.0,3.333215835761917,3.523304921932564,0.33549804953211165
860.0,1.2724757252121242,3.50351575662267,0.3358684068471963
861.0,0.697126080550736,3.497279074980681,0.33600979303888656
862.0,2.426985945176647,3.5137491763662,0.3360872514922811
863.0,2.6049762541430677,3.5158078745934342,0.3363569165973007
864.0,1.633117294284649,3.506481029474765,0.33664635840331664
865.0,3.538789822084968,3.5253189026946004,0.3368278158804594
866.0,0.8222810420363662,3.499141102765446,0.33722101474957994
867.0,1.9913203140343012,3.510102452773028,0.3373123793098062
868.0,1.7689073313337491,3.5079026825368187,0.33753363712247664
869.0,2.4417659120758257,3.514521898874014,0.3377301823815137
870.0,2.8485803558090486,3.5189110862003097,0.3380014897050777
871.0,1.2401338129705692,3.5034031246798523,0.3383179986335009
872.0,3.4053533468202852,3.524618130784398,0.3384557912793865
873.0,2.5787529604183748,3.517287724847245,0.33883416387347765
874.0,0.1350671833601118,3.493256600327571,0.3391206919801908
875.0,0.051760699503711205,3.491294693494701,0.3391356994450086
876.0,2.484600883838361,3.51446903239491,0.3391414506338423
877.0,2.2237908527670576,3.512260588217548,0.33941751739871323
878.0,2.370724858031708,3.513964278566405,0.3396646052712429
879.0,2.4650219293372277,3.5152351941190387,0.33992801914435755
880.0,2.781949799387726,3.518791244234891,0.34020191046983944
881.0,3.6845620123103746,3.5284015638732926,0.34051101600310474
882.0,1.1111188738530522,3.503812590559723,0.34092041178225035
883.0,1.0350355088740066,3.5025671695203866,0.34104386943490067
884.0,1.133345177640772,3.5030328145099565,0.34115887338033113
885.0,2.8611458339608835,3.5198704094470123,0.3412848006222912
886.0,4.0561842233080565,3.532478256354025,0.34160270571495355
887.0,1.960825702200612,3.512925323000846,0.34205339285087666
888.0,-0.6271248051995681,3.487111488086338,0.3422712623733434
889.0,0.3700089217370306,3.4955293047803058,0.34220158183943233
890.0,1.4587040965049856,3.5055228285699322,0.3422426939418476
891.0,1.8028388906309816,3.5087757989260546,0.3424047721747926
892.0,1.989514215931592,3.5106788496637535,0.3426050876070849
893.0,2.5482264037261464,3.5164239240752515,0.3428261447421884
894.0,2.110317086471941,3.5125555783579263,0.34310928100926913
895.0,3.811674513179259,3.5298008470110407,0.3433437606855438
896.0,1.654978367898289,3.509533956148981,0.343767280075897
897.0,1.4221025506555711,3.507133236671749,0.34395116656121905
898.0,3.098594423150577,3.523686747617141,0.3441091779557363
899.0,0.5804474125923509,3.4993549356308495,0.34445346622497525
900.0,2.9871146316500026,3.5226808082556733,0.34451796038192994
901.0,2.6281914796578336,3.519879777773674,0.3448498620076688
902.0,2.3156968876022908,3.5173083978950705,0.34514188328318635
903.0,4.485345133936578,3.5393573600228825,0.3453991829373644
904.0,1.7222406933816026,3.5134388314647653,0.34589755461891286
905.0,5.075372713155097,3.5469226249142225,0.34608891469595526
906.0,2.218210688464876,3.5204136896551734,0.34665284499741694
907.0,0.9037294437872148,3.507506195654561,0.34689931285169084
908.0,2.5873994762435317,3.523756793395935,0.34699972723433387
909.0,1.1546934996015399,3.509916546123375,0.3472872160650276
910.0,1.5603051902331246,3.5135571170724647,0.3474155153427611
911.0,2.996291625019364,3.5277692024007425,0.34758888258612036
912.0,3.194477610812656,3.530512473691964,0.3479218038777892
913.0,1.7222903746821774,3.5166676937106964,0.34827674583454615
914.0,3.734256431308001,3.536730024352118,0.34846811143173306
915.0,3.9468846975264174,3.5400679734475866,0.3488830288129895
916.0,4.295377195704114,3.5448810871019654,0.3493215715571591
917.0,3.1617667589071528,3.5350729227011826,0.34979883569001513
918.0,4.204285890107124,3.5462923564952633,0.3501501431076715
919.0,0.1490019650324279,3.5071791759354904,0.3506172859843501
920.0,2.102616814214422,3.5255900392361066,0.3506338417582426
921.0,1.4162434295957171,3.5188538203356803,0.35086746584871087
922.0,2.64903232640924,3.530882234879079,0.35102482622977704
923.0,1.7856884760040783,3.5227343314421313,0.3513191631549336
924.0,2.2923026975628344,3.527741237026743,0.3515175729856007
925.0,4.852718600255062,3.553611035376935,0.3517722732853299
926.0,2.287850254474527,3.529835410145073,0.3523114642409138
927.0,3.017240396487767,3.537364316273621,0.3525656698247443
928.0,2.209663337594706,3.529982930916627,0.35290091875768737
929.0,2.5946416099460423,3.5340136355297536,0.353146436906309
930.0,2.5075208505450894,3.5335676778852134,0.3534347304185252
931.0,3.0604050824664495,3.5394653489955656,0.35371334384636355
932.0,3.9566344194339713,3.5491426632445715,0.3540533888555265
933.0,4.559242497004162,3.5564389835092753,0.35449301490213025
934.0,2.8870251023864584,3.54134783164712,0.3549995974017974
935.0,3.2369336075445028,3.5454049056255403,0.35532037796872923
936.0,1.0614193635180413,3.524423492874611,0.35568003725845637
937.0,2.3901540719804744,3.5371118342232846,0.3557979727432917
938.0,3.675361831104486,3.550216277534794,0.3560635454179562
939.0,3.5824607980214416,3.5503478026800765,0.3564719189547456
940.0,2.7645121659938128,3.5431573980640843,0.35686997015452576
941.0,3.6079924494599407,3.55205634341718,0.35717713817296953
942.0,3.1134583862422733,3.5481024331968603,0.3575780262229095
943.0,4.000382822824152,3.5576411535003256,0.3579239660436031
944.0,2.861698946196389,3.5474746478180084,0.3583684530239169
945.0,2.0553771055362065,3.5399015570448227,0.3586864195734943
946.0,2.9198015711662797,3.548527888434385,0.35891479480744276
947.0,-1.1632429698159696,3.5082291698701944,0.359239217204239
948.0,2.978607170481312,3.547614640126242,0.3591099679853706
949.0,-2.060516031518479,3.4978335873214745,0.3594409243376463
950.0,0.34567074074322734,3.519339211621228,0.359211978111922
951.0,3.0647107511762304,3.5455369246775215,0.3592503859720046
952.0,3.096911671583494,3.5465967359927175,0.35959090938880195
953.0,1.0469640248250869,3.526847552845632,0.35993501068564454
954.0,1.6098724476513264,3.5319328593824917,0.3600513400217362
955.0,4.213176235767665,3.5577914195434595,0.36023021473814193
956.0,1.8949623355341547,3.5360773377829005,0.360698345431005
957.0,5.303650390503732,3.5701564697397483,0.3609088968016199
958.0,2.4976001835295674,3.544233089406075,0.36149819128945365
959.0,3.0100452211015836,3.549700524868687,0.3617757024209569
960.0,4.52109299812326,3.5654754173886105,0.3621101518899682
961.0,2.6637838952417745,3.548508775837803,0.36261249555642633
962.0,1.2470700241364985,3.5347593532319,0.3629084715447865
963.0,2.3628406853821375,3.5454446591410087,0.36304703488080164
964.0,2.455486579762386,3.5466140182015526,0.36330957273473297
965.0,0.7940729347480433,3.5303027925880452,0.3635824045769288
966.0,2.180209910823971,3.5434254149092577,0.36367063490301194
967.0,1.5722598825032041,3.5374968789763037,0.36391288044865905
968.0,3.6554471964842925,3.5581016666297325,0.36408757599115943
969.0,2.5432648427315696,3.548070160857999,0.3644937367907688
970.0,2.1465053135655374,3.544480978811485,0.36477632177329455
971.0,2.36727258672178,3.5468173164358396,0.3650148223636907
972.0,2.778902523007708,3.5512046097093037,0.36527785265110424
973.0,3.271017749612225,3.556656173059134,0.3655866195981051
974.0,1.2503597141632734,3.537285111994305,0.3659500660147287
975.0,1.1980154592234102,3.5363201042558314,0.3660889948718579
976.0,3.8808490192531626,3.5626884554416116,0.36622210770066055
977.0,1.9845789097440867,3.544963694336181,0.36665331314724425
978.0,0.7289473842539074,3.5324386723868306,0.36687382191499357
979.0,3.0547658867288807,3.554945911260058,0.36695481606879954
980.0,3.0792122575408585,3.5559187050607965,0.3672942345006583
981.0,0.586605928429117,3.531728785079786,0.3676363691959406
982.0,2.786852144329508,3.552895856318176,0.36770154763243273
983.0,3.419478865535467,3.5597887426583,0.3680111978706916
984.0,2.9679830646328287,3.5562327429217215,0.3683911399668622
985.0,3.2899768547017443,3.5601165532782235,0.3687209158629325
986.0,0.7446636273865637,3.535523069369996,0.36908646884678825
987.0,2.9138001937452445,3.556467266389679,0.3691692092498312
988.0,2.1217253006619416,3.5491802973117546,0.369492964826914
989.0,1.896512301594194,3.5470592507444105,0.3697287120825431
990.0,3.588194511774658,3.563969467447552,0.36993943567160914
991.0,4.349093138342788,3.5726393861177717,0.3703381239506952
992.0,4.742962568250449,3.578102759306268,0.3708213565216222
993.0,4.143509839382381,3.573857909298796,0.3713483523625389
994.0,2.3628322729622706,3.5573985932739136,0.37180874234469247
995.0,2.940900203782929,3.5633910354336815,0.3720712792639105
996.0,3.458528589730305,3.569144477732804,0.3723980459532197
997.0,2.6514724366243274,3.5619717678180334,0.37278232690763413
998.0,2.6634552348894305,3.56247310025974,0.37307693495614797
999.0,3.5296914148452276,3.571524135611138,0.37337287442669126
1000.0,2.425896692467585,3.5614178807239365,0.37376506236167406
1001.0,1.5883913295329233,3.553271449299302,0.3740346064386149
1002.0,1.9819086677051767,3.5569123389772703,0.3742110943641186
1003.0,3.292387972167178,3.5699819660327132,0.3744313064383081
1004.0,2.503741613999945,3.562889886136508,0.3747971273241044
1005.0,2.9252624710854223,3.5673965787240203,0.3750753208367711
1006.0,3.3375990527527373,3.5720771850323594,0.37540035000022504
1007.0,2.031448171377988,3.559827983946128,0.3757711943394198
1008.0,3.4453102045372574,3.5739510666581276,0.37599691080290626
1009.0,2.9735532543229932,3.570112098382395,0.37637972304785483
1010.0,0.9564836413606517,3.550514460272625,0.3767101178538907
1011.0,4.302880988982805,3.583282106634504,0.37681639381404186
1012.0,1.8740690703038547,3.5604169601472,0.3772944917017066
1013.0,0.4311308210185203,3.5458669757826766,0.37750272159840703
1014.0,1.193695363017122,3.552475714447477,0.37755062502296466
1015.0,1.2236935491520975,3.5522627751058806,0.37768325784107765
1016.0,2.565216648321917,3.5651999074893896,0.3778192237909834
1017.0,2.1576868680672034,3.561503442273561,0.3781042478630192
1018.0,2.078960040449259,3.5608385625790215,0.37834399084836
1019.0,3.2746274568530986,3.5728722291049118,0.3785749864084099
1020.0,2.9248442014908798,3.570206387106641,0.3789388339036158
1021.0,2.895059838305358,3.570511873332913,0.3792638165926704
1022.0,3.0122855716608656,3.5722638793842214,0.37958548990803764
1023.0,3.270168335002798,3.575491588284297,0.37992018830488883
1024.0,-0.1349416772218035,3.5422455109787303,0.38028354034211137
1025.0,2.0444521846694235,3.5626995146607907,0.38026854682242006
1026.0,-0.22526258061184246,3.5400610754741324,0.3804957081762722
1027.0,2.545074908497244,3.566404191606349,0.3804706790006487
1028.0,2.4942087847195684,3.566304764636701,0.3807534651015928
1029.0,3.8069153434871,3.579807478577174,0.3810305994110061
1030.0,3.984542990901401,3.5827819936284815,0.3814535900047269
1031.0,2.753468810315459,3.5717646982423914,0.38189631700371596
1032.0,1.8745486532538753,3.563478667251079,0.3822022579826399
1033.0,3.1064513906821722,3.5757463017417006,0.38241054116633477
1034.0,1.840102953344608,3.563811527539296,0.3827557024319661
1035.0,2.498259185695814,3.5703199485416475,0.38296015831567104
1036.0,3.7326703962009598,3.583011441315092,0.3832377426696372
1037.0,1.8027858175132205,3.5648342158876525,0.3836524838247707
1038.0,3.5070982990531263,3.5817735220181386,0.3838527933600499
1039.0,3.346751710865378,3.581143771000182,0.38424247094883357
1040.0,1.3065102285864731,3.5616026731222568,0.3846143322500408
1041.0,3.7173676602717514,3.585282846287567,0.3847595000532171
1042.0,3.3732079317143815,3.5829397956791844,0.3851725409043584
1043.0,2.627407359215822,3.5763503573182405,0.38554734178565997
1044.0,1.5470956774654347,3.5659381965216057,0.38583927593668393
1045.0,1.4259924767805374,3.564439539698126,0.3860111754564023
1046.0,1.827921778871222,3.5681070144461833,0.38616961906493347
1047.0,3.1782430791149503,3.5815234694539564,0.38637272148480806
1048.0,1.3054685407482527,3.563564063843575,0.38672585960470973
1049.0,3.0468903107748373,3.580563585344298,0.38687091166479287
1050.0,0.9478055889020092,3.560264591367306,0.38720945503265675
1051.0,2.2449142694514386,3.5726038674462686,0.38731476676475696
1052.0,2.6370596932175108,3.576725241320808,0.3875642016835849
1053.0,5.556412681323646,3.6063670944578856,0.38785720831616466
1054.0,0.7783554305995408,3.5608642714677106,0.3884745875029784
1055.0,4.340018208112667,3.5957247039647617,0.3885610714397117
1056.0,2.6873030174841,3.5806963754769625,0.3890432956850575
1057.0,3.013964897519954,3.5844033278153486,0.38934188490922245
1058.0,2.6479348917352556,3.5813865362407116,0.3896767698978358
1059.0,3.0559085227440415,3.5858745994237124,0.3899709848858064
1060.0,2.3078936195474777,3.5790576197984754,0.3903105302772224
1061.0,4.317562726821823,3.5993423208511612,0.3905669629016166
1062.0,1.9294110697190971,3.5769127324530805,0.3910466920934857
1063.0,3.9152932152240596,3.5967046923740407,0.39126107110123226
1064.0,1.6945410997337214,3.5756841579439707,0.3916961036807016
1065.0,2.424685191998391,3.5827638274756373,0.3918843860251165
1066.0,1.160046809637226,3.5703645622422573,0.3921537954908941
1067.0,3.0687796504344,3.5889075592273345,0.39228268958085377
1068.0,4.306407446158167,3.6019537310634133,0.3926236650975687
1069.0,2.4033047752239325,3.584363161393335,0.3931021548138085
1070.0,2.253892876620113,3.5830952836625922,0.39336918867772225
1071.0,1.1067287961650916,3.5717585998344825,0.39361962121956895
1072.0,2.213384183059615,3.5822444773900908,0.3937425910858095
1073.0,0.5090071753480905,3.5653317026991402,0.39398852266170503
1074.0,1.3589025166014659,3.57289630313931,0.39404507901452146
1075.0,2.783482557636419,3.5867646879721033,0.3941960681830327
1076.0,4.148766497176745,3.6009471262616763,0.3945053440227701
1077.0,6.011513576536879,3.6209571236433304,0.39496631807801197
1078.0,1.766768643661374,3.5810415061940444,0.3956342640309605
1079.0,4.294125195806799,3.6061431130072465,0.39583057165803404
1080.0,2.80469060050206,3.5926723468042865,0.3963076966797903
1081.0,2.31094044156703,3.588204134396954,0.396619328968735
1082.0,3.0407430646576903,3.5956596875360876,0.3968761001289091
1083.0,2.577395604599949,3.5916454471158175,0.39721396046942664
1084.0,2.6379946570152732,3.5925751942124635,0.39750033775882665
1085.0,1.9895835464666636,3.586453602142697,0.3977934482762728
1086.0,0.7523629252514366,3.57403710164306,0.3980145131147691
1087.0,0.5704684968473981,3.5714051373503457,0.3980981089953526
1088.0,3.316556104101534,3.5979605604073,0.3981614943838912
1089.0,2.1541248873928582,3.587176984864908,0.39853000061768024
1090.0,1.7548888754297918,3.5832867589611204,0.39876934782739054
1091.0,2.510632033403942,3.5907003061119864,0.3989643354802161
1092.0,3.4936653161445346,3.6008699124833274,0.39924329459503877
1093.0,2.7254549287829977,3.5941438381631707,0.39963147963016593
1094.0,1.6799313291987907,3.5841512053152886,0.39993430795558627
1095.0,4.032866194561187,3.607484955934198,0.40012096699216393
1096.0,4.47398187872704,3.613186785472502,0.40056906323600405
1097.0,3.1181958191535664,3.601178773656553,0.4010661723336404
1098.0,3.7170793891801126,3.607844561911567,0.4014126385357686
1099.0,4.052449996017264,3.6122450601686658,0.4018256473567886
1100.0,3.9126241455056423,3.612091306324542,0.4022759195785683
1101.0,3.2676239713907798,3.606781817756148,0.40271065559473557
1102.0,3.2479338088436034,3.6073065335900942,0.4030737249248901
1103.0,3.1495757166831284,3.6070258722701576,0.40343460645920604
1104.0,1.1283279068161955,3.587448653671049,0.4037845593166153
1105.0,3.375903946074482,3.6092868404161393,0.4039099290840393
1106.0,0.8052325360918076,3.5843716669168537,0.404285029522492
1107.0,1.5067506810936813,3.5905578216441927,0.40437449980428
1108.0,4.129456334760109,3.6164183730156343,0.4045419165466237
1109.0,3.5502752033677467,3.611919242080288,0.4050007450282637
1110.0,4.3592478621073285,3.6209210890750283,0.40539522005086015
1111.0,2.1604070203908847,3.6003423827304517,0.4058795809244276
1112.0,1.0596889484040406,3.5893461832289555,0.4061196261489155
1113.0,2.1994535036620713,3.6000711029601145,0.40623736936540483
1114.0,2.6275391215507176,3.6044138492804527,0.40648175308803397
1115.0,2.598735895425012,3.604462049396354,0.4067737018793174
1116.0,3.9171005984458773,3.6179644846633865,0.4070624503121424
1117.0,2.048411968745693,3.600424506853284,0.4074976837119697
1118.0,2.9400430897536554,3.609300881964256,0.4077252850418303
1119.0,1.2642160632067425,3.593069793709386,0.40805195649624737
1120.0,3.0628965975547664,3.6105294559359096,0.4081924249477148
1121.0,2.503885687732046,3.605557395996781,0.40853274679188756
1122.0,1.562733327144353,3.5964085193812103,0.40881095631274667
1123.0,2.205213297281434,3.602507408137734,0.40898459334909604
1124.0,2.269780316855973,3.6032430891525773,0.40922961704879396
1125.0,2.16230608832863,3.602303883306136,0.409481814861778
1126.0,4.714176552834605,3.6278948226422223,0.4097220710938145
1127.0,2.3769424971151505,3.606201093186336,0.41024586848857386
1128.0,2.195129862278328,3.6045706501938937,0.41050997321047555
1129.0,-0.1218136970126773,3.581478111053664,0.4107538765285065
1130.0,1.3822408100256534,3.5951471493851677,0.4107403416732828
1131.0,2.171158219429559,3.6026405493696405,0.4108939239855079
1132.0,1.6426841547791966,3.597468762343142,0.41113516378766674
1133.0,4.227134491722246,3.623098859533475,0.41131768424930887
1134.0,2.293827780754727,3.6051831757304007,0.4117873658595002
1135.0,4.110555311647816,3.6235348026339853,0.4120422356129174
1136.0,2.57713079256296,3.609527714548599,0.41249896398087826
1137.0,2.546534795526971,3.6095685848020693,0.41278531184671857
1138.0,2.3890044403593738,3.608320977622017,0.41306826015733267
1139.0,2.504745314526824,3.609707659619482,0.4133337050951504
1140.0,4.648493753812325,3.6314492678050536,0.4136120101300978
1141.0,-0.39951340843902283,3.5826191922210398,0.41412850943607693
1142.0,-0.0019321805483487609,3.585053679605746,0.4140841190573615
1143.0,1.8210364611798577,3.6020266413649993,0.41408390437063386
1144.0,2.5181598524219613,3.608914523326442,0.4142862417552094
1145.0,3.3626305309550153,3.617720922626708,0.4145660372943674
1146.0,3.091358997534344,3.6158991004782117,0.414939662908918
1147.0,2.0196926088992875,3.6058927031171253,0.41528314724197735
1148.0,3.7738046165522032,3.623464700600874,0.41550755753185503
1149.0,3.7877442539409136,3.6247411744189497,0.41592686915591637
1150.0,2.730072289089457,3.6152953984730014,0.41634772962857647
1151.0,3.7033219656085516,3.6254805836226134,0.41665107099403087
1152.0,2.840806579290161,3.6179167796275635,0.4170625512124318
1153.0,1.7981462165213955,3.607997139663136,0.41737819638790846
1154.0,3.372271048750006,3.623588298505589,0.4175779904119664
1155.0,2.638266403223347,3.617095123034693,0.4179526871951609
1156.0,2.501674808443109,3.6161063429479596,0.4182458279066301
1157.0,4.341191965236968,3.6347925099281566,0.41852379177423493
1158.0,-0.5635901606751084,3.587191001830792,0.41900614643703904
1159.0,0.7278947873005379,3.598454556075665,0.41894352530807516
1160.0,1.0161619670320374,3.6005334759994745,0.4190244025066641
1161.0,2.045924190538993,3.6102294636674963,0.4191373093918899
1162.0,2.1817397877924622,3.6116494229134517,0.4193646343019498
1163.0,0.6158429402836907,3.5961423981142726,0.41960704983392677
1164.0,1.268552459611467,3.601842171176044,0.4196754768272916
1165.0,1.4239479018455372,3.6029996334340733,0.41981642710058176
1166.0,5.571780115094865,3.6441921232145296,0.4199746435341202
1167.0,4.752177434683933,3.6383237290976216,0.42059373021357516
1168.0,1.9853132278941885,3.612431063776059,0.42112174992854
1169.0,2.0455208871165014,3.6130462087330324,0.4213423402871949
1170.0,1.0634950035146322,3.6032827128097127,0.4215696203857634
1171.0,0.11483698346841642,3.593241808790938,0.421687786497265
1172.0,2.353899766989345,3.6144992217614718,0.42170054616209485
1173.0,1.2526850209449678,3.603785599786355,0.4219620905806492
1174.0,2.3939368354224877,3.614805907601839,0.4221012778051986
1175.0,0.4997426886956533,3.596200775662233,0.4223672707869122
1176.0,1.547531927112178,3.605826391271576,0.42242279775232283
1177.0,2.6857838691285387,3.6170354217096268,0.4225947457442242
1178.0,2.957761997229922,3.6203045325847385,0.42289316617412737
1179.0,3.0218399484275182,3.6216605000690363,0.4232218063960418
1180.0,0.8493887698037033,3.6006835660196232,0.4235575663903115
1181.0,3.568357162669452,3.6272494271105717,0.4236519429202897
1182.0,1.499735379247687,3.6076624225438385,0.42404842704947515
1183.0,3.291072393259133,3.625362178178601,0.424215064313836
1184.0,2.4867016542272586,3.6182382705841043,0.42458073902419813
1185.0,0.7795156261525651,3.6015699716282583,0.42485703920800116
1186.0,2.104752869273515,3.614152860335695,0.42494365205535145
1187.0,2.9567046775797095,3.622852332730551,0.4251775134852707
1188.0,3.266206725593249,3.626663938244724,0.425506036227224
1189.0,2.3237651281944767,3.6181424506448217,0.42586894808562326
1190.0,4.414723613251316,3.639352424593807,0.4261271442109782
1191.0,3.759388463733199,3.634411394044285,0.426617669056895
1192.0,2.179182354500309,3.6197862276620496,0.4270353788861987
1193.0,3.4376522651711805,3.632540359829636,0.42727751025892097
1194.0,4.917241856485234,3.6482980504744584,0.42765947162171775
1195.0,4.9506057509787835,3.6505099059947366,0.4282058318279939
1196.0,0.9650001489718782,3.6125242386686685,0.4287558991336582
1197.0,1.3418336110535618,3.6156339087013367,0.4288631213724328
1198.0,4.356148483417313,3.6453734524539048,0.42901221399588324
1199.0,1.1771486864529535,3.615084863341552,0.42949623049404073
1200.0,0.8468235833854012,3.6112668432530777,0.4296270247925355
1201.0,1.8922573366261914,3.6210150306868383,0.42972111630180054
1202.0,3.025283386843232,3.6323143556943145,0.4299313671169812
1203.0,2.3720041167361297,3.626468153989809,0.43026750971551936
1204.0,1.6867954744930098,3.6198860862010607,0.43053106572849004
1205.0,1.6572344228443638,3.619431647722278,0.43071848744787816
1206.0,1.609578669484114,3.6187867083525376,0.430902624605972
1207.0,1.4006129641763219,3.616507865446942,0.4310814666803591
1208.0,5.352041096595077,3.655711257120945,0.43123709034304536
1209.0,2.8718888389819437,3.633089654856141,0.4318317615760004
1210.0,3.608448818005923,3.641044484145857,0.4321508603358873
1211.0,1.8886531648513454,3.624893018130801,0.4325517990934435
1212.0,2.267554153517439,3.6286361814988726,0.43276164944509365
1213.0,1.6080575232870564,3.622240119440089,0.4330135999065956
1214.0,-0.8146354186490026,3.5978007430924785,0.4331922729647386
1215.0,0.7774884039401673,3.611999495204763,0.43310175791822203
1216.0,0.23672665002450666,3.6059061974695634,0.4331881455186598
1217.0,-0.3122297224395094,3.5994100461322924,0.43321444847977364
1218.0,1.0058012821273716,3.6112635043001124,0.43317975628839145
1219.0,4.156194599227039,3.6422974435812807,0.4332915119864056
1220.0,2.444454790369557,3.6267004910692386,0.43375331138631973
1221.0,4.113204702901467,3.6438113235974603,0.43402491747413857
1222.0,3.0137282211260943,3.634284269302748,0.4344819402189054
1223.0,3.4781985321439493,3.639684911329554,0.43481679891014163
1224.0,1.373878755869281,3.6196804870446266,0.4352032654137132
1225.0,3.1549386927408385,3.6371958095132206,0.4353559186088098
1226.0,3.410892792592932,3.6405885977084873,0.43570646735244767
1227.0,1.779190884707884,3.6252554982618985,0.4360854554405135
1228.0,3.1994254632702077,3.639405367438373,0.4362831433165922
1229.0,3.207734698218541,3.6403337231689457,0.4366386350347333
1230.0,1.8130592235873966,3.627227436477515,0.43699505000120203
1231.0,1.0965394596612563,3.6200178139905925,0.43719650102604507
1232.0,1.0198395851271598,3.618763436605124,0.43731833874378523
1233.0,2.608131927401827,3.6341256055013162,0.4374316542532438
1234.0,2.9087623359866437,3.637622935632857,0.4377214466896218
1235.0,1.5093427119276068,3.6243047972982794,0.43804464250473146
1236.0,2.5332316766576235,3.63433472952243,0.4382123472505012
1237.0,3.213171295173107,3.641577025775448,0.4384938174367965
1238.0,3.2727383933316263,3.643039519583872,0.4388508364695935
1239.0,4.439850150153111,3.6556043279990207,0.43921447406885256
1240.0,4.096226040247554,3.6537831386107835,0.4397077907522029
1241.0,1.24838570905432,3.6266800224505507,0.4401629269788971
1242.0,4.604482761922528,3.6598099380749587,0.44030163650212534
1243.0,1.8362793693053565,3.633816586461035,0.4408132456978945
1244.0,3.8060910155680343,3.6534412590304606,0.44101727673892843
1245.0,2.584983282563861,3.642400162276265,0.4414401757406582
1246.0,1.9848132769287905,3.636786743518169,0.4417273961053875
1247.0,0.24037892528133398,3.6193531587196537,0.4419479309139352
1248.0,2.285544362229565,3.6387270972677457,0.4419746396834109
1249.0,0.5507709558679887,3.621610947030459,0.44222858905699197
1250.0,3.7091240448034655,3.6523393004526867,0.44228978582986617
1251.0,4.395990821424061,3.6603561896631174,0.4427019107237332
1252.0,1.5038612633791373,3.632998610371609,0.4431903541483359
1253.0,2.877463428149089,3.6464607307030303,0.44335744984426695
1254.0,1.5932605974900307,3.6342177888878338,0.4436771680029502
1255.0,1.7143940873290129,3.6352173852615604,0.44385419695822687
1256.0,3.468118379831714,3.652628846469281,0.44404468519015233
1257.0,2.4518271726957344,3.6434487682792476,0.4444300316768003
1258.0,4.6745600524137645,3.66600899609046,0.4447024569182109
1259.0,1.8972094016213488,3.639962823065801,0.44522185247959023
1260.0,3.7491704155931114,3.658441231134738,0.44543265352421485
1261.0,2.6217667661972275,3.6482949282984594,0.4458492280148363
1262.0,3.4947225121802914,3.6574301483226415,0.4461405354333026
1263.0,1.9410529283375666,3.642845596145093,0.446528837934656
1264.0,2.4380514530605217,3.6477815811977226,0.44674451048224906
1265.0,2.3556264008763317,3.647242159554678,0.4470154050881447
1266.0,1.454928606442766,3.638469339646694,0.4472771413549087
1267.0,3.3276019182271908,3.656867082287073,0.4474388000889579
1268.0,3.3128112569729553,3.6575775203111083,0.4478085336354276
1269.0,3.2419433686319583,3.657708216607592,0.44817662377509127
1270.0,4.421207067397056,3.6702865051240963,0.44853683970493924
1271.0,4.311681001545379,3.670708606759263,0.44902808493465
1272.0,2.031319137688581,3.649331975378625,0.4495071606014884
1273.0,2.966315398042723,3.6586583595792477,0.4497328627278982
1274.0,1.7204991384272341,3.6467704407501507,0.45006245332768074
1275.0,2.5291941451431943,3.654642115694735,0.4502536198986171
1276.0,1.7503131886014192,3.6471561239481014,0.4505346414702997
1277.0,4.525087886420064,3.6747190244757704,0.45072912071347765
1278.0,2.9546226879287034,3.6605805275099375,0.45123190825641324
1279.0,2.2274635898694726,3.6538673098192382,0.4515601996661831
1280.0,3.9920232148204713,3.671611430909019,0.45180769562061307
1281.0,-0.21326926224426446,3.630769084751582,0.4522512537555931
1282.0,-0.01762824358161197,3.631281878271295,0.4522275571708993
1283.0,3.494798319024717,3.665118806417845,0.45222559847716803
1284.0,2.57558556014671,3.656873491615771,0.4526139094015041
1285.0,2.813057875325951,3.6596070833748264,0.45290008557485373
1286.0,0.842004870851814,3.6404041771113134,0.45321264756100105
1287.0,2.4709578614370424,3.6559616497956946,0.45330620365776236
1288.0,5.004386763001678,3.6816058888355156,0.45358075453125535
1289.0,3.5302495247448284,3.6687645303805896,0.4541367975049222
1290.0,2.712133181428515,3.6615295820621916,0.4545290474521161
1291.0,1.9511826123688278,3.6543419735298106,0.4548303955833859
1292.0,2.0067839351632575,3.6548412195227145,0.4550471936514269
1293.0,-0.16149736150002214,3.6331441623770617,0.4552701696442228
1294.0,2.822050526151451,3.661611747989986,0.45525222549294503
1295.0,3.5568538856023175,3.6694956091229947,0.4555657866625174
1296.0,0.530475841036731,3.6402249873954537,0.45596099264980655
1297.0,1.67322888461648,3.6507347165983717,0.4560199344099217
1298.0,1.0531692097082224,3.6443566207391536,0.4562058487304347
1299.0,1.2933110064890456,3.64620092413009,0.45632286753151335
1300.0,2.5668520335273755,3.658546260310392,0.45646656875445657
1301.0,-0.10550269373559296,3.632244837588618,0.4567517745359596
1302.0,3.26783804794633,3.6647216818073565,0.4567400520144334
1303.0,3.442318837417103,3.667355528247644,0.4571031451308719
1304.0,2.1861217649538593,3.6557812308749607,0.45748562500169604
1305.0,-0.600885637480677,3.6280980861031797,0.45772852742002423
1306.0,1.254476717497013,3.6450923371769233,0.45766176234919304
1307.0,4.0411274176283705,3.672598191235514,0.45780114865113714
1308.0,-0.9724928509107156,3.6238619173207574,0.4582501628086514
1309.0,2.065595734758101,3.6524765611714325,0.4581421080474391
1310.0,1.0249990269159261,3.6422487580325122,0.45837161868463444
1311.0,3.505712876981046,3.666583120331345,0.4584855074654029
1312.0,1.6561075598206734,3.6491847369832615,0.4588750311184008
1313.0,3.0049425259195144,3.6625950903558873,0.45905904306949197
1314.0,3.206825523961366,3.6653889119153846,0.45939292557237194
1315.0,4.795282299662524,3.682166003100456,0.45974923951947877
1316.0,2.246322570405787,3.658554336763802,0.4602820486638857
1317.0,2.970055462028264,3.6660409506807943,0.4605316400605975
1318.0,0.6436806510907052,3.6434815767556263,0.4608616462230451
1319.0,3.98801695411718,3.6761622621778884,0.4609331662953885
1320.0,1.5493639399107941,3.653131148216084,0.4613762792902904
1321.0,1.799057294890318,3.6554338599153833,0.46154843083916935
1322.0,2.4721902564384868,3.662136888809943,0.46174832609415717
1323.0,0.5463945683251881,3.6432790856636643,0.4620230139004281
1324.0,2.7859625361611724,3.664864764718684,0.4620837244080198
1325.0,3.7093328411562636,3.674714167444076,0.4623932758009266
1326.0,2.8661672793716146,3.6674715607144153,0.4628054238943884
1327.0,0.5138780447765936,3.64459214278288,0.46312388692542966
1328.0,2.3452383820879255,3.6620670092416794,0.4631809844859604
1329.0,3.4275361287243635,3.6732214341157707,0.4634415665284146
1330.0,0.15251404254261525,3.641481049619653,0.46382240387605067
1331.0,1.1565424827278576,3.6504631236400815,0.46383934988077763
1332.0,3.5956795051019,3.6744513805250194,0.4639678546010807
1333.0,2.8376192927466084,3.6680108659962967,0.464367374546092
1334.0,3.0149644776584426,3.6704329576169616,0.4646826655786194
1335.0,4.8243685095291395,3.6892803077850322,0.46501766163169256
1336.0,3.085690973132753,3.6737736283991933,0.4655537025771958
1337.0,3.3223600130414743,3.676900273960596,0.46589655712976613
1338.0,5.888431909022907,3.7034611481086386,0.46626570824232627
1339.0,2.2327443023868865,3.6694036312597595,0.46691997845443994
1340.0,1.5026465454768811,3.6622680362011817,0.46716806115470516
1341.0,3.034745497808916,3.6772995182656443,0.4673350218819804
1342.0,3.0487387867361186,3.678122801103118,0.4676722158261814
1343.0,1.8416057600672397,3.6667370917654494,0.4680109645802632
1344.0,1.2095037255564405,3.6603378080147255,0.4682155874424929
1345.0,5.387305527612598,3.7016486479622515,0.4683499767453325
1346.0,2.9085543379850285,3.6790300317874505,0.4689485662484006
1347.0,1.5846432732474054,3.6663705224135517,0.46927173895262114
1348.0,3.644912877849498,3.686717773865895,0.4694478104274264
1349.0,2.363568560548332,3.6749526423017542,0.46985280074718744
1350.0,2.1838981921027107,3.673387187431176,0.4701154194761373
1351.0,3.2028410898931163,3.6836972392729335,0.4703580748308154
1352.0,0.8851471647103875,3.661284366204297,0.47071394606302575
1353.0,2.9407840048964653,3.6811428166969953,0.47081229574799355
1354.0,4.89119350966469,3.701258052943274,0.47113904952631536
1355.0,3.0827220777466384,3.6850031479675462,0.47168251547183365
1356.0,2.0297348702706692,3.6751408366687914,0.4720250401471388
1357.0,1.8661183994646975,3.673505714984066,0.47225056624383555
1358.0,1.9870750333186133,3.6746201946194104,0.47245791273266496
1359.0,2.1825466524402737,3.676563966251561,0.47267869884747815
1360.0,2.02774183405216,3.6751342436147407,0.4729212040310826
1361.0,3.6453893013432084,3.691336095542742,0.47314650867931063
1362.0,0.3334886209887711,3.6592632846423054,0.4735515519350154
1363.0,3.5775000630151674,3.6906585587442198,0.4735886062262364
1364.0,2.0253918435717986,3.67615372866403,0.47398610623323806
1365.0,2.971184732119215,3.685641462056981,0.4742111497714127
1366.0,1.0912651122489203,3.6674712176950863,0.47454128140831486
1367.0,4.160788833561795,3.6976105001737065,0.47466253308745365
1368.0,4.057043700214841,3.6979595550499,0.4751248429578494
1369.0,3.699488157187592,3.695685915058992,0.4755756255912066
1370.0,0.6065565302580758,3.6658164004784277,0.4759866798308941
1371.0,3.536401338832566,3.6942209130916286,0.4760540750009228
1372.0,3.0060688595446363,3.6898850022895417,0.4764470084830153
1373.0,0.4934109410842904,3.665381566954822,0.4767810161340758
1374.0,2.4696282702864805,3.6841853120586343,0.47683583957197406
1375.0,2.955668111291578,3.6893514380197905,0.477110242713117
1376.0,3.1950940922789384,3.6923570260498386,0.4774386502810383
1377.0,2.7215767086860696,3.6883783916399278,0.477793660735736
1378.0,2.864039271059225,3.6902548037794425,0.4780960581478122
1379.0,4.342014240316369,3.7055737673703355,0.47841428473348546
1380.0,4.03254238738835,3.7039420240852934,0.4788967307601873
1381.0,-1.0838186922284292,3.6540266037077833,0.4793447910254527
1382.0,2.1032018064528977,3.683918387038465,0.4792243667263162
1383.0,2.2941862155700607,3.6858927625978968,0.47945805581592205
1384.0,0.30987678409128616,3.6662392225165954,0.47971296539542985
1385.0,2.61772882279039,3.688265128296692,0.47974739614921774
1386.0,4.060947215513133,3.7031184916904283,0.48003825490730556
1387.0,1.141790175511762,3.6752519328483264,0.4804894712645848
1388.0,2.9205011733623403,3.692514116533553,0.48061633683964167
1389.0,1.3552206533794529,3.677468375608247,0.4809408369700153
1390.0,1.6601099704004039,3.6801371495461126,0.481091417042613
1391.0,4.346742042712544,3.7068278593766104,0.4812758737059908
1392.0,1.8218027248602189,3.6830978404969668,0.48175884504406996
1393.0,3.0777656112632807,3.6955705294753853,0.48196126756905444
1394.0,0.1609773549237663,3.6671115181658114,0.48230324152586146
1395.0,4.8278969517436,3.712652521681347,0.48232112789863074
1396.0,3.2533155578831234,3.698733699775126,0.4828575608932689
1397.0,2.271875196687173,3.6897305170519332,0.4832190403997004
1398.0,3.2194331374998684,3.6993927126350563,0.4834714709771101
1399.0,0.7377257138152371,3.6753595773734418,0.4838291857701656
1400.0,3.9781634271908217,3.706982535457698,0.48391115529392287
1401.0,2.0950190306294623,3.689423554884784,0.4843531734524996
1402.0,2.2449131061894567,3.6909960172865452,0.48458595334479176
1403.0,1.8854304812931444,3.687573668230618,0.4848353881343684
1404.0,1.774185746568019,3.6864111866477187,0.4850448804100676
1405.0,3.368338264535511,3.702240006969835,0.48524201215968626
1406.0,2.8198835626302787,3.6976511955605735,0.48561627196685686
1407.0,3.3146851767538,3.7031403424327562,0.48592959236270467
1408.0,2.4890066381430356,3.695731293298698,0.4862978907156773
1409.0,3.1414997638464763,3.7025764236752723,0.4865744470088043
1410.0,1.976439070093702,3.6916557560835828,0.4869235025381206
1411.0,5.287164801761936,3.724754731309908,0.4871431068792421
1412.0,0.5400869794618768,3.6793593864975422,0.48773056963499345
1413.0,4.076171654453731,3.7137851160842734,0.4877905792993781
1414.0,4.209884313401213,3.716429587387252,0.48824348726098404
1415.0,1.4348014925430077,3.690052160478484,0.4887112521846953
1416.0,5.286592013194967,3.7281833935652338,0.4888706745727556
1417.0,3.744362853681648,3.7148049349564265,0.48945807368533284
1418.0,3.7139237585286393,3.715545469585967,0.4898741140024086
1419.0,2.535027733782346,3.7047697936101147,0.49028677219780065
1420.0,2.2284673022266546,3.7019659471770296,0.4905684419459987
1421.0,2.23823896620049,3.7021352158714613,0.49081604942402385
1422.0,2.9881632453993965,3.7097177783070596,0.49106474264249056
1423.0,4.25148284379237,3.7229101870774475,0.49139676078086825
1424.0,2.7266427723267745,3.709010163217762,0.49186914776351187
1425.0,1.3606954710783872,3.6957242992963137,0.49217210807154815
1426.0,3.5305338279812246,3.7169393914556417,0.4923232964572235
1427.0,3.6514384329934906,3.7190425344452267,0.4927155779936659
1428.0,3.3183244105597325,3.716671718847106,0.4931212933751096
1429.0,3.4318736331562283,3.718547752982426,0.493489996087394
1430.0,2.16133983730274,3.7066475738598452,0.4938713153799669
1431.0,1.3387635410867755,3.6984220343697163,0.49411146425077834
1432.0,1.4147582116990252,3.6986732776210536,0.4942602157553435
1433.0,0.45567093942767745,3.688637912473179,0.49441741111219895
1434.0,2.7961857644324373,3.7110120167565483,0.4944680412165798
1435.0,2.395689020966758,3.7074704315405853,0.49477872852373894
1436.0,1.950015369337864,3.7032238692703188,0.4950449161927353
1437.0,-1.1945235304313373,3.671711798988286,0.4952615845671062
1438.0,0.9408531628822889,3.691033786862134,0.49512885973039156
1439.0,3.9010508142539586,3.719987920199826,0.49523339897071184
1440.0,1.6692174999210863,3.6988972365288064,0.4956668490611845
1441.0,2.9507395970710517,3.711523149237985,0.4958523176722869
1442.0,0.7616432125309296,3.6902566321788024,0.496180177627517
1443.0,4.2983818529490385,3.7248695345390406,0.49626480465113154
1444.0,2.3199654249316546,3.706570040292573,0.4967424026347925
1445.0,2.862550495604419,3.7122177870260193,0.49700017657089607
1446.0,5.407224739852106,3.7382289237037267,0.49731823773707434
1447.0,4.395550125736754,3.7302688819675573,0.4979190404859468
1448.0,2.1167929733911777,3.7089695660499995,0.498407434944362
1449.0,1.758474768912051,3.705423828806946,0.4986426341636277
1450.0,2.0930687356005855,3.708588339341062,0.4988380202490624
1451.0,3.1373728105956697,3.7190698262992856,0.4990705834419069
1452.0,2.368469832186411,3.712080259935961,0.499419180420862
1453.0,2.0059448187456606,3.7086655639551944,0.4996823437355494
1454.0,4.333976563386303,3.7319315928344556,0.4999052264931878
1455.0,2.357237635277704,3.7136173339417375,0.5003867794446751
1456.0,5.374486366296649,3.7439822507128593,0.5006486947374837
1457.0,2.613428204690216,3.718460238471728,0.5012458598892945
1458.0,4.731647992780909,3.7399665921961187,0.5015362408009267
1459.0,2.9466492783882834,3.7237706269463047,0.5020619794667913
1460.0,3.70370071656181,3.7318514454703204,0.5023893849421678
1461.0,1.5942361856028444,3.711739680753467,0.5028009072440079
1462.0,1.4328009717657353,3.7097735370664857,0.5029780445979638
1463.0,3.0746324437687345,3.725752405545583,0.5031372447059378
1464.0,3.7356915530816437,3.73296881966037,0.5034788705330232
1465.0,2.5503206275005788,3.7221313835397334,0.5038939473722545
1466.0,0.8920083311453786,3.705808928619224,0.5041773163308656
1467.0,0.7996770421383412,3.7041080129413335,0.5042764283676595
1468.0,0.7160794972671987,3.7024578832153834,0.5043652813723416
1469.0,0.2904723588257738,3.697357084733878,0.5044448457609269
1470.0,2.6368566993088596,3.719731427030464,0.5044771204674631
1471.0,3.9063049021350316,3.7328351970063416,0.504770104545164
1472.0,2.483230266343989,3.7198088924983144,0.505204138423179
1473.0,-0.32551844667231533,3.69201694729551,0.5054800528972172
1474.0,2.261549424581814,3.716421800318784,0.5054438841809202
1475.0,2.2965012542092413,3.7169621681788967,0.5056951674503182
1476.0,5.119998437781799,3.7454124870536667,0.5059503342563414
1477.0,0.6785776088505546,3.7029872555480283,0.5065192229716505
1478.0,2.0116529967510055,3.7154895983268,0.506594620483745
1479.0,4.632315850680705,3.741725854433619,0.506818137483384
1480.0,3.062472926683185,3.72770691121827,0.5073328392445707
1481.0,3.204141341895531,3.7297931490472878,0.5076731140142022
1482.0,2.643230546279848,3.724936392038781,0.5080291297188573
1483.0,2.912429423321581,3.7280212309956218,0.5083228220017773
1484.0,3.4720119128481697,3.7341779481966184,0.5086464252710352
1485.0,1.4881421013840421,3.715247277668171,0.5090322043724628
1486.0,3.5975732236352496,3.7359945355225346,0.5091975534948388
1487.0,0.7837462288930761,3.708845670939806,0.5095972838530205
1488.0,2.9104599660394226,3.7293248684188516,0.509684366767342
1489.0,2.723426204107909,3.7280220369749033,0.510007751208013
1490.0,1.729633639759865,3.718530116777851,0.5103103541195806
1491.0,2.4716434058429417,3.725770818374717,0.5105025356351095
1492.0,1.7218248091680586,3.718568503626582,0.5107771626802031
1493.0,1.1603733414228197,3.712780245719898,0.5109684765478885
1494.0,2.0579815729829445,3.7212398346277884,0.5110974069191576
1495.0,1.1200142057854232,3.7119226299456476,0.511326071538378
1496.0,2.90349683011656,3.7292363626261613,0.511450517561243
1497.0,1.0623931323095457,3.7114389302802477,0.5117731283201449
1498.0,3.3899712787388143,3.7341677408783385,0.5118911720015126
1499.0,1.0231511650889749,3.7114290417677136,0.512267835476928
1500.0,1.7921313555237421,3.718551993121062,0.5123815189397156
1501.0,1.7192457397310261,3.717755183979041,0.5125806446458849
1502.0,4.156433411093548,3.7420204358249944,0.5127716719502995
1503.0,2.9128624320207397,3.7310149728444904,0.5132334978848654
1504.0,2.235332746819507,3.724868905161852,0.513557149266201
1505.0,3.1233993013371544,3.7339479166478924,0.5138055195714032
1506.0,-0.1339904341621101,3.702131794776691,0.5141525639382184
1507.0,2.4460830129488658,3.726638402843709,0.5141376761122004
1508.0,4.996892722255954,3.7525010634170437,0.5144094631136392
1509.0,2.6654331330033405,3.7311406245979617,0.5149646734161121
1510.0,2.5848914614616696,3.7307961204699787,0.5152608326531124
1511.0,3.1851604745527453,3.7372066298664643,0.515548042815497
1512.0,3.619506554142932,3.742332978328192,0.5159019495348918
1513.0,0.003166633887675463,3.7072165074891945,0.5163041169297965
1514.0,0.39709189776121656,3.7099204097267,0.5163044687780063
1515.0,2.7628641138576833,3.7326189652667017,0.5163485900999798
1516.0,1.6064042976281128,3.721603226607302,0.5166555750015196
1517.0,4.140031577774893,3.746758361493546,0.5168340643679227
1518.0,2.10603201264347,3.727836025004162,0.5172940678765643
1519.0,0.08183658035860253,3.707715036349958,0.5175280714335246
1520.0,0.9149826039450037,3.714901070166382,0.5175371643868978
1521.0,-0.9370950245382192,3.695784637163021,0.5176388291206695
1522.0,2.2073430783963595,3.725487963016318,0.5175347074512764
1523.0,2.2645198409195206,3.7263292687549434,0.5177799677933205
1524.0,1.9694216127726278,3.723683897746447,0.5180315811089782
1525.0,3.8485987987871733,3.742595660595162,0.5182504057326196
1526.0,3.998149795645867,3.7453931770162288,0.5186780278213737
1527.0,2.287014470804861,3.729658750481826,0.5191222666875566
1528.0,-0.16836708434607006,3.7053881102339448,0.5193763794065349
1529.0,3.271601975615323,3.7385306597223225,0.5193576719527186
1530.0,3.1942002856357194,3.738686567851767,0.5197211832833426
1531.0,2.8867394626961813,3.7364813785706166,0.5200760944261911
1532.0,3.726849686635145,3.74554826727471,0.5203968432553795
1533.0,1.0439648794237,3.71990544471987,0.5208109376650056
1534.0,5.010944232731424,3.7590615201475086,0.5209269337627194
1535.0,1.300715308572665,3.723949638605431,0.521483705344134
1536.0,3.436528659001068,3.7449389902964425,0.5216282292673088
1537.0,0.3908153819833107,3.7154657344174287,0.5220100657849756
1538.0,1.3371691409124364,3.7239896638362606,0.522053489716307
1539.0,4.39546080840667,3.754249890746254,0.5222020640652973
1540.0,2.1738752212489376,3.733641750010834,0.5226904485995647
1541.0,3.5499032564159974,3.7475916230476405,0.5229319902908146
1542.0,2.7961942358990575,3.7411096666002,0.523326423985972
1543.0,2.368802304999784,3.737404145154403,0.5236371122344052
1544.0,4.204812906165862,3.756059769067859,0.5239003124905163
1545.0,2.2041764691851244,3.737501246546053,0.5243675139245347
1546.0,0.27407736554566187,3.7183718953801437,0.5246124224211108
1547.0,1.4959498850603685,3.7295540898149344,0.524642875461727
1548.0,3.1889896608771178,3.7462397362914883,0.5248090921156227
1549.0,2.9943863829531354,3.7451215051954914,0.5251634243001646
1550.0,0.5411771872057023,3.721285491845679,0.5254961338982705
1551.0,1.5945718507397486,3.7309692015069182,0.5255562646968489
1552.0,1.7728483134971917,3.7325842047830147,0.5257334393469311
1553.0,2.0431630073572187,3.735240196040689,0.5259304224928752
1554.0,0.7801080142480608,3.7227385418841563,0.5261574406048038
1555.0,1.7145361148506517,3.7314223861110922,0.5262441192730536
1556.0,1.5892368934255907,3.7301129559903776,0.5264346232858148
1557.0,3.4644165747023994,3.74873609864279,0.5266112051628621
1558.0,3.5114016387378046,3.7502615160683743,0.526996140337829
1559.0,2.31773692738898,3.739395637277734,0.5273862960754666
1560.0,2.0099502551615855,3.736625162028089,0.527643822400732
1561.0,2.6749053900488917,3.7433887887304276,0.5278671502068611
1562.0,1.4792811156805312,3.7319672068435814,0.5281643619168666
1563.0,1.066459897290699,3.7276190600884958,0.5283287264852755
1564.0,1.3247234888428538,3.7297323100191537,0.528447222029419
1565.0,1.7064835450356792,3.7332566652659165,0.5285944135281793
1566.0,1.0456577502596611,3.7266054156030255,0.528784022810961
1567.0,2.702574448828593,3.7427229841430845,0.5289002070054344
1568.0,3.4121445922296356,3.7504202016130748,0.5292004930553043
1569.0,0.5161271240021978,3.7225006820931363,0.5295796202322186
1570.0,2.5314108890200417,3.741863004478932,0.5296369676904411
1571.0,2.2250802559170806,3.739293474406228,0.5299182355669989
1572.0,2.926885856921004,3.7466090438499324,0.5301654667065453
1573.0,2.483826539870515,3.74291589722349,0.5304906762462032
1574.0,0.6830009000854615,3.725358571368687,0.5307666569728554
1575.0,0.9220133764285432,3.7270665832009895,0.5308425459617538
1576.0,2.536779469481216,3.742699917376933,0.5309449918924681
1577.0,3.7859761496818867,3.755705279679836,0.5312268562779661
1578.0,-0.26773421380375373,3.7164608017320333,0.5316475202945974
1579.0,2.932158224751975,3.7471900280104404,0.5316177720486192
1580.0,3.9870275066095537,3.7585053434060662,0.5319435674069249
1581.0,2.3087176547422334,3.74314145196202,0.5323865704632149
1582.0,3.187753120033051,3.752276739626931,0.5326430946470752
1583.0,1.6211636488777472,3.7375060931077955,0.5329972894381899
1584.0,2.350792250903904,3.744703327700573,0.5331774187325097
1585.0,0.4738581021148107,3.7262998258567572,0.533438617871499
1586.0,-0.4304291355235925,3.7164436041268347,0.533491268771734
1587.0,3.678457251531594,3.756172015731379,0.5334434433122314
1588.0,1.2687563403444477,3.733322800751277,0.5338521607846237
1589.0,1.930590193745712,3.739658765059802,0.5339931337113286
1590.0,0.7669471834122585,3.728165404404339,0.5342076437328559
1591.0,0.7375378711451552,3.727286522760444,0.5342928600865684
1592.0,2.2827028748817297,3.742150618788305,0.5343748087389179
1593.0,1.5880285073304419,3.735601409242613,0.5346284423916825
1594.0,2.9724637474933733,3.749404706363664,0.5348048900036081
1595.0,3.06567302372449,3.751169778411755,0.5351351637533296
1596.0,2.901062057905759,3.750404327680358,0.535475794089299
1597.0,2.7982509886605547,3.7501420019540825,0.5357981343179552
1598.0,4.472210256164858,3.7675735026054467,0.536109051094473
1599.0,1.1655077886938925,3.736240746546018,0.536605963345158
1600.0,2.4313314172463527,3.7485314046867013,0.5367354642105684
1601.0,3.915862275649486,3.7638153066656215,0.537005612145818
1602.0,4.080674761672546,3.766830413280521,0.5374407079542235
1603.0,0.7227954383192838,3.7347018216557695,0.537894116261076
1604.0,2.109555697930163,3.747891245147172,0.5379744268653337
1605.0,4.197651369834076,3.768982093156374,0.5382088219428814
1606.0,3.1350988814988314,3.7598779957303834,0.5386752276506408
1607.0,2.744078789349716,3.756799693833962,0.5390235719708073
1608.0,2.227894133206679,3.7522144957816277,0.5393284696140683
1609.0,2.020248842865318,3.7503857122381743,0.5395760134066468
1610.0,2.8602738288629053,3.7589043647940708,0.5398004855002986
1611.0,2.184532343769396,3.752795804689325,0.5401182937035056
1612.0,2.4467767236944447,3.755636686514632,0.54036101951948
1613.0,2.5982483826437965,3.75753595492512,0.5406328835998905
1614.0,1.652410589383126,3.7485556565607725,0.5409215778646287
1615.0,3.165161717351798,3.7635645779094173,0.5411051790412268
1616.0,6.142805810519274,3.794179404194923,0.5414568636764882
1617.0,0.27876670084240596,3.7382357240308774,0.5421393976554347
1618.0,2.9050156552374746,3.7634714616127205,0.5421703717333061
1619.0,1.5497623892263679,3.7505649672742147,0.5424931512505546
1620.0,3.2217532218990623,3.7670744639029206,0.5426653470715798
1621.0,2.558196841659826,3.761287300054541,0.5430233196517907
1622.0,3.4523184675530794,3.770650683118877,0.5433075637453085
1623.0,3.9693832206359745,3.776802556467733,0.5436911546861478
1624.0,2.7405263972102265,3.765807374647398,0.5441321972662185
1625.0,3.9150653605177226,3.778057202182595,0.5444367001992418
1626.0,-0.4303723672358468,3.735841005437665,0.5448717074615216
1627.0,4.488065372395029,3.7835203845075456,0.5448238883096065
1628.0,2.9688276898654253,3.769943096954486,0.5453225622398726
1629.0,3.8473041946814774,3.779365889886335,0.545652431983191
1630.0,0.9751553189480979,3.7518280214563515,0.5460799102270445
1631.0,1.4615376479933304,3.756057772404619,0.5461882608180387
1632.0,2.682422867680968,3.7679558336670844,0.546350653890038
1633.0,2.4787026383281714,3.766385839950874,0.5466487008753359
1634.0,2.853835735012487,3.7704740572250035,0.5469241122795946
1635.0,3.855643951162458,3.781064321494357,0.5472412051390404
1636.0,0.2934746058714386,3.7466389470041337,0.5476696100225029
1637.0,3.7172738396466363,3.779822329609072,0.5477022183120442
1638.0,2.510352387447409,3.7688725145359454,0.5481152487386717
1639.0,2.2452726735943154,3.766569272395419,0.5483941767817214
1640.0,0.6611059570188871,3.7509086457396523,0.5486436515232319
1641.0,3.1288108354710813,3.774775671471303,0.5487171077406785
1642.0,-0.5176348137887965,3.7390706828705627,0.5490647533890641
1643.0,3.310492514048391,3.775815536853655,0.5490072384097543
1644.0,0.6348677056587602,3.749959250096827,0.5493750709113152
1645.0,2.5668223907718426,3.7684891732600625,0.5494456117674995
1646.0,2.3510389533400993,3.766774382036467,0.5497308142553631
1647.0,3.9619226841173547,3.783188417350132,0.5499920408057342
1648.0,2.2766810387326375,3.767652022374137,0.5504322544373027
1649.0,1.632326798567918,3.761448555193455,0.5506852189971619
1650.0,1.8667466300359963,3.763630013718668,0.5508665886414472
1651.0,4.091103460943329,3.7858668306727203,0.5510740049336734
1652.0,3.170371211476117,3.7780543259298005,0.5515285719848894
1653.0,2.0179625230960485,3.7673273458754735,0.5518808354528312
1654.0,2.2044419750443582,3.769257395099641,0.552105053510953
1655.0,0.5410286367681914,3.7528103247361657,0.5523499915081801
1656.0,2.9855927510644262,3.776401873868884,0.5524101058011543
1657.0,0.30023036538066794,3.7502496896702544,0.5527418383290504
1658.0,3.43974558229432,3.7806542169614508,0.5527751972585372
1659.0,2.660776990614082,3.7738678742645524,0.5531573912121255
1660.0,5.483689749467403,3.802598679892392,0.5534530330999715
1661.0,1.1248305578446178,3.7612793997284224,0.5540623319610235
1662.0,2.371672386199209,3.7732460711850324,0.5541873131341174
1663.0,4.747859626153828,3.797303846459778,0.5544508322881395
1664.0,3.989237050364268,3.791504876320732,0.5549783722466011
1665.0,1.6297349355251254,3.7691940172876865,0.5554216208077527
1666.0,2.7799592854668096,3.780482422467652,0.5556027024672555
1667.0,2.502499195518859,3.778225924666846,0.5559115868323073
1668.0,2.8524448342426965,3.7820660377599684,0.5561896422984761
1669.0,1.6266494550189627,3.7703682537891736,0.556506580613392
1670.0,2.3883494966240817,3.777772216286479,0.5566873194417274
1671.0,0.5024345309041078,3.7591881603172297,0.556952691608019
1672.0,2.6689043148351024,3.7799457886635826,0.5570085176670083
1673.0,3.06252584177729,3.7843571965319796,0.5573050625908789
1674.0,2.215725734195145,3.776608566592557,0.5576453432399652
1675.0,0.48118638676901515,3.759443956884521,0.5578915349882091
1676.0,3.735664828564328,3.7910839671078915,0.5579450001422945
1677.0,2.955656297491003,3.7844438432256973,0.558360074012135
1678.0,1.592481127873779,3.7714670738988896,0.5586884802674118
1679.0,2.14924944145242,3.7768283334314763,0.5588654226149533
1680.0,0.6241632465227016,3.761730245443395,0.5591042281084481
1681.0,1.2182373402776194,3.766870023883789,0.5591735795802839
1682.0,1.8277358170535756,3.7725575386754984,0.5593089392847592
1683.0,4.0355260153501895,3.794623693353958,0.5595120210422097
1684.0,1.7006207613906554,3.7726539988939343,0.559960412821693
1685.0,3.3002670741609483,3.788544945082344,0.5601493706840697
1686.0,1.8271047464230252,3.7747191953264108,0.5605160670256432
1687.0,2.8099344510648434,3.7845180283197544,0.5607190786641346
1688.0,2.3232556223202474,3.7802447810354716,0.5610312936031419
1689.0,3.591320750115929,3.79320839672114,0.561289433116733
1690.0,1.8314858272268026,3.7766891945346797,0.5616884687556347
1691.0,0.5343396874969488,3.7636785503937693,0.5618919671808822
1692.0,0.7725637107954593,3.7652143798998132,0.5619513382572707
1693.0,1.8351531325715533,3.7751648411251866,0.5620371786695814
1694.0,0.9386750366524341,3.766209494897755,0.5622410845732004
1695.0,3.0127650195994393,3.786402712560502,0.5623453817994951
1696.0,1.9177897939274027,3.7762222333526356,0.5626801334683394
1697.0,5.468258187533039,3.8118003083755028,0.5628932212232203
1698.0,0.3278567560785852,3.7627014193665422,0.5635008054662795
1699.0,2.7545414733872517,3.786010941409133,0.5635372339947327
1700.0,1.0900587206179138,3.769954767764487,0.5638432941584424
1701.0,1.8832483245216518,3.777425608501412,0.5639644117940665
1702.0,2.67677434167568,3.785411570088502,0.5641736616079023
1703.0,-0.4067142185928585,3.755129774441518,0.5644710809791996
1704.0,2.796032645985034,3.785770854149448,0.5644258905104671
1705.0,4.878634327842709,3.8072510604826246,0.5647365608044654
1706.0,1.933202127039259,3.7797507057089526,0.5652786312853368
1707.0,2.8247598210068867,3.7887413279453965,0.5654934315216745
1708.0,3.781152116406749,3.798943805253105,0.5658072937240086
1709.0,2.2950581249662543,3.785315153219362,0.5662274217369427
1710.0,1.773799764335646,3.780385183742806,0.5664824281952723
1711.0,-0.34467050465219007,3.7591564900742336,0.5666795170579763
1712.0,3.301238399243717,3.7942488875365563,0.5666412203352371
1713.0,2.3585394878388786,3.7857736374772517,0.5670080246018198
1714.0,1.2341451857647978,3.7748777220456433,0.567270084544913
1715.0,2.658245887847117,3.788760311221774,0.5674072117877758
1716.0,1.7703995539922732,3.7804290507133658,0.567702572441981
1717.0,1.839467336105593,3.7811051291744024,0.5678992835035357
1718.0,3.2578639451358855,3.7953235165057198,0.568103668763103
1719.0,0.8270219858451944,3.771944190653124,0.5684656536458959
1720.0,3.809144107592198,3.801157481512684,0.5685575449776564
1721.0,0.7528922961019955,3.7718747679378812,0.5689807832118333
1722.0,1.6716232395559203,3.780405935814363,0.5690644379114002
1723.0,4.9036827425832215,3.8126644063178876,0.5692501738269063
1724.0,3.909193452053028,3.8046917196583996,0.5697950274649711
1725.0,2.6220049906193004,3.793136850546372,0.570229382292977
1726.0,1.3243372306234793,3.780650725141622,0.5705207161808237
1727.0,1.8384096166251336,3.785464402853967,0.570667864762004
1728.0,2.5915941432321206,3.793003485710181,0.5708721324971846
1729.0,2.546904040424498,3.7930418530681766,0.5711600874019882
1730.0,2.3864113379675462,3.7918907329672393,0.5714430767398131
1731.0,2.4614593573947694,3.792991511657776,0.5717082335551428
1732.0,2.2320311128686074,3.791093741653815,0.5719817290392978
1733.0,0.697526580449984,3.7759995394224912,0.5722297324962832
1734.0,1.854361572298959,3.7868569327706827,0.5723072354496666
1735.0,3.643280067483558,3.8047797580123217,0.5725132756243665
1736.0,0.7895821280611033,3.7774036775187674,0.5729180845207535
1737.0,2.263055610575902,3.791492784708514,0.5730058158683159
1738.0,1.475307589036445,3.7839116729368647,0.5732572664917133
1739.0,2.639188036747639,3.79535252834933,0.5734211895571618
1740.0,2.0142085236664773,3.7896441126208256,0.573714432672356
1741.0,4.346742081218336,3.813114031947182,0.5739382336194301
1742.0,3.1332289427378175,3.8025896873008787,0.5744212049617877
1743.0,0.8602460427784857,3.780684828684529,0.5747693415109808
1744.0,3.3390350145171235,3.8048618676807897,0.5748649244046229
1745.0,1.5316851796724213,3.787749717382462,0.5752359282951248
1746.0,1.778754535778083,3.7900355076888843,0.5754061155373107
1747.0,2.8922737751339023,3.8011498418625727,0.5756037549301749
1748.0,1.8853157253373316,3.7917639740997897,0.5759251186829676
1749.0,3.616069770403694,3.809116277240241,0.576134598208005
1750.0,1.5318624231082558,3.7894096046934984,0.5765363837380499
1751.0,1.726316809260796,3.791166373084009,0.5767065906739508
1752.0,1.679536383064864,3.790641907345122,0.5768984036527576
1753.0,1.7929515645562013,3.791696655557771,0.5770850188064315
1754.0,3.8739894444347662,3.8125057664895365,0.5772842356469378
1755.0,3.285995367012879,3.8079357299183516,0.5777146789185417
1756.0,4.637429942515089,3.8223722388436014,0.5780797895148765
1757.0,5.3345552548740685,3.8311020885325897,0.5785950595084892
1758.0,1.2116037100845753,3.792041698416648,0.5791877878701419
1759.0,2.5880239091591113,3.8053539410214676,0.5793224105045958
1760.0,1.0297496041957088,3.7901973583543414,0.5796099687167245
1761.0,1.5279925903146663,3.794626404830654,0.579724385339413
1762.0,1.7123968621804133,3.7962459634128414,0.5798941622938923
1763.0,1.178556407327157,3.7908088467154575,0.5800844286119123
1764.0,1.1851409088769829,3.79044869729229,0.5802153793238376
1765.0,2.3196445268496815,3.801385523357442,0.5803470616470462
1766.0,0.9791019770169913,3.788296917226371,0.5806047999278072
1767.0,3.5526586989220412,3.813507908026434,0.5807135890363647
1768.0,1.3528080782281073,3.7926148015400756,0.5811083288918005
1769.0,6.01196121262049,3.838916479077241,0.5812586409004925
1770.0,1.935769436294506,3.8007988998443416,0.5819266365907837
1771.0,2.590022052396315,3.807384819724204,0.5821417220837053
1772.0,0.8808235194174561,3.7907517464897547,0.5824295023117493
1773.0,4.632614697659549,3.82765347205206,0.5825273715916846
1774.0,3.8993758510036454,3.822076071762131,0.5830421065580912
1775.0,2.8711448384201406,3.813061905996649,0.5834753705415361
1776.0,0.8164968140255429,3.7931208644236762,0.5837943866346939
1777.0,2.7633335971557753,3.8119003645101848,0.5838851085029189
1778.0,1.0982111924784312,3.795800581238873,0.5841921455692695
1779.0,4.327944079341701,3.8276003289526046,0.5843141690351004
1780.0,3.511493414816466,3.820979814851323,0.5847950517105828
1781.0,2.61929879810967,3.813066872568601,0.5851852176455624
1782.0,-0.5454695790591528,3.78185576091747,0.5854762508453524
1783.0,1.2707300266762118,3.798466715137272,0.5854156431143458
1784.0,3.3597014144998405,3.8189797368767184,0.5855568353395321
1785.0,4.016104614653945,3.8264905660602415,0.5859301354966987
1786.0,3.8864622643651643,3.826541016834904,0.5863763693427714
1787.0,0.5099837471981807,3.7940226954181644,0.5868081984832564
1788.0,2.8769403835161302,3.816803178720485,0.5868648633440562
1789.0,3.769394020603662,3.8263463007442704,0.587184523386669
1790.0,0.42708054302219356,3.794096210229563,0.5876033449445139
1791.0,2.4901193557834547,3.813786888523046,0.5876507983381831
1792.0,2.8423029978855703,3.817686921861668,0.5879274782666035
1793.0,2.1240442689415815,3.8111024364671957,0.5882432897108131
1794.0,0.18479768074849812,3.791852295690603,0.5884792946295844
1795.0,2.0928773624078394,3.809862032109806,0.5884998277052231
1796.0,2.09086821218122,3.80999382021394,0.5887323696343796
1797.0,2.3149094943153075,3.8123877845459657,0.5889646883246219
1798.0,1.795660718218663,3.8074922954187493,0.5892219004906569
1799.0,1.9462348084481658,3.8089694462646064,0.5894214183482368
1800.0,2.450367147066278,3.8140828753498064,0.5896376666602866
1801.0,3.053068256212139,3.8205026066111927,0.5899099296766273
1802.0,2.119466546429166,3.811935804470698,0.590249159482873
1803.0,1.9879388395399977,3.81079537188046,0.5904846557658097
1804.0,2.6154425478180725,3.8171651884516216,0.5907055378590919
1805.0,0.09885509263102321,3.7924917254162502,0.5909961425866272
1806.0,3.0962939090330726,3.8213760866177915,0.5910071264858084
1807.0,2.4992961285963013,3.816222581798459,0.5913511591423677
1808.0,2.549616908246952,3.817158048958075,0.5916288587122117
1809.0,3.70091788449308,3.829132434558798,0.5919121494797948
1810.0,0.05898058743968981,3.7938938199782895,0.5923233625780717
1811.0,0.032707662676295435,3.79251054956749,0.5923299159766762
1812.0,2.8422548066543993,3.8194954363915263,0.592333550161418
1813.0,2.4911039310893552,3.81666216629877,0.5926493562510462
1814.0,2.7127211789899155,3.819329000936114,0.5929261455767227
1815.0,1.922341156034443,3.812011925470882,0.593227559041055
1816.0,3.330442092799914,3.8261782778462115,0.5934411525028366
1817.0,3.6657985537388997,3.8305045064773218,0.5938112016242588
1818.0,3.104977867439409,3.8260667760835148,0.5942185125746743
1819.0,2.173964426994271,3.8175590916472983,0.5945635101155009
1820.0,-0.1346117345180038,3.79468242440013,0.5948050617185002
1821.0,3.4615452600464103,3.829406463734119,0.5947901048591093
1822.0,4.027160832771991,3.8361099866279242,0.5951747209991145
1823.0,3.305698014979975,3.830283691770188,0.595622183313867
1824.0,1.400446965790617,3.8121467433681424,0.5959894830933091
1825.0,3.342242992084697,3.831273663756541,0.5961450883117303
1826.0,3.5756621349518065,3.834546358061251,0.5965164486441842
1827.0,4.448520309748857,3.8443482742282766,0.5969137444369566
1828.0,1.404862594715053,3.815518665887893,0.5974080244713731
1829.0,2.216931769319827,3.823312882592439,0.5975641203152303
1830.0,3.434090063929319,3.835679682212668,0.597810446067377
1831.0,2.5717625892976974,3.8280177307732135,0.5981920116300358
1832.0,1.1033404974359065,3.8137420275383147,0.5984777630288466
1833.0,3.018270356283379,3.832377078282126,0.5986003564174506
1834.0,3.2233270422689584,3.8351305119920376,0.598935719790371
1835.0,2.6099536204137523,3.829821302220276,0.599293867239512
1836.0,2.7744811589749303,3.83189706249395,0.5995838620862246
1837.0,2.176617622892837,3.8264503102439487,0.5998921377705552
1838.0,4.347848669645074,3.8483156972280406,0.6001339841730988
1839.0,1.3741347703591542,3.8200972658191104,0.600617078469726
1840.0,1.7658490465452763,3.823645390516501,0.600769760110877
1841.0,2.513731891909407,3.831014123669398,0.6009659655604932
1842.0,3.5986925346261156,3.8422311297192766,0.6012452691040386
1843.0,0.628283537381829,3.8135745265845453,0.6016451238301082
1844.0,0.862129062793201,3.815083538327707,0.6017149331120395
1845.0,-0.04716063466839726,3.8053295200922284,0.6018107252301276
1846.0,2.5408690315665883,3.8299964938202495,0.6018054851596089
1847.0,1.1021177284918202,3.8160478273550353,0.602087803940894
1848.0,2.019312362477604,3.82475349417781,0.602210261466282
1849.0,3.3267227373646353,3.8379511337730183,0.6024346295065572
1850.0,1.698071599021442,3.822611779754263,0.6028042653662644
1851.0,2.789102528429206,3.8334354475556545,0.6029929399883779
1852.0,2.1258276153103477,3.827407875149388,0.6033028402693145
1853.0,3.3401428938705457,3.8397344718067288,0.6035390433376823
1854.0,3.093910084185011,3.8382197495980153,0.6039101703258901
1855.0,1.6350828797817374,3.824412708903703,0.6042539381130217
1856.0,2.2891853082494342,3.830810951437302,0.604435613988553
1857.0,3.804679247150618,3.8462419634871434,0.6046899679116918
1858.0,2.9917210878176212,3.8393399530017502,0.6051127100502641
1859.0,0.7537974278110857,3.8176612524043803,0.6054451235044661
1860.0,3.3195225764642284,3.842607830567759,0.6055288787742229
1861.0,1.1442367219547023,3.8217731809080404,0.6058977146160522
1862.0,4.265641337451258,3.8525294029220785,0.6060248520296028
1863.0,3.780123549801281,3.849189190140816,0.6064988121782084
1864.0,2.862356844898001,3.8411995979111535,0.6069188259059641
1865.0,2.696541054295242,3.8401376486995815,0.6072368655553972
1866.0,2.238709679965725,3.8360465485391964,0.6075364812280967
1867.0,3.348154939250035,3.8473380574363643,0.6077852267480929
1868.0,2.036527288172423,3.8351174197471836,0.6081572439635651
1869.0,2.7944623382998675,3.842759006773811,0.608383524773362
1870.0,3.589917958149314,3.8512563930607904,0.6086940205887287
1871.0,1.797741820593013,3.834372666668934,0.6090929003618564
1872.0,1.7297590750116318,3.8335934044050974,0.6092926494530334
1873.0,1.0070431490944263,3.8262322869080867,0.6094848449058125
1874.0,1.1694090673422846,3.8272772386267757,0.6095967385890452
1875.0,0.21450586069812205,3.8172682263526245,0.6097266729298609
1876.0,3.412285986269412,3.848201436182747,0.6097505069143829
1877.0,4.761143177603463,3.8626769997436377,0.6101296498017462
1878.0,4.281661179337882,3.859702913176867,0.6106586657103689
1879.0,0.4673943892168544,3.8230522571113004,0.6111344058414064
1880.0,3.40606833944525,3.851516264077711,0.6111863385513194
1881.0,4.277632937404445,3.8611762393313565,0.6115647905890356
1882.0,1.9289875240766698,3.839169497183025,0.612040083137636
1883.0,2.626809288312562,3.8461325581423025,0.6122544150847556
1884.0,-0.009866313505837887,3.820195029886261,0.612546282783457
1885.0,2.833420209970802,3.847401083603277,0.6125451865264008
1886.0,1.1705503382066031,3.831358445510176,0.6128600109941753
1887.0,2.749543772389393,3.8466862673080358,0.6129900721428649
1888.0,0.5484963472638995,3.825218961389841,0.6132955770064638
1889.0,3.178572780596995,3.8506777670354366,0.6133565210450487
1890.0,3.7806408442833623,3.8575281854856924,0.6137096957984484
1891.0,1.5210251728560404,3.8361299448101236,0.6141297670033687
1892.0,1.0788467732369569,3.8314720296887725,0.6142987698003527
1893.0,-0.19502880318747629,3.818230058188126,0.6144186416640457
1894.0,2.1669830824060288,3.8405629023946126,0.6143969717970249
1895.0,1.7730075821479936,3.8368474400481394,0.6146377476950701
1896.0,0.5612257345649316,3.8247081057454615,0.614834748537531
1897.0,3.0662734453902143,3.848982680713388,0.6148971069524826
1898.0,1.9375370226691886,3.83851096763164,0.6152378040019704
1899.0,1.1553300516934595,3.830786575372051,0.6154530858933781
1900.0,1.8067844929494412,3.8369116045616196,0.6155814558991218
1901.0,3.8391306736620194,3.8572668566556247,0.6157822097316717
1902.0,3.253671179694028,3.852723871351786,0.6162087798065231
1903.0,2.3374674231268875,3.844487077129964,0.6165702988264891
1904.0,3.2738812730810656,3.8541898779473063,0.6168300174290587
1905.0,1.0488600545165763,3.832865073107365,0.6171937820149567
1906.0,2.540462625908788,3.8472988402264154,0.6173103220210141
1907.0,2.6841529131080883,3.84920385477275,0.6175925956461151
1908.0,1.9127043643765913,3.8420444413627455,0.6178908348586827
1909.0,3.0443229199467723,3.853426896125499,0.6181033575658357
1910.0,1.524458181694436,3.83900882886366,0.618441615668052
1911.0,3.1372758847201476,3.854955041965731,0.6186109999104625
1912.0,3.189823464414115,3.8563194118326143,0.6189595861198759
1913.0,-1.146449850871333,3.813818524140376,0.6193140109492552
1914.0,3.987882129387647,3.8632926383105732,0.6191866276324918
1915.0,-1.3095407066909424,3.811710851653147,0.6196297256468681
1916.0,1.7299387180548433,3.840153929078137,0.6194842211239024
1917.0,3.7816850428221938,3.860668322202601,0.6196764365370196
1918.0,2.1033915934344494,3.8451748559949395,0.6200966237639999
1919.0,0.6672675219130726,3.831031352024513,0.6203303339410482
1920.0,1.1328286728541617,3.8350048876468033,0.6204044747768163
1921.0,3.7836321829007744,3.861140833039478,0.6205303446293556
1922.0,0.09811933681420237,3.825588800712816,0.6209507482052335
1923.0,3.9112388762025216,3.862691629847176,0.6209616503537685
1924.0,2.431122376197138,3.8492787499317997,0.6213962324511243
1925.0,1.009505836946958,3.8355015158063575,0.6216663571595906
1926.0,1.771106159621636,3.842661529524904,0.621778524474807
1927.0,1.2284695736229483,3.837270636803139,0.6219753140480982
1928.0,3.5827815010731605,3.860513179987652,0.6221118106673897
1929.0,3.415534762203548,3.8600278885319357,0.6225098975008423
1930.0,0.35104858265494165,3.830448263197774,0.6228894013633094
1931.0,1.9955098518508323,3.846020765504189,0.6229284067613822
1932.0,1.4210179220696537,3.840456855927427,0.6231501300782545
1933.0,4.116887460574213,3.8672378016507674,0.6233080209584845
1934.0,0.8123761023419738,3.8357147117165318,0.6237654528985482
1935.0,4.505286380856267,3.872069313602038,0.6238557169099196
1936.0,2.458381575603828,3.8533585700499486,0.6243563042855703
1937.0,1.0475819920248906,3.839697103374611,0.6246294577939707
1938.0,1.6534072699884028,3.845313705938547,0.6247458557930846
1939.0,1.4979764490394367,3.8437113028510304,0.6249295677119722
1940.0,0.9067269974806176,3.837659249117614,0.6250960095396432
1941.0,2.6185335746629694,3.854274490342456,0.6251967569838077
1942.0,0.9651055616351958,3.838325774137629,0.6254877051587703
1943.0,-0.22545776092273595,3.825962412273077,0.625594939110063
1944.0,2.0254044114397836,3.8472797706246022,0.6255698882477383
1945.0,0.2464297544776466,3.82973792318329,0.6257949331823427
1946.0,1.5597989149155995,3.8420034166554218,0.6258223142661735
1947.0,1.3636213892458051,3.840018205745004,0.6259956252567197
1948.0,1.4109799099677323,3.8403501978893813,0.6261471387444136
1949.0,5.001203876987692,3.876147635131688,0.6263039142899656
1950.0,2.5705144589619633,3.8539948795704775,0.6268596036096309
1951.0,2.8067137612441653,3.8569504479535093,0.6271452163272934
1952.0,0.2795021295721316,3.832413774197303,0.6274570734118761
1953.0,1.6825460829538477,3.845585117672482,0.6274881292040507
1954.0,2.76912828742689,3.856492814306634,0.6276750787688233
1955.0,1.219338858858742,3.841722378742757,0.6279827596896486
1956.0,3.6350785543974817,3.8656259817269794,0.6281182417850774
1957.0,0.9966292676237123,3.8405127410132147,0.6285221394022327
1958.0,2.1420423301685303,3.8515637610722724,0.6286328759875242
1959.0,1.7674354500305518,3.8481454361050607,0.6288708806908763
1960.0,2.705400824227395,3.857616373382732,0.6290672624075463
1961.0,1.6993874101807176,3.8482389914465394,0.6293678624991271
1962.0,2.1613829661613284,3.852902503991945,0.6295566833224805
1963.0,2.204837385277518,3.8536743660492956,0.6297968369853874
1964.0,1.5820153032608737,3.8478091575786046,0.6300418189170849
1965.0,3.106367335621391,3.863022885159385,0.630217598395225
1966.0,2.7979854685467815,3.860870944932231,0.6305627503214051
1967.0,2.389232568433541,3.8575092342628623,0.630873637595688
1968.0,1.9619270831725524,3.8536968782889205,0.6311391078810695
1969.0,3.495680038149996,3.869223322834043,0.6313570997791998
1970.0,2.205207195232273,3.857471203048409,0.6317455086723276
1971.0,2.1166283902175786,3.856911892129799,0.6319905316940201
1972.0,2.6308625373601577,3.8623240939729984,0.6322257126262665
1973.0,4.620733353713563,3.8828153232986913,0.6325180306859731
1974.0,0.8245547399734952,3.8466886060933803,0.6330314455030525
1975.0,3.4623211163191936,3.872490638618077,0.6331230626963829
1976.0,0.13353604845236866,3.8402981031169467,0.6335077650426405
1977.0,2.77159144778578,3.865670316085581,0.6335226023813574
1978.0,4.468853534510913,3.8833137209037574,0.6338305569866669
1979.0,3.110835655584134,3.871461923546886,0.6343270962682792
1980.0,2.713281348174741,3.8683358990072487,0.6346727446744552
1981.0,1.7994381639961556,3.8597872173592824,0.634974220379808
1982.0,2.538809000610693,3.8671918639640728,0.6351741579535853
1983.0,2.1849214807458046,3.8641331342905385,0.6354562478425421
1984.0,1.5175292400858058,3.857713905175463,0.6356990168959583
1985.0,2.1376554806564125,3.8637519055040945,0.6358676312559679
1986.0,2.7479764507830495,3.8700894440309166,0.6361051485315964
1987.0,1.5409786643366996,3.85863781138176,0.63641047924835
1988.0,1.4921477241441448,3.858004519970951,0.636581699099943
1989.0,0.799695703009782,3.8509125214963755,0.6367474932915146
1990.0,2.98840628261112,3.8722061777191197,0.6368363483696268
1991.0,3.1816540774588256,3.8749347601925606,0.6371683935121392
1992.0,2.789575555295647,3.871921796808745,0.6375219106318568
1993.0,3.7064631159108323,3.8817409756362458,0.6378318634713341
1994.0,2.6098345463509096,3.871993611920326,0.6382436927064353
1995.0,2.990013671707196,3.876309150608166,0.6385336743226966
1996.0,2.8797967820469537,3.875955324757566,0.6388658980639974
1997.0,2.38557497572724,3.871684052062599,0.6391858754842249
1998.0,1.836472714837941,3.8665471416415977,0.6394509393704169
1999.0,5.267690769739889,3.900868082623791,0.6396549918942878
2000.0,1.9350612751831142,3.8697089469795913,0.6402402908687033
2001.0,1.6676528610994545,3.8670766434786743,0.640455297677057
2002.0,3.042512279312634,3.880704428211057,0.6406405924394014
2003.0,2.814818019118756,3.8791774516106243,0.640978649359325
2004.0,0.7440105654870908,3.859068463122058,0.6412914069170049
2005.0,3.903347818204673,3.8899564801940607,0.6413740747576147
2006.0,2.3822567808114585,3.8760414683907425,0.6418077800707485
2007.0,1.1113361309803493,3.8636556240958453,0.6420724752686164
2008.0,3.9859801429423425,3.891927988279478,0.6421959570609476
2009.0,3.2820944644951924,3.8862334004508945,0.6426388437434967
2010.0,0.9193225100651072,3.8634892822293203,0.6430035209062184
2011.0,4.721478550322155,3.900901623165309,0.6431056678517811
2012.0,3.323496710457741,3.8887154938685233,0.6436302765795947
2013.0,2.4872548554686924,3.8812423885710516,0.6439995539918678
2014.0,4.487773507027224,3.9016019114023717,0.6442759156424754
2015.0,2.6991222297870507,3.885324593114453,0.6447745571432563
2016.0,2.46489615611996,3.8834457552497734,0.6450744596132326
2017.0,1.6746248549725138,3.875857362270631,0.6453483369639126
2018.0,3.227313049133848,3.8912033577700753,0.6455344063922429
2019.0,3.095753709154975,3.8906908571389183,0.6458929967310355
2020.0,2.5183501748621393,3.8856288736118034,0.6462369693653861
2021.0,1.5125170576654963,3.8759135712017816,0.6465167860514819
2022.0,2.6624123177075925,3.887124600228629,0.6466848435023336
2023.0,2.4127515177973278,3.885073342795058,0.64698066709319
2024.0,0.8331571015822488,3.869564245917639,0.6472487505951675
2025.0,0.660234560844768,3.8671318747208776,0.6473413236064545
2026.0,3.206441723512212,3.891801688721836,0.6474146830021039
2027.0,-0.7523603938146111,3.8530398387534683,0.6477709543047164
2028.0,2.756763158701575,3.886464158232751,0.6476873587054037
2029.0,1.9023961778077194,3.8784922387291165,0.6479936657230372
2030.0,4.1353082585998875,3.900852302594458,0.6482050430761269
2031.0,1.8831647385576553,3.87976808321463,0.6486645217715269
2032.0,3.32435526781487,3.8941833849731733,0.6488737622980333
2033.0,2.0038576984527605,3.881891967783682,0.6492431351055683
2034.0,2.6421851918576795,3.8883493264771505,0.649465785960952
2035.0,3.421045663650064,3.8966171729044192,0.6497593620933806
2036.0,1.9218053545942748,3.8825898118317306,0.6501394782782306
2037.0,3.7456936056230052,3.900841235504886,0.6503530122065189
2038.0,1.257877653616896,3.8771258460209173,0.6507692003849215
2039.0,2.868241053197974,3.8928158819405714,0.6509089645686567
2040.0,3.653299653484816,3.9012770858319534,0.651227658019012
2041.0,3.3250468647379186,3.8990925179167557,0.6516335802027324
2042.0,4.895556095919263,3.915675421040005,0.65200302985437
2043.0,1.5457008533616743,3.8840300503829917,0.6525469805316944
2044.0,0.7760634358142651,3.8760571065269365,0.6527187250709567
2045.0,1.2570811143811007,3.880119473976677,0.6528049543416028
2046.0,3.3255532081855463,3.9003784574605698,0.6529446300209785
2047.0,3.122403667836723,3.899233182809929,0.653314135932999
2048.0,2.6278208245592696,3.8950358783022843,0.6536610696738697
2049.0,1.0963036886160875,3.8801513109383308,0.6539530497654874
2050.0,3.458584116661326,3.9032421406417743,0.6540748612864448
2051.0,0.9691190279368245,3.8793138213249767,0.6544591484105182
2052.0,3.948686977971125,3.9085021835337974,0.6545668283025112
2053.0,6.071798028924832,3.9310129401045963,0.6550055713000635
2054.0,2.9580639332144383,3.9024698032707,0.6556802155254996
2055.0,3.228885169572179,3.905776876339411,0.6560088892958568
2056.0,1.8839252888805507,3.893091596176181,0.6563676543146981
2057.0,0.2372333486414795,3.8765376450878937,0.6565769793467959
2058.0,1.746600796212222,3.8905194274361716,0.6566033386077561
2059.0,1.1338809486265633,3.8842545540304987,0.6567974053628908
2060.0,0.6912442794812304,3.8793150346078016,0.6569233921349604
2061.0,4.652949927494562,3.918157044414784,0.6570001970549028
2062.0,2.841078147532216,3.901769497881988,0.6575171914912911
2063.0,2.9746094757674797,3.903673187992637,0.6578328668410168
2064.0,2.113722043504688,3.895712210065468,0.658163379004991
2065.0,2.2839111469457047,3.897516156178768,0.6583982370098248
2066.0,3.7056883527991666,3.9119472068462002,0.658652004915041
2067.0,2.4595786016309806,3.9005937960795474,0.659063748065352
2068.0,3.163367422530916,3.9079433158719983,0.6593370345766443
2069.0,2.2549946276937303,3.899613419498412,0.6596885198458143
2070.0,2.072308886584941,3.8979628970547235,0.659939074804447
2071.0,0.7413572929976726,3.884718275521993,0.6601693313474009
2072.0,0.027813672041089976,3.8768178747171147,0.6602517043799562
2073.0,2.1730476236669976,3.8970780717723046,0.6602547947879608
2074.0,2.570620864991541,3.9012358862185326,0.6604962445239237
2075.0,0.8923374541140114,3.8848871832797087,0.6607818690644783
2076.0,2.456906418706709,3.899911923449372,0.660881017670491
2077.0,2.5671907037381274,3.9013929157623974,0.6611540072725696
2078.0,-0.19501000757422382,3.8742170801102676,0.661439250684096
2079.0,1.3560941756506235,3.8884387948061025,0.6614175829054767
2080.0,3.0090798671693357,3.9046822219993595,0.6615682600361046
2081.0,2.98382341174468,3.9051912569757166,0.6619026022435679
2082.0,1.0579063545002994,3.8866692709781554,0.6622341381782062
2083.0,2.6980600631246685,3.902591575913523,0.6623516833287062
2084.0,3.77800903170059,3.913955425339663,0.6626514677801645
2085.0,3.4713411987386227,3.9121257926300355,0.6630712465614645
2086.0,2.3808927662325816,3.902248640368368,0.6634569511391022
2087.0,1.9150296083446345,3.897919883691914,0.6637214947797947
2088.0,1.7133193945818694,3.8959400882120314,0.6639342758473885
2089.0,3.0847747286370715,3.9095705292859146,0.6641246446690087
2090.0,2.74387996642861,3.906945298875611,0.664467397416635
2091.0,3.2867550076277503,3.9129351130063372,0.6647722729684604
2092.0,2.66484226640144,3.9076130858823714,0.665137467969308
2093.0,3.5234549379343023,3.9166953541005918,0.6654335615544636
2094.0,2.618240666197125,3.90867481788091,0.6658250565475674
2095.0,3.480860895164608,3.9177515441614403,0.6661159721771449
2096.0,3.5885284629582985,3.9198177007724193,0.6665027344988299
2097.0,1.494341712218983,3.899920644878103,0.666901459883603
2098.0,0.2398199414115676,3.887093145013966,0.6670674978516273
2099.0,4.429366070018192,3.9279307083244404,0.6670941445117842
2100.0,2.820823413390327,3.9134417671730883,0.6675862962973418
2101.0,0.3568926306298481,3.889366153853969,0.6678997211210518
2102.0,1.607725628476611,3.900887987764912,0.6679393758577884
2103.0,3.4648428654622854,3.9192819165323276,0.6681180120387302
2104.0,2.150403961083884,3.907134767290628,0.6685029945793372
2105.0,1.8599232258510912,3.90438996866727,0.6687419283527909
2106.0,4.251102325391209,3.9282825815375224,0.6689485864889966
2107.0,1.1908910670202368,3.899167935662067,0.6694209311918178
2108.0,1.5023083028064577,3.9018279585702413,0.6695532524214867
2109.0,2.7642330938103346,3.9142029732916175,0.669720175566243
2110.0,2.988068665067353,3.916999383339577,0.6700273125766664
2111.0,3.1204287929259142,3.919017078025252,0.6703593202061183
2112.0,3.6390475557111834,3.9249735240607047,0.6707060345164434
2113.0,2.7482232758518963,3.9171527010384835,0.6711103731337447
2114.0,3.1117299236730114,3.92130222891395,0.671415731275506
2115.0,2.175988425856146,3.9126840278031403,0.671761479044803
2116.0,2.578372879045893,3.916852526405056,0.6720032555365648
2117.0,2.634417725067043,3.9178137003794644,0.6722897414120144
2118.0,2.768872669773795,3.9195929780180507,0.6725824544925774
2119.0,3.4656747594784507,3.9270783061706664,0.6728901070114411
2120.0,3.193932102431039,3.9253120837739948,0.6732751819847165
2121.0,2.5552712536252287,3.9196948878376334,0.673630063329431
2122.0,1.4885925188237001,3.9093889611444457,0.6739139823576116
2123.0,2.584589072578387,3.9200403047563017,0.6740793815263698
2124.0,2.46497776888032,3.919235388086618,0.6743665580899897
2125.0,2.7414769747664978,3.922315647294334,0.6746404445087542
2126.0,5.258156633925503,3.947971722336383,0.674945053061506
2127.0,1.8452840268234558,3.9159086102839895,0.6755292926874977
2128.0,3.0278612739066997,3.927626844904639,0.6757343242460336
2129.0,3.8355775840553727,3.9363470737139643,0.6760707532764677
2130.0,2.6225023926242286,3.9253608396494295,0.676496928563585
2131.0,5.4223063989652065,3.9537277208796455,0.676788317718321
2132.0,2.027450885335654,3.9219045788002314,0.677390796207095
2133.0,2.905111527900059,3.930643992258827,0.6776160685276879
2134.0,1.5014928188837726,3.9171289551160022,0.6779388586974545
2135.0,2.0605940810708834,3.922357735202864,0.678105691232886
2136.0,2.8111673879958223,3.929865672397429,0.6783346461307828
2137.0,3.557880077884662,3.9378127207333313,0.6786469980627823
2138.0,2.898868542529468,3.9321689294598694,0.6790423180714361
2139.0,4.07389356166842,3.944441308200186,0.6793644145761616
2140.0,2.3812933617591603,3.9287718928542654,0.679817069416347
2141.0,2.084789337701243,3.92598511232355,0.6800816575676536
2142.0,5.879981384099233,3.963932987362162,0.6803133008273982
2143.0,2.9927970618025386,3.937445369323966,0.6809666320922981
2144.0,1.6006480675268153,3.9240594491668803,0.6812991650991651
2145.0,1.632170297189914,3.9240341017966442,0.6814770148844459
2146.0,1.3216501068358244,3.920621661770775,0.6816583671396892
2147.0,3.6707116948209846,3.9436230343885765,0.6818052171515598
2148.0,2.044528383883448,3.928361902292038,0.68221307400654
2149.0,2.659203094570607,3.934477433162613,0.6824402438269714
2150.0,2.420614156952164,3.9324535606284847,0.6827357108374793
2151.0,3.414365509926168,3.9426036275292713,0.6830046679660295
2152.0,1.4415698838949749,3.9237147239308108,0.6833840419115769
2153.0,1.1555346423212307,3.920447021445704,0.6835442163431208
2154.0,2.780371633976993,3.9361230756969023,0.6836726090811565
2155.0,3.2511991058748713,3.941295930110646,0.6839815392627094
2156.0,2.915665391372051,3.9386986912480624,0.6843427836078066
2157.0,1.4881828386283404,3.9249641362299736,0.6846667464290702
2158.0,3.346856052614242,3.9431922807541864,0.6848321000778067
2159.0,1.5701738411304573,3.9262464810065123,0.6852039729725417
2160.0,1.8480766940170208,3.9287232974427506,0.6853784367326673
2161.0,1.3200580940974973,3.923327606435486,0.685583778587558
2162.0,4.1264479358150385,3.9509534948875737,0.6857304517091244
2163.0,3.2917769262841867,3.9439442556927844,0.686188945924215
2164.0,3.2562417195985915,3.9443844014799074,0.6865546989160244
2165.0,4.059014276428063,3.953177222727923,0.6869165035515353
2166.0,6.015811560298404,3.9740064927761654,0.6873675051378051
2167.0,0.3634673701123057,3.919955498213612,0.6880359286445049
2168.0,1.577029273903615,3.9309782763880317,0.6880763139078507
2169.0,1.7297811447818452,3.932182137848519,0.6882515393827289
2170.0,1.436475472021634,3.9290342022388693,0.6884437372877046
2171.0,1.1530209404953593,3.9258115683742254,0.6886033456734848
2172.0,2.1254336699307927,3.934983691091175,0.6887314591113176
2173.0,0.9792453558882439,3.923596766817532,0.6889676184079766
2174.0,2.9188029594217664,3.9423532649312545,0.6890764234475197
2175.0,2.5646229017857682,3.9394075895388956,0.6894007348874555
2176.0,3.101285830954569,3.945143401561717,0.6896856929876539
2177.0,3.134660564547816,3.9461825624586053,0.6900302803022045
2178.0,3.2537585667833455,3.9480931957519743,0.6903785759204876
2179.0,2.033238828970147,3.9366754672826914,0.6907401046501301
2180.0,5.1514292532920845,3.9678709465861104,0.6909660200755713
2181.0,2.7930388956026224,3.9462633222375496,0.6915384011037149
2182.0,0.17189405921900613,3.920518356906168,0.6918487387587818
2183.0,1.2470303177922282,3.9300897151455607,0.691867838098695
2184.0,0.3243712637152303,3.92038624034254,0.6920063970228941
2185.0,2.521668286439134,3.941318738173695,0.692042438274418
2186.0,2.347743469933333,3.93994326765541,0.692322623639578
2187.0,1.9144678776256776,3.9358645919334876,0.6925834840251262
2188.0,5.013657640500643,3.966840181922734,0.6927962026781956
2189.0,3.1862285925961387,3.9505005452063164,0.6933532757493623
2190.0,3.407622951807918,3.953472880549919,0.6937073011485397
2191.0,1.336158140072371,3.9336478445501752,0.6940859259209629
2192.0,1.2510688858362347,3.9323768203588,0.6942343879365265
2193.0,2.5460068738711934,3.9448669326254047,0.6943733955905083
2194.0,2.7162589245652824,3.9469375205259603,0.6946562852431606
2195.0,0.17961054110692887,3.922045358448616,0.6949580917903345
2196.0,2.2746162214380825,3.9418756503718835,0.6949780485171242
2197.0,2.517590103591881,3.944527059467367,0.6952307836528395
2198.0,2.2310635427860888,3.942037855890768,0.695510515886572
2199.0,1.4832619845666546,3.9347552003007036,0.6957584118357705
2200.0,1.825581022598575,3.937906982028355,0.6959232187229445
2201.0,2.278926008034005,3.942394837079417,0.6961260610587888
2202.0,2.6135000295125597,3.9459861901078637,0.6963792750596814
2203.0,3.25598947818821,3.9528679440239185,0.6966696639518495
2204.0,3.851070256188589,3.959676134597911,0.697031440560537
2205.0,2.132065345590938,3.943706860503528,0.6974593372556691
2206.0,1.9298047548558026,3.9418098655529206,0.6976962334051792
2207.0,3.0470695919178827,3.9529849960376655,0.6979106561557187
2208.0,3.2635561455135678,3.955859365488327,0.6982492194437095
2209.0,1.957249458426393,3.9436345273651,0.698611836793211
2210.0,3.4879918462077155,3.958951142168236,0.6988293089552584
2211.0,3.7244816764449666,3.962291641585877,0.699216863604837
2212.0,4.1146080820733415,3.967304947007552,0.6996306949022199
2213.0,-0.27709886660022187,3.9247303292128715,0.7000878735780057
2214.0,-3.5830201733242983,3.890239587257264,0.7000570848150501
2215.0,-2.482627238334361,3.897770710192523,0.6996589714624586
2216.0,-2.485902879226675,3.8950259861934975,0.6993831239915326
2217.0,-2.6225919606656345,3.8910008467507016,0.6991069125605074
2218.0,-3.3115786495126702,3.881421292467887,0.6988155134537668
2219.0,-4.356952504038839,3.8679000388257916,0.6984475602704876
2220.0,-2.3841506924637454,3.8839656503043494,0.6979634544367055
2221.0,-3.4604445744348906,3.870849599864288,0.6976985488042096
2222.0,-2.3925081490654687,3.878547268466613,0.6973140549626057
2223.0,-3.492554427123567,3.8652931188637236,0.6970482207238207
2224.0,-3.8745729323054268,3.8585730733235093,0.6966601591208069
2225.0,-2.2071270495288777,3.8721636030414706,0.6962296510172175
2226.0,-2.31134809149188,3.869142237451124,0.6959844146783809
2227.0,-1.7758975358488338,3.872489867633112,0.6957275982237707
2228.0,0.23232970802203168,3.890939103781733,0.695530276275343
2229.0,-2.1533880859864416,3.8667395722723747,0.6955560906873455
2230.0,-1.8936477911698382,3.8675043172858694,0.695316825344458
2231.0,-3.846951661084157,3.846335664136403,0.6951064200343281
2232.0,-4.108634300670468,3.8408878319680646,0.6946789809608743
2233.0,-0.521463191533333,3.8738163843199382,0.6942224660385776
2234.0,-3.6543497249166297,3.8418487373751615,0.6941645256839628
2235.0,-3.8049300893358025,3.837749144363151,0.6937584868256388
2236.0,-2.548873651520691,3.8476681697985464,0.6933357168157126
2237.0,-2.6127405167217352,3.8452232860960023,0.6930525086322104
2238.0,-3.6281331330541144,3.833254492223728,0.6927622041303524
2239.0,-2.881216523391375,3.8383030425550273,0.6923590782266797
2240.0,-0.9632803529373697,3.855572719714577,0.6920389430574141
2241.0,-3.507492011039747,3.8294567972799967,0.6919319119070877
2242.0,-4.242090605457714,3.819850109013905,0.6915421905725277
2243.0,-1.3217579738752596,3.8463705220900715,0.6910708471719214
2244.0,-1.8846288600774541,3.839937395643019,0.6909239851748241
2245.0,-3.275648275810827,3.824880723868768,0.6907145819681488
2246.0,-4.477708770158648,3.810858231829857,0.6903506210486143
2247.0,-3.4307791955482037,3.818604483901806,0.68985309785193
2248.0,-2.568380546061589,3.8252084289260004,0.6894719001635358
2249.0,-1.042909887645226,3.8390169552437294,0.6891865245473067
2250.0,-3.795727468587071,3.8110216262371974,0.6890706456709016
2251.0,-2.605649851889342,3.820731700091008,0.6886488981743919
2252.0,-1.6560691751313774,3.828818995759072,0.688359381524182
2253.0,-5.476584175152401,3.78982189431546,0.6881753738380563
2254.0,-1.2077672900763754,3.8293302357725305,0.6875668644852616
2255.0,-3.9780632152580466,3.8011791370888863,0.6874326681196976
2256.0,-2.085005633178832,3.8179258014319775,0.68699066109578
2257.0,-2.19164606298657,3.8158977261051428,0.6867589938032046
2258.0,-1.1442670106701938,3.8253545573289944,0.6865154775739839
2259.0,-1.8113445238830745,3.8183365452204474,0.6863883367950205
2260.0,-5.4716131146624765,3.780968182481653,0.6861870762923669
2261.0,-3.480974058944989,3.7978202094192466,0.6855791192796266
2262.0,-2.3272435883084,3.8076022744639175,0.6851923443841882
2263.0,-2.7437248576497337,3.802431831935699,0.684933761763265
2264.0,-1.9029865878040368,3.809583950650329,0.6846289034457484
2265.0,-1.5132918054128683,3.8127693561359393,0.684417460491548
2266.0,-1.7394353294629012,3.8100469377254504,0.6842493169576132
2267.0,-2.7678436781930813,3.7991613764715972,0.6840560463654506
2268.0,-4.8079212639006,3.777517875934392,0.6837485081789847
2269.0,-3.0693515610685216,3.7923967025560135,0.683214294705218
2270.0,-1.979539814826306,3.8019178973310916,0.682873255642877
2271.0,-3.863059065688097,3.7824074867094697,0.682653306774563
2272.0,-1.7109065873480296,3.8020768512657983,0.6822240779894866
2273.0,-1.3645083784158694,3.8050655668990845,0.682033977257559
2274.0,-2.341416279630197,3.795039478980806,0.6818823652155128
2275.0,-6.329724832890495,3.7542833449945414,0.6816222078511095
2276.0,-4.097610453389754,3.7732374112827487,0.6809189050918995
2277.0,-0.14226355180489803,3.810878708753103,0.6804636150415229
2278.0,-3.1831722412854724,3.78106622736262,0.6804478079802112
2279.0,-4.980179028911245,3.761765313366558,0.6800941221756239
2280.0,-0.9559407646121596,3.799565685378616,0.6795407689501893
2281.0,-2.4833055105704087,3.784411703809722,0.6794345533096768
2282.0,-1.1188243888028433,3.7972069838390277,0.679158630475169
2283.0,-2.1538016559757933,3.7868709407854637,0.6790343166541909
2284.0,-1.926801079734789,3.7884964547590565,0.6787950053590824
2285.0,-2.0462384403568543,3.7868034358812674,0.678580916350223
2286.0,-1.62813961009875,3.790411559987138,0.6783535565235167
2287.0,0.3467880606951228,3.8098524085650745,0.6781726521223946
2288.0,-1.2862420800510148,3.794450026395573,0.6782111841291385
2289.0,-4.475424147306919,3.762435927146162,0.6780682683424661
2290.0,-1.9416731059013708,3.7856442467218137,0.6775709989927654
2291.0,-1.0731490398709778,3.7938212894785446,0.6773552575365541
2292.0,-0.9966239918298174,3.794624316155119,0.6772360187543462
2293.0,-3.0332562288238742,3.774334740878545,0.6771252827552541
2294.0,-1.0438194435148405,3.793018353379723,0.6767882542853848
2295.0,-1.3403220005609935,3.790105044138884,0.6766722743472164
2296.0,0.7156467962121624,3.8105212198969545,0.6765233496804874
2297.0,-3.4375021703106396,3.770130700362831,0.6766028659911777
2298.0,-3.1342507205005314,3.771669217212025,0.6762209213055876
2299.0,-2.8826488105749424,3.7729013254819117,0.6758726712255321
2300.0,-3.112777687548469,3.76948978026892,0.675552376913246
2301.0,-3.612525937204504,3.7632501260949023,0.6752065127257406
2302.0,-5.953344382092179,3.738301047893203,0.6748051209549402
2303.0,-3.0433743421539177,3.764411421911987,0.6741436382458188
2304.0,-2.0383024253751194,3.7733455071492585,0.6738054855411351
2305.0,-3.1165273068823884,3.762089138341681,0.6735790074938711
2306.0,-0.08077352058861287,3.7912959982426027,0.6732327266819953
2307.0,-2.483280234105172,3.768037448785832,0.6732237518463743
2308.0,-0.8862136810198307,3.783244185291958,0.6729478318203626
2309.0,-2.1732244840875397,3.7706176546379213,0.6728493636335826
2310.0,-1.4669908626334276,3.777102874408263,0.6726078942464617
2311.0,-2.1509480575830473,3.770131414649576,0.6724448952617247
2312.0,-0.7890192101205464,3.783183572975802,0.6722059010331043
2313.0,-2.430075812334499,3.767062398670292,0.6721182322319798
2314.0,-1.879849114889018,3.771810592962372,0.671848223808387
2315.0,-2.042083832937445,3.769785010323894,0.6716393516845105
2316.0,-2.8603568226591487,3.761096352676591,0.6714124534808508
2317.0,-1.993772101344154,3.7687438926201033,0.6710946360561109
2318.0,0.2929828077471024,3.791147367751699,0.6708731058226282
2319.0,-2.8379961776193023,3.7608084744872357,0.6709056594679333
2320.0,-1.9756688839334395,3.7684118685872705,0.670590326559309
2321.0,-0.9277763114131965,3.778422699364777,0.6703708077944275
2322.0,-1.0746833988196496,3.777143474199398,0.6702677215376038
2323.0,-2.485354477850793,3.7631227506426153,0.6701483122710683
2324.0,-5.479235878696702,3.7323751844564304,0.6698721617735294
2325.0,-1.8541214766894172,3.765946136363,0.6692633577870075
2326.0,-5.274342823278816,3.73137979485143,0.6690573442895976
2327.0,-0.6625784613234611,3.7749857929932653,0.6684713061981222
2328.0,-2.2881576610084244,3.7591500656175607,0.6683976863690863
2329.0,-1.2504074751600138,3.7689113588421645,0.6681434466289742
2330.0,-3.627638922726314,3.745176925105765,0.6680045124650675
2331.0,-4.440634341625068,3.735584192233008,0.6676014414736535
2332.0,-2.174057019823541,3.7562958186537014,0.6671080376579174
2333.0,-2.5420042999451775,3.752111989612986,0.6668664757668259
2334.0,-3.114426032696457,3.7456532185047564,0.6665840308446097
2335.0,-2.3941733990840453,3.751766973915401,0.6662379835076434
2336.0,0.959294865040325,3.7846762576109265,0.6659719642410785
2337.0,-1.456843065788678,3.7619963571110806,0.6660785525594163
2338.0,-1.1881267426708515,3.76461290896267,0.665916681107662
2339.0,-1.4450788855583054,3.7621342555847073,0.665784667025143
2340.0,-0.6506723201847588,3.7699979431184563,0.6656241027045254
2341.0,-2.737589591125931,3.7495400656102893,0.6655518057800605
2342.0,-5.068451634594117,3.7253175783609667,0.6652476291588243
2343.0,-2.7357326662575123,3.7462773384709536,0.6646844678660916
2344.0,-1.4853303625043728,3.7579132502563497,0.6643804975698407
2345.0,-3.7122504938938423,3.735568180478213,0.6642154608628958
2346.0,-2.720457438111663,3.744006027457296,0.6638029885857966
2347.0,-3.3647121787528915,3.736724732767226,0.6635007155371175
2348.0,-0.6224634351960869,3.7629113126149454,0.6631268586283672
2349.0,-1.5631787307417953,3.754003179578789,0.6630576960244565
2350.0,-1.6855742241950513,3.752670200768265,0.6628840094988185
2351.0,-1.7229983585987858,3.7521037383867815,0.662696723473908
2352.0,-2.546561565690159,3.7436476123001805,0.6625052792118414
2353.0,-2.2530546468406207,3.7458412520449684,0.6622223279267647
2354.0,-3.981480725665397,3.728005193395546,0.6619719885215603
2355.0,-5.233052473438209,3.713855163255982,0.6615296017742641
2356.0,-2.31239858706872,3.7406640885872666,0.6609481514994376
2357.0,-2.0950121796598196,3.7423087568214637,0.6606912183230966
2358.0,-0.9884192894682782,3.7529829772256447,0.6604584391920233
2359.0,-0.5358302298970405,3.7578100262722876,0.6603486148265268
2360.0,-0.5375018937513165,3.758364213770712,0.660289078134316
2361.0,-3.747529491617347,3.726814720336398,0.660229355701677
2362.0,-2.9403312936872115,3.7334049049282614,0.6598129635359417
2363.0,-1.8995821301482756,3.7428562928862292,0.6594862600588653
2364.0,0.6648808471777219,3.768207187245823,0.6592751953777377
2365.0,-0.649875995357605,3.75637196165176,0.6593490710274241
2366.0,-1.1007535475020247,3.752318023696856,0.6592768625834955
2367.0,-2.9847349444366134,3.733633707272722,0.6591545566337731
2368.0,-3.6039995389439055,3.7264037410961026,0.6588229194177245
2369.0,-1.5138651457709507,3.7458906292177163,0.6584224750245086
2370.0,-3.87582658029295,3.722186269759198,0.6582542677860895
2371.0,-2.7980454387253784,3.7313909613601584,0.6578236203882792
2372.0,-2.643472436252403,3.7320609774745432,0.6575127264506431
2373.0,-0.5088598885964901,3.752636496086864,0.6572190072910594
2374.0,-2.943371628699597,3.7288662147666223,0.6571624673034376
2375.0,-5.549062048215769,3.7018378867778754,0.6568354260113599
2376.0,-1.8694441904219146,3.736037748043906,0.6562188635615581
2377.0,-3.373777316379908,3.720746758686503,0.6560111475404001
2378.0,-2.4467112194528164,3.728822128224838,0.6556362833941357
2379.0,-2.608380876052655,3.7266056047962937,0.6553644265919742
2380.0,-2.8421299947722103,3.723569542339357,0.6550746064946351
2381.0,-1.51207427276912,3.7360293815213432,0.6547588142729938
2382.0,-4.416081097940884,3.7069902303457063,0.6545908060204638
2383.0,-3.1462677811929503,3.717858748716105,0.6541001303429148
2384.0,-1.6449526086032735,3.7318644588412573,0.6537505450338934
2385.0,-3.2676059691804604,3.7155825108846443,0.6535677725218264
2386.0,-4.511008386587465,3.702067369036737,0.6532047051919174
2387.0,-1.6643058209290802,3.728684575502285,0.6527034820378521
2388.0,-1.0961317119480762,3.7343281749804564,0.65251855916886
2389.0,-2.5562440095537577,3.720037282946707,0.6523967667564213
2390.0,-4.951056998086916,3.6954687989551767,0.6521127396442487
2391.0,-1.6175378166264798,3.726683943049818,0.6515626222000168
2392.0,-4.57485985177461,3.6971128160501534,0.6513828957759472
2393.0,-2.1140009039397927,3.719859121880213,0.6508745780146389
2394.0,-3.6093297809276996,3.7046132513823795,0.6506396890253122
2395.0,-3.9497991072087064,3.6999742399750755,0.650238652382987
2396.0,-3.0523875213496128,3.707514353930772,0.6497997858155193
2397.0,-2.7291219455340747,3.709893599571179,0.6494606316464805
2398.0,-3.3052603129830604,3.703488300387232,0.6491573958747545
2399.0,-1.7641209022310615,3.717897053449121,0.6487901447288675
2400.0,-3.057586723073542,3.704936094153769,0.6485941312952863
2401.0,-1.2747614104102225,3.7219177658853555,0.648254399437167
2402.0,-2.1485335429456507,3.713458588596456,0.6481127592804548
2403.0,-3.3719465082453848,3.7009404665375887,0.6478740333312386
2404.0,-3.582424854790357,3.697780319648108,0.6474993726081002
2405.0,-4.5593703738092985,3.6868339862108925,0.6471013254020124
2406.0,-2.136583527666472,3.709284738626666,0.6465947286938113
2407.0,-2.9432344340641974,3.700984970840669,0.6463573305240706
2408.0,-5.465244410079393,3.6750205073964364,0.6460303044758413
2409.0,-3.1696435909617504,3.695654297402051,0.6454230550969436
2410.0,-3.62629253656869,3.690239591794771,0.6450708724757257
2411.0,-0.5304030097866748,3.720069921228953,0.6446679510827736
2412.0,-4.628473264866637,3.679914411377831,0.6446090174150195
2413.0,-4.301688499667567,3.681411325099675,0.6440947426078121
2414.0,-1.1125379461178753,3.7117602750541363,0.6436167772189602
2415.0,-0.8040460531700462,3.7153225428339898,0.6434931618916138
2416.0,-3.431228673407052,3.689703076567226,0.6434038234412616
2417.0,-3.2901072785111385,3.69009667690557,0.643022575810883
2418.0,-1.729705754308359,3.7047810911682606,0.6426570083354929
2419.0,-5.408874746181638,3.6680564338630637,0.6424648188072364
2420.0,-4.826492105631945,3.6716281919280833,0.6418638327243273
2421.0,-2.85091675106339,3.6895295798347743,0.6413275558237016
2422.0,-0.5626367923385924,3.7118222395204423,0.6410107872958056
2423.0,-3.0446626102084244,3.6878487012474634,0.640948272096657
2424.0,-2.3738290103310566,3.6938210385347903,0.6406099762510782
2425.0,-1.082763409294985,3.7064206612479866,0.6403462174721525
2426.0,0.13360591659768284,3.719079561648289,0.6402259104266752
2427.0,-3.221060591435391,3.6867726164015076,0.6402407555285194
2428.0,-2.5210459046667824,3.692875410512091,0.6398828599072488
2429.0,-0.22243097332144668,3.715410952271,0.6396027436956192
2430.0,-4.402749093989286,3.674598605128492,0.639578029143028
2431.0,-1.2155236618077228,3.7048114485215797,0.6390888347992514
2432.0,-3.7728944154515727,3.679599929243445,0.6389537766146061
2433.0,-2.3719095411210542,3.6923517053463346,0.6385345661240003
2434.0,-2.8032738092503426,3.6876734150266404,0.6382710206194313
2435.0,-3.6975145008765367,3.6780934967019268,0.6379595457517369
2436.0,-3.728877409572844,3.6765841523932097,0.637548710807195
2437.0,-2.154482044682807,3.6911258950095958,0.6371343910950202
2438.0,-1.2555758397966474,3.699913772954369,0.6368950042011666
2439.0,-2.662170253985629,3.6862052470697555,0.6367554957745225
2440.0,-2.4123585515834796,3.6881625833239187,0.6364596990796352
2441.0,-1.786032417136191,3.6940428932839025,0.6361916592405703
2442.0,-3.7145234662661997,3.674766183842971,0.6359932111942218
2443.0,-1.5753843644838463,3.6949467661288273,0.6355804863646367
2444.0,-1.4758211286753162,3.6960873513811654,0.6354054436574719
2445.0,0.7545328734380123,3.718586753281112,0.6352414635320635
2446.0,-2.970130238199478,3.682922975878298,0.635325300518001
2447.0,-3.0726022520851597,3.6811062342180927,0.6349952860470899
2448.0,-1.5387926605328182,3.6955943376794314,0.6346538857968582
2449.0,-1.476119788859827,3.696340783500198,0.6344829088345768
2450.0,-3.16885894172089,3.679561809449165,0.6343188955247034
2451.0,-3.003953346162561,3.6802861628013965,0.6339668000867344
2452.0,-1.8235864522274494,3.691277495008429,0.6336330274927164
2453.0,-3.534480300918327,3.674103575525557,0.6334304067758023
2454.0,-3.0131674850187684,3.67817116299489,0.6330376867423669
2455.0,-2.3880090407894565,3.683617247960217,0.6327028903551426
2456.0,-1.2550766439721774,3.6945398880752065,0.6324375560172771
2457.0,-3.255748270224426,3.674836478738988,0.6322981030568358
2458.0,-4.8029805775383405,3.658398238896981,0.6319363532490331
2459.0,-4.895746834397764,3.6555435368973934,0.6314026887404177
2460.0,-4.074266333382667,3.6618004591884894,0.6308587168699291
2461.0,-4.1414596477499215,3.6597137820009755,0.6304060206106644
2462.0,-2.6932634482748865,3.672756303389753,0.6299458584275811
2463.0,-3.9861001919970063,3.6593149217323715,0.6296466069333283
2464.0,-3.378443699776505,3.6640678386807655,0.6292037069119953
2465.0,-3.467607356227562,3.6622493418942645,0.6288283242786868
2466.0,-3.0506348260599916,3.665444340875655,0.6284430345724393
2467.0,-0.846869585596097,3.6867777979390497,0.6281040751473216
2468.0,-1.6725655132118542,3.6792031935886365,0.6280099785266998
2469.0,-2.479838230904995,3.6712729494803997,0.6278241379141207
2470.0,-3.076282850726048,3.664932852209182,0.627548600332909
2471.0,-3.0415408207787764,3.6645284588801683,0.6272067911272728
2472.0,-2.090316912560063,3.673315731891153,0.6268688421471863
2473.0,-1.7697886583096372,3.6763973970648003,0.6266365847124574
2474.0,-3.6345218826257506,3.6578209372661274,0.6264399415282008
2475.0,-2.454399055482211,3.668512909526776,0.6260361057634646
2476.0,-5.039524460828783,3.6423046159077432,0.6257633947572999
2477.0,-2.235357769786754,3.668365050543611,0.6252034475949856
2478.0,-1.5473134475516424,3.675051521379878,0.6249550745094538
2479.0,-2.850085783601094,3.662256107188248,0.6247831507930591
2480.0,-0.2293412548248681,3.687865228088295,0.6244664745948812
2481.0,-3.6015480592950633,3.6551914036672297,0.624440992233234
2482.0,-2.2281994808709236,3.667829111009158,0.6240408202266456
2483.0,-2.5447809333324445,3.664440878148168,0.6237932425065489
2484.0,-2.6253720843042605,3.66320936789092,0.6235104890695119
2485.0,-2.6429027100059344,3.662557157440258,0.6232187810601447
2486.0,-2.36611871248816,3.6648373219306714,0.6229251252034774
2487.0,-1.4400515706703751,3.673784417937069,0.6226622231243121
2488.0,-0.7778297046565696,3.680671328385075,0.6225022173942376
2489.0,-2.502812805630197,3.664088254555114,0.622415791871498
2490.0,-1.4808549097854586,3.6738715489357365,0.6221377015597613
2491.0,-3.377208682833478,3.6551127700224813,0.6219731621253407
2492.0,-1.5425556840922088,3.6724622356335304,0.621597916716137
2493.0,-3.452489404783738,3.6535272792385913,0.6214265216401267
2494.0,-1.1366750798898348,3.6756402446509213,0.6210429117062618
2495.0,0.2633010967415492,3.6900590883905795,0.6209166144751629
2496.0,-2.6526048599642396,3.662181589673997,0.6209458701525786
2497.0,-5.240679363509261,3.635721179264278,0.6206511362792493
2498.0,-3.185091166556029,3.6540765529670667,0.6200688385721927
2499.0,-0.9601560821383708,3.675448070361611,0.6197149395536865
2500.0,-1.808654016218444,3.6674894645693303,0.61960825554456
2501.0,-2.188858001656213,3.663663628120068,0.6194072939872024
2502.0,-1.2391645550564512,3.6728907483788373,0.6191640875425739
2503.0,-1.8944332009394724,3.6666612650817325,0.619026402592012
2504.0,-0.9778435156860796,3.6757254547917144,0.6188159100141298
2505.0,-1.3507204041912682,3.6724642759696917,0.6187072607346091
2506.0,-0.5978744340788014,3.6802101079264693,0.618557180689699
2507.0,-2.051504895117182,3.66635203749474,0.6184907501970236
2508.0,-1.3684257481325566,3.67292910580803,0.6182628052086773
2509.0,-2.883908841357232,3.6579466309868183,0.6181107579033293
2510.0,-3.251826014448757,3.65347860981132,0.6177903235876229
2511.0,-0.3665404494762834,3.681319294443183,0.6174290095860174
2512.0,-2.22974415459664,3.663496987160517,0.6173882828694089
2513.0,-1.4938992926720263,3.6704739606096224,0.6171405335188982
2514.0,-2.3453249819857622,3.6620399564231114,0.6169745447086012
2515.0,-3.2331445636499554,3.652699316119859,0.6167139530439362
2516.0,-2.4862713842719986,3.659150187344434,0.6163547147590862
2517.0,-0.7050074777903572,3.676425466317542,0.616078462383056
2518.0,-1.80594990715072,3.6659992114308717,0.6160001282188571
2519.0,-4.639341449663074,3.6375398857994727,0.6157994671180625
2520.0,-2.7690555707201936,3.654335030827474,0.6152839847347666
2521.0,-0.27213275911910983,3.678598459779207,0.6149763118935755
2522.0,-2.767246077312445,3.6545141577618034,0.61494607492034
2523.0,-4.7505983646677254,3.633958838538217,0.614638603133972
2524.0,-0.13368889322182032,3.6781681805828894,0.6141107588712311
2525.0,-1.6470093627340092,3.664001294128134,0.614095904549762
2526.0,-2.5875160735160003,3.654588003886052,0.6139129035094583
2527.0,-2.9642721701025856,3.6502153146889444,0.613625401723512
2528.0,-1.1470600877603307,3.6675502179185835,0.6132960381490562
2529.0,-3.1774792502827407,3.6475575380485474,0.613168587028194
2530.0,-1.0646794693550146,3.6677103666782824,0.6128155337781626
2531.0,-1.82225589284468,3.6604962253401254,0.6126972360593453
2532.0,-2.1941475931408125,3.6566499688657363,0.6124947631823626
2533.0,-2.318106493330506,3.6550452302376795,0.6122509690053469
2534.0,-2.7187100458927227,3.650596237744928,0.6119934016171991
2535.0,-1.192949849738418,3.665160948957336,0.611691322723211
2536.0,-3.581678540127293,3.641544107486102,0.6115587727399068
2537.0,-4.527406408537761,3.630846700839022,0.6111608084576704
2538.0,-1.7319498463844067,3.656983983267086,0.6106577633011662
2539.0,-1.7109520899160653,3.657157388158778,0.6104653244293456
2540.0,-1.8996985593602917,3.6552401498764406,0.6102752186415772
2541.0,-1.9903395379774516,3.654179101959161,0.6100641410238705
2542.0,-2.9006754729219346,3.6448601646167633,0.6098429921863174
2543.0,-1.5156466195180935,3.6579208061705866,0.6095206949115484
2544.0,-2.556947658443176,3.647594900610203,0.6093522897316019
2545.0,-3.1088919510189728,3.641500701744329,0.6090681844362194
2546.0,-2.8898641403192498,3.6427737170265835,0.6087227519972173
2547.0,0.0257996234697897,3.6711606243053216,0.6084016559816262
2548.0,-4.668720102556791,3.625282365851682,0.6084045226064562
2549.0,-1.8752648696302514,3.6513116794767253,0.6078857759283943
2550.0,-4.598888034529646,3.62395137743988,0.607677413165102
2551.0,-2.6352916729037164,3.641749713354756,0.6071664256057099
2552.0,-3.0420343564427346,3.6371037225945226,0.6068736154198316
2553.0,-5.1062853708498475,3.6156310009248864,0.6065356116024492
2554.0,-2.013703011957796,3.6444396347298706,0.6059682465612436
2555.0,-2.975047577740245,3.634681295666156,0.6057445017821371
2556.0,-5.124007928201555,3.6124388267678533,0.605413940940166
2557.0,-1.4505398865321848,3.647078820931375,0.6048446067259213
2558.0,-0.7062422775138313,3.6547632048339027,0.6046834356274178
2559.0,-0.637344572129285,3.6561483948731754,0.6046049642632496
2560.0,-2.051304449185661,3.6427277492506382,0.6045341481996797
2561.0,-2.4424273267786054,3.6386275871601614,0.6043062254831034
2562.0,-0.8398042238802539,3.6542157225263097,0.6040348446690169
2563.0,-0.39702051832487717,3.659211877367587,0.6039415330885858
2564.0,-1.0830391214054689,3.6531800978367843,0.6038974196976608
2565.0,-3.6769220027872516,3.6276168681269807,0.6037770820175046
2566.0,-2.2483189334813476,3.640637212642642,0.603368535128306
2567.0,-1.9506048196357142,3.6432616699611398,0.6031187219134747
2568.0,-4.7620212111465365,3.6149812611627428,0.6029019880446262
2569.0,-1.9132991754740325,3.6415344885148406,0.6023728745767211
2570.0,0.34123978247423636,3.6639621870010193,0.6021602857794461
2571.0,-1.7000797927490108,3.6448409757698466,0.6021982013108321
2572.0,-0.6582336481978046,3.6552397412355297,0.6020093035560823
2573.0,-2.2713565873391186,3.6397361136969497,0.6019361664840603
2574.0,-2.5915229049797768,3.6361316419920615,0.6016837935299115
2575.0,-2.0234107623987807,3.6412099929406385,0.6013958465404693
2576.0,-3.5197833099805407,3.626004561609918,0.601171023122425
2577.0,-3.7047189840429855,3.6229725435322777,0.6007799360879827
2578.0,-0.917119303538293,3.649565179269068,0.6003683006453113
2579.0,-0.7845720714168523,3.65137338049953,0.6002663985004737
2580.0,-3.7388828944841883,3.622380447016006,0.6001792238258719
2581.0,-1.2900014943076694,3.645548995191311,0.5997637923931514
2582.0,-2.6086999695075264,3.6325961448398973,0.5996204588937838
2583.0,-2.0752392818869616,3.6373265211980534,0.5993306033416163
2584.0,-1.9247267007061706,3.6385667463272213,0.5991000211991844
2585.0,-1.257061914844602,3.6450712450219265,0.5988861626768837
2586.0,-2.396602247671014,3.633919224179807,0.5987464891307898
2587.0,-0.7372975058725801,3.6500296477412766,0.5984801999921596
2588.0,-2.113233950300094,3.6368312454998386,0.5983982780470627
2589.0,-1.7197696594130842,3.640446733122946,0.5981634742748071
2590.0,-3.541578239421558,3.622155964099627,0.5979723887570946
2591.0,0.19832376338104263,3.658334304107296,0.5975788800638255
2592.0,-1.912718845993792,3.6383660413893057,0.5976009160375345
2593.0,-1.608753218318626,3.6411958428511726,0.597388391721313
2594.0,-4.510232264014427,3.6121596546330035,0.597209641363722
2595.0,-3.5283775288488766,3.6201306205661044,0.5967085044454982
2596.0,-0.952645390101587,3.644684507795671,0.5963164624978483
2597.0,-2.141386102134244,3.633225716290091,0.5962106130100593
2598.0,-4.892224668536158,3.605385759484042,0.5959726812209333
2599.0,-1.2021375887702264,3.6402289540853423,0.595429100702207
2600.0,-3.179728505440904,3.620742398335736,0.5952955298590104
2601.0,-0.7358537676541099,3.6442178190484262,0.5949422266917391
2602.0,-2.6097945982546245,3.6260598179815804,0.5948604651619998
2603.0,-2.2441166424743377,3.6291049730956595,0.5945704879844159
2604.0,-1.0263067767604395,3.6409058228612086,0.5943211416908076
2605.0,-3.621866213568328,3.615337636014162,0.5942071076045009
2606.0,-3.7410585097924245,3.6128910294314176,0.5938046780252155
2607.0,-2.7456230254976344,3.6215328330012286,0.5933890048574608
2608.0,-1.4660340004734724,3.6336585881096832,0.5930839356324056
2609.0,-4.163596565766863,3.6068215076116372,0.5929210429656863
2610.0,-4.585043249861371,3.6010439002356085,0.5924584211250455
2611.0,-1.4703488411952597,3.6303856649846225,0.5919489718750609
2612.0,-3.2537228907087545,3.612727672365954,0.5917855997815947
2613.0,-2.9902825161503537,3.614408727600919,0.5914240750159604
2614.0,-4.821013002425207,3.595324174352973,0.5910918214030548
2615.0,-3.348724142939978,3.608128638380343,0.5905561532916742
2616.0,-2.5094591207889385,3.6155551387619154,0.5901840728313476
2617.0,-1.3370276779713848,3.6268505640033415,0.5899052440401488
2618.0,-3.4640377077932984,3.605887856163045,0.5897566854092631
2619.0,-0.42827984970937916,3.635205338391855,0.5893717923306194
2620.0,-3.3556950302247506,3.6068078909147014,0.5893242056806517
2621.0,-3.3538647519814684,3.6058427071350776,0.5889513506772934
2622.0,-0.5783030601277472,3.632627133719581,0.5885786990381844
2623.0,-2.2356748095451033,3.6168345217837277,0.5885144431426146
2624.0,-3.1900309112644707,3.607010535451301,0.5882660348304429
2625.0,-2.693916413975742,3.611090631394573,0.5879115869514135
2626.0,-0.808658028072426,3.6293827354605983,0.5876122629054162
2627.0,-0.6672464754678977,3.631422527604521,0.5875224120134082
2628.0,-3.52099147408782,3.6035808188944483,0.5874482735161339
2629.0,-2.5530422625988853,3.6121457418181837,0.5870570522412353
2630.0,-2.3873039654155335,3.6133097246596013,0.5867733808787243
2631.0,-3.732800138145747,3.599467608559022,0.5865081248825671
2632.0,-2.569606315812493,3.6098684732169533,0.586093369311662
2633.0,-2.4933464244353742,3.6101457085147546,0.5858078574987939
2634.0,-1.0747381513290803,3.6238962517983024,0.5855308190071901
2635.0,-0.9907187146109988,3.6251920243563185,0.5854114036570424
2636.0,-2.91151174794876,3.6064769518577218,0.5853013237998633
2637.0,-2.7674414298260146,3.6071893647020783,0.5849778224945357
2638.0,-1.6696346224304555,3.6175362648574567,0.5846703290023327
2639.0,-3.2314855611587645,3.6019802638719347,0.5844848140442849
2640.0,-1.7641998103282466,3.615727704678279,0.584125760093045
2641.0,-2.6098831092115184,3.6072764316460115,0.5839297378918974
2642.0,-3.711748222173276,3.5957258035790156,0.5836397508797628
2643.0,-3.6960458910995584,3.5946625821123033,0.5832273344106325
2644.0,-0.6911766299611224,3.6235166626778343,0.5828166626449547
2645.0,-2.695526848929123,3.6041790651281844,0.5827398652416257
2646.0,-0.4495573826271113,3.626066999738923,0.5824403622584113
2647.0,-3.142045325893638,3.599983257491015,0.5823904114381194
2648.0,-2.1359934985856333,3.6091731387089685,0.582041295290798
2649.0,0.4908459037728017,3.635211529571294,0.581803962679844
2650.0,-3.821733430829099,3.593501372240941,0.5818585011135966
2651.0,-4.87226812487472,3.5816729201657607,0.5814338640657267
2652.0,-0.8917623358909585,3.619513749676617,0.5808925009407406
2653.0,-3.533511381741342,3.5936592281840345,0.5807934162367527
2654.0,-2.525882955132792,3.6026237270288624,0.5804008038610037
2655.0,-3.232397763064481,3.5950928741820563,0.5801201501993223
2656.0,-2.1647965238058546,3.60486170755793,0.5797609948923151
2657.0,-3.6881702589821774,3.5894005992897378,0.5795204619452256
2658.0,-2.7249251098541327,3.5978471943724966,0.579110665249783
2659.0,-1.9377308418043322,3.6051527189211097,0.5788078957931326
2660.0,-3.7603861078428276,3.5868571539228125,0.5785925923662655
2661.0,-3.375105037057361,3.5894916487724657,0.5781747716876163
2662.0,-2.9342285419981646,3.5929394194746744,0.5777997600168322
2663.0,-4.286019292782848,3.5787478406088145,0.5774737346232769
2664.0,-3.0282012284984328,3.589809511195505,0.5769975102574121
2665.0,-2.3515043251213728,3.595870018381576,0.5766610434542456
2666.0,-2.9994361769855358,3.5891145299612015,0.5763997651958989
2667.0,-2.839220616164656,3.5900317030198505,0.5760664945095672
2668.0,-2.524877088633232,3.5925959819748328,0.5757510255522155
2669.0,-3.3196793280403925,3.5842693394928324,0.5754704836534784
2670.0,-1.6361717926664034,3.600226694902017,0.5751016303948072
2671.0,-0.7050273439977803,3.609725516447713,0.5749198335289554
2672.0,-3.0804754902443108,3.58673169345085,0.5748414971574001
2673.0,-1.893502210652866,3.597850218052274,0.5744992221029285
2674.0,-2.7995214442933087,3.588790250112337,0.5742888329684115
2675.0,-2.043140818701869,3.595778569647454,0.5739777750301567
2676.0,-0.542775585995932,3.6106847702654243,0.5737507593836343
2677.0,-1.8641755712273764,3.5983092862391124,0.5736904509851903
2678.0,-4.716768173512101,3.5697701353176092,0.5734833203661651
2679.0,-1.9325054606913015,3.595803030651203,0.5729592350135526
2680.0,-0.9589203208637385,3.6055026388830758,0.5727445121845869
2681.0,-2.7769952124976283,3.587890057948942,0.5726379654822686
2682.0,-1.2554564923527094,3.6025153448432254,0.5723294104586578
2683.0,-3.3626444264399327,3.581812028626253,0.5721899152928408
2684.0,-4.356923949402843,3.570901945325246,0.5718162881343475
2685.0,-2.3235387264591996,3.5896557495657744,0.5713321854733028
2686.0,-4.695595900932893,3.5656532526323557,0.5710740145036962
2687.0,-2.7997137661169895,3.582839996909097,0.5705522816258147
2688.0,-0.8914471716931214,3.6013658302994753,0.5702412023184684
2689.0,-4.887203632182851,3.5620517681570467,0.5701421526327247
2690.0,-4.099370994892372,3.568047376071102,0.5695991300069266
2691.0,-3.7900403064519717,3.5697799754930433,0.5691436443408275
2692.0,-2.5791498246387,3.5807400836682346,0.5687225287512218
2693.0,-2.9571459820577615,3.576584839313501,0.5684359565484841
2694.0,-0.7510795228798908,3.598032414229824,0.5681073847727
2695.0,-1.3070645886353782,3.593247385353019,0.56802393149238
2696.0,-1.8809088174142525,3.5879130009261666,0.5678787020936427
2697.0,-2.317962107070144,3.5835716001600435,0.567669712225041
2698.0,-2.008462778768966,3.586413688320183,0.5674121608798111
2699.0,-3.5774779441417186,3.5706622870832465,0.5671889983488367
2700.0,-1.4284870580542348,3.5911004550385317,0.5667915007994877
2701.0,-3.8900553179490016,3.566793687839068,0.5666327800152594
2702.0,-1.4557787576222114,3.589887980633834,0.5662005516465984
2703.0,-1.0173218723514612,3.5945673835808374,0.5660387984513071
2704.0,-2.236419247389891,3.5829336542321126,0.5659257626877126
2705.0,-2.72026632370247,3.57787010236064,0.5656772716602247
2706.0,-1.9996126146129085,3.584545164997329,0.56537501984648
2707.0,-6.076897962625841,3.5436958738109925,0.5651528406670785
2708.0,-2.1221772268931733,3.580602894082366,0.5644776297823423
2709.0,-2.6416924972997586,3.575290759844681,0.5642418323126875
2710.0,-2.5632851413212387,3.5756268022278337,0.5639483109240987
2711.0,-1.6168343588777156,3.5846935514828275,0.5636635014639519
2712.0,-2.5934611519559096,3.5751234978316813,0.5634838532018545
2713.0,-3.9252585708139476,3.5613781412972996,0.5631956908516371
2714.0,-2.6767533385317224,3.572600998591349,0.5627595510104356
2715.0,-2.4155556448989692,3.5747503549663286,0.562462133972821
2716.0,-2.356332610523734,3.5750451616868086,0.5621937389011655
2717.0,-2.297600790893665,3.575370468769874,0.5619319241666629
2718.0,-1.2007886938518084,3.5861110480126213,0.561676635189897
2719.0,-3.8575431912926845,3.5600011370732574,0.5615432142239134
2720.0,-2.2803744297939375,3.57454790728661,0.5611145983137698
2721.0,-0.8875878767271987,3.5882560287010556,0.560861223377126
2722.0,-4.668264371171494,3.551100294222913,0.5607626025019341
2723.0,-2.275441649024933,3.5732882874367857,0.5602439064606928
2724.0,-3.2317231274663043,3.563511775245218,0.5599910796108011
2725.0,-2.9633879805913814,3.5653782169124906,0.5596319992633049
2726.0,-3.6310093790180273,3.5580614246969957,0.559302733932128
2727.0,-2.7119383946255553,3.566197323106373,0.5588992884455705
2728.0,-0.1984304819663696,3.5908665178553227,0.5585979619572787
2729.0,-4.080537951471517,3.5531578904023036,0.5585759141259491
2730.0,-3.962012503098534,3.5529919531335903,0.5581225210202301
2731.0,-4.127418212704381,3.550078963702889,0.5576822974087747
2732.0,-0.34072714171487384,3.586599207693642,0.5572236953851409
2733.0,-3.0779246319016087,3.5602739767387397,0.5571858368138393
2734.0,-2.5320488254345928,3.5650352295438643,0.5568438451880724
2735.0,-3.0034786763828,3.559971546757625,0.5565625064296907
2736.0,-3.6805285980038644,3.5525550212576213,0.5562287865767593
2737.0,-2.7939383082680442,3.560354742999919,0.555819838954759
2738.0,0.5728045071706998,3.5935246414570536,0.5555094013649514
2739.0,-0.7599113487821811,3.58181410450161,0.5555730463101926
2740.0,-3.5661722722403404,3.554494597388262,0.5554886117158834
2741.0,-1.6905323711728928,3.572212505228765,0.5550923703523011
2742.0,-3.5394034658329705,3.553874381618451,0.5549045334221707
2743.0,-4.720459548557776,3.541044544598195,0.5545112663704115
2744.0,-1.2256113529192132,3.5742446122526648,0.5539867708650161
2745.0,-1.0498839416955617,3.576471510170005,0.5538505918258029
2746.0,-1.1924346861901258,3.5756099388552647,0.5537339380545033
2747.0,-3.087331561524466,3.557117914438188,0.5536014453115933
2748.0,-2.7084696675024826,3.560159145874827,0.5532584084714239
2749.0,-1.562793057927346,3.5711132122687537,0.552957467397257
2750.0,-2.010629953314866,3.566853372890825,0.552783823724154
2751.0,-2.9920468391213055,3.556965797342349,0.552560420396008
2752.0,-4.523839775147706,3.540953236402525,0.5522279707472166
2753.0,-2.357656007322485,3.5609654352136313,0.5517253218833114
2754.0,-1.1512379509548585,3.572762792876803,0.55146336010472
2755.0,-3.9969853612926967,3.5447933659545887,0.551335444776836
2756.0,-1.7015507729050288,3.5664342557372053,0.550891335292248
2757.0,-2.085572881082884,3.562738239871569,0.5507022740952585
2758.0,-1.562314670959583,3.567864430699774,0.5504705437751382
2759.0,-1.410030625351241,3.569604253034208,0.5502969532561427
2760.0,-3.368081552406691,3.550325404367432,0.5501402831866592
2761.0,-4.521199250206182,3.5378550148524917,0.5497660519030585
2762.0,-3.166899407103599,3.5497460176146483,0.5492636964308134
2763.0,-1.3885908530912408,3.5667506416593673,0.548911818718913
2764.0,-3.177504879407464,3.5492062617948723,0.5487575308463474
2765.0,-3.3675541548220522,3.5465147530795478,0.5484044747486354
2766.0,-4.776687927405797,3.5315209115824877,0.5480303020647663
2767.0,-0.309190556811326,3.5744190106403164,0.5474995589617212
2768.0,-1.4678579482183627,3.5638843378827376,0.5474652044554088
2769.0,-1.5376300234065443,3.5634849668129047,0.547302109127829
2770.0,-1.2903432665256578,3.5661998956755485,0.5471312613474505
2771.0,-1.779114548070748,3.561698034869795,0.5469878898733921
2772.0,-2.8054110689744114,3.5515003285712163,0.546790210479162
2773.0,-2.7047051301527523,3.551920843681172,0.5464784981381648
2774.0,-3.034455455740156,3.548104226513038,0.5461779753459256
2775.0,0.7934259430187502,3.585659999166352,0.5458408136286211
2776.0,-1.8051099608756969,3.561360028899893,0.5459289720667343
2777.0,-3.079750551689293,3.5486307471738545,0.5457284042933037
2778.0,-1.9181290322921503,3.5594576357583896,0.5453862097875605
2779.0,-3.763586147320397,3.540950834322324,0.545173084339528
2780.0,-0.6193666017634665,3.5711774795615465,0.5447549081009369
2781.0,-3.326336369758925,3.544881127272431,0.5446860895896298
2782.0,-1.873643209221918,3.558462199145321,0.5443164966596566
2783.0,-1.167527962821082,3.5655001365597205,0.5441083140808542
2784.0,-2.019039319743759,3.557398878034207,0.543978588751652
2785.0,-2.3819125102254524,3.5536357446183873,0.5437542510494582
2786.0,-2.486497393929981,3.552224079335724,0.5434895941038775
2787.0,-2.570551371108884,3.5509526782347236,0.5432133166156631
2788.0,-3.220873111159378,3.54396763716859,0.542927699796651
2789.0,-3.0618542872121304,3.544670678826535,0.5425698250065222
2790.0,-0.6505120329363312,3.568006909766388,0.5422296189746098
2791.0,-2.635670790856446,3.5488991378288848,0.542157339859839
2792.0,-3.4822453367284663,3.539911543040859,0.5418644875497439
2793.0,-3.145371996076886,3.5422307148213474,0.5414775714012185
2794.0,-1.1245366491284712,3.561614054265575,0.5411280856238767
2795.0,-1.6554917085444019,3.5567563407697853,0.5410031371073069
2796.0,-1.799588527209679,3.5554193165925985,0.5408191935841352
2797.0,-2.8219014986372395,3.5452015208265246,0.5406192393033341
2798.0,-1.7832969122838187,3.554945168587032,0.5403056946923744
2799.0,-3.30445140618831,3.539748600490846,0.5401075505910096
2800.0,-2.824517539182218,3.5436020293448647,0.5397403893236553
2801.0,-1.2877443907603183,3.558336325718897,0.539426554041524
2802.0,-1.4071529013511694,3.5574784992633246,0.5392834713314395
2803.0,-3.727387307438504,3.5345250002784394,0.5391271210090671
2804.0,-3.5694080661357197,3.5348870904077665,0.5387129668637962
2805.0,-2.3641223089832377,3.545837807361059,0.5383163659675589
2806.0,-0.3423345316631128,3.5657239438683197,0.5380536857110052
2807.0,-4.894456455586242,3.521139316064127,0.5380156485408204
2808.0,-2.1520838255368697,3.5466198717727275,0.5374718200457552
2809.0,-4.220054164466435,3.5257474469592767,0.5372326996206955
2810.0,-3.292913741906932,3.533525829199002,0.5367638047135326
2811.0,-2.955535522580302,3.5360095729969108,0.5363979254088762
2812.0,-3.0256354292961136,3.5346401636165257,0.5360695325730339
2813.0,-3.1672449245740104,3.532517446709164,0.5357333508586677
2814.0,-2.4909911745295372,3.538490946191515,0.5353814347559372
2815.0,-3.169069458288223,3.531353332757353,0.5351046579587673
2816.0,-4.328071731067691,3.5189808888705953,0.5347525391300686
2817.0,-1.5251629843465295,3.5455080958519973,0.534271642271061
2818.0,-1.5589097910638994,3.545448340107675,0.5341021797172447
2819.0,-1.4460321124716637,3.546821550155179,0.5339289675182376
2820.0,-4.425918120330103,3.5173265590631297,0.5337682972835185
2821.0,-2.1263523092698113,3.5387440390979576,0.5332765286034818
2822.0,-1.6550264302413458,3.543344450259524,0.5330402672357852
2823.0,-3.7890025855494813,3.5221828048699906,0.5328563754102029
2824.0,-2.4885334397723384,3.534016603359181,0.5324353751229196
2825.0,-2.645333306637957,3.5321085980982136,0.5321588714073894
2826.0,-0.19731167678967054,3.556149879998657,0.5318649454844296
2827.0,-0.09437995373428354,3.5582775057577414,0.5318430219647864
2828.0,-4.580445491662751,3.5145525946218608,0.5318325353032604
2829.0,0.6174087571599869,3.5648245943205983,0.5313235969152978
2830.0,-3.644032151441655,3.523790094335421,0.5313921978883156
2831.0,-1.2741583820907179,3.546359200914269,0.5309873054270443
2832.0,-1.2868775239203365,3.5466039050110743,0.5308457322734786
2833.0,-3.7446127835522587,3.5223771871229506,0.5307027458819319
2834.0,-1.8834152577011263,3.5397849741762735,0.5302866777948705
2835.0,-2.63441718033258,3.532254617113329,0.5300774094329037
2836.0,-1.8070874942095116,3.54003044060069,0.5297846964128667
2837.0,-2.211659622024218,3.53600927222395,0.5295839089135101
2838.0,-1.0045756432871913,3.5478440878205264,0.5293381689555074
2839.0,-2.405750571067422,3.5343518092449555,0.5292265494395867
2840.0,-2.709842586782889,3.5309354104887682,0.5289592438205792
2841.0,-1.1299197086785244,3.5461692330026993,0.5286581501998255
2842.0,-1.7745050439267458,3.54015363329445,0.5285326035655279
2843.0,-1.5852332570988903,3.5420581026854614,0.528335436338425
2844.0,-3.330733340323246,3.5247273923180353,0.5281592993098584
2845.0,-3.8065784767480926,3.518989815519216,0.5277892178276002
2846.0,-3.209652679065877,3.5236936226501623,0.5273662646635171
2847.0,-3.276026732100736,3.5221563868314236,0.5270096365880653
2848.0,-1.517250914183857,3.5388390435834256,0.5266456336178319
2849.0,-1.2800199371324352,3.5414202966934116,0.5264770501829226
2850.0,-2.6939128619155004,3.5276290112724253,0.5263348257454634
2851.0,-0.7113512264695596,3.5469025341832903,0.5260355020941395
2852.0,-0.7894132577935877,3.546817852921491,0.5259564630689763
2853.0,-2.195751354499326,3.533382441622239,0.525868750484777
2854.0,-3.5273647144288,3.519794328136848,0.5256247781120549
2855.0,-0.5307791882055748,3.5486519277262407,0.5252328486993406
2856.0,-2.57627168878551,3.5289835702112846,0.5251738732339845
2857.0,-2.342293504461282,3.530806049518498,0.5248876208241194
2858.0,-2.9245062820082106,3.5246172319275777,0.5246273659902904
2859.0,-3.612237907871497,3.517008923683949,0.524302420847845
2860.0,-4.335799287894115,3.5086185410022996,0.5239010610803037
2861.0,-1.70891459555339,3.533294136850561,0.523419305603871
2862.0,-3.4792513173707755,3.5156691772780317,0.5232294262043651
2863.0,1.3244140362460293,3.5626658591462594,0.5228428427246572
2864.0,-3.8575919782655985,3.512832896535099,0.5229899998397957
2865.0,-4.071728093726712,3.5093843430635627,0.5225613785088773
2866.0,-1.8623266054831986,3.530055126037253,0.522108964276241
2867.0,-0.5883581512908809,3.542778127060621,0.5219020390978539
2868.0,-2.419262928820973,3.5252458515910874,0.5218366659699327
2869.0,-1.784696974765907,3.5311990368296136,0.5215678589778415
2870.0,-4.8044342718233874,3.5010086377191523,0.5213695593139787
2871.0,-3.3468894321147085,3.5136903063599196,0.5208357332837761
2872.0,-3.8420196614219586,3.507788838368222,0.5204638566802078
2873.0,-4.868807312434852,3.4962715623713354,0.5200369656067164
2874.0,-2.353774707470141,3.5195451215635893,0.5194959870164458
2875.0,-5.303534527013042,3.489777085864268,0.5192344564933936
2876.0,-4.152744957609311,3.499162182470765,0.5186451748792811
2877.0,-3.1714922425167726,3.50760661406462,0.51818375877288
2878.0,-3.5391072949388453,3.503196476940028,0.5178313707459338
2879.0,-2.0044893722411654,3.5175845884144885,0.5174381366020516
2880.0,-2.1180247601218998,3.5164646900731773,0.5172154155606915
2881.0,-1.382751567580679,3.5237542183176602,0.5169800794762335
2882.0,-1.5595203341091524,3.5223787519048817,0.5168264404131689
2883.0,-1.0739840132982739,3.527501151936034,0.5166531603760457
2884.0,-2.5023980000113175,3.5137768478726743,0.5165338288190126
2885.0,-2.1206663739791627,3.517240622008232,0.5162557845967891
2886.0,-1.860607872601011,3.5197270554184468,0.5160201549996803
2887.0,-2.322929128261218,3.515148317443079,0.5158134207916135
2888.0,-2.996492887396342,3.5081596471756074,0.5155553175551401
2889.0,-2.915553167924713,3.5082915311820986,0.5152223739009849
2890.0,-3.5219479979124566,3.5016068525992106,0.5148984235489933
2891.0,-1.972978962612713,3.51610024709617,0.5145070959936697
2892.0,-2.6175189676064443,3.509642225286926,0.514287876108935
2893.0,-3.328967188295956,3.5021042443833594,0.5139970406680898
2894.0,-3.327806024155741,3.5012471551494286,0.5136271554249459
2895.0,-4.012998409728485,3.4935366645671975,0.5132573992000397
2896.0,-1.2764483234535005,3.5196228348342133,0.5128115104878476
2897.0,-2.4017279130852653,3.5088245445117745,0.5126696828963527
2898.0,-3.578500024466588,3.4967899517038266,0.5124028242393432
2899.0,-1.4893153129974772,3.5166747123888933,0.5120052131255136
2900.0,-3.200561012242966,3.4998778087398317,0.5118397336462917
2901.0,-4.258125783765291,3.4885313099741992,0.5114841157560425
2902.0,-1.2234721384760838,3.5174509268476695,0.5110109906689574
2903.0,-3.1713712369576412,3.498468587337438,0.5108750493202379
2904.0,-3.0111238627609866,3.4993293681695037,0.5105226747383537
2905.0,-2.448524974563528,3.5043210638353166,0.5101881054202692
2906.0,-1.0717634715123565,3.517812191749516,0.5099160470897621
2907.0,-2.4749533864171105,3.504365784905734,0.509796962259594
2908.0,-3.9988964076815376,3.4888136892442447,0.509521967438881
2909.0,-1.8201537448597747,3.50933128833704,0.5090776456158053
2910.0,-3.106237155327155,3.496584339059305,0.5088754063108208
2911.0,-0.14009503558816716,3.525543710540089,0.5085302688491178
2912.0,-2.5013996524973625,3.5030958043771614,0.5085147027340524
2913.0,-5.293794372373332,3.4748270285326934,0.5082367694393305
2914.0,-2.0532937848054074,3.5051349213483634,0.5076485700646224
2915.0,-0.06925275967471434,3.5249435414747707,0.5074204263107551
2916.0,-0.5300996393182631,3.521541812863088,0.5074127315596801
2917.0,-0.21130713905429355,3.525618171465263,0.5073538315997559
2918.0,-3.7747002317268294,3.491049662679087,0.5073303530287498
2919.0,-1.3598095050290264,3.5140021142300006,0.5069109418918913
2920.0,-3.4024931746708895,3.493909922677864,0.5067598519468881
2921.0,-2.2196382507288446,3.504778974187579,0.5063817971497024
2922.0,-4.091190535924666,3.4858576361921974,0.5061351706773992
2923.0,-3.3055697061033955,3.4923312656081977,0.5056805939511854
2924.0,-3.345308371704519,3.4910635014646605,0.505313308428285
2925.0,-1.3768058998217296,3.509862868944968,0.5049416074980957
2926.0,-1.4991010979129307,3.5089992084100534,0.5047886290647822
2927.0,-2.153975338336474,3.502719782506528,0.5046220622761252
2928.0,-4.188026772569232,3.482226230807796,0.5043827316829766
2929.0,-2.8895492924371498,3.493778189835139,0.5039173953749134
2930.0,-3.4326456036784077,3.4877492474891225,0.5035963343424205
2931.0,-1.4129053041318862,3.5070124535596334,0.5032149292753451
2932.0,-1.0272689339785193,3.5112125762738766,0.5030579397971082
2933.0,-1.1795180174613962,3.510262800900934,0.502943798804444
2934.0,-3.4440242742712757,3.4880778017571887,0.5028127412469482
2935.0,-5.92441640286185,3.462298232691976,0.5024300718831403
2936.0,-4.708702372662568,3.4719352376196806,0.5017718033939333
2937.0,-0.7229662773972394,3.5100754777273973,0.5012486142414153
2938.0,-3.00156867414978,3.488098152415692,0.5011682846550378
2939.0,-3.4384057728313904,3.4830869745917643,0.5008347770245767
2940.0,-0.44667463320470757,3.5120925714795033,0.5004527319387065
2941.0,-0.9185500681395915,3.5083493014576317,0.500403101423906
2942.0,-2.4694390976002665,3.4934949551463603,0.5003010403052238
2943.0,-2.866753863829967,3.4891845521352227,0.5000266581832682
2944.0,-2.6651265160164064,3.490614051837623,0.499708129976176
2945.0,-2.2160465020156677,3.494648970210257,0.4994120048077297
2946.0,-0.49994089835049005,3.5116378400899677,0.49916577741861684
2947.0,-1.9719157197034667,3.4978193059245255,0.4991102284299112
2948.0,-1.5924637087010733,3.5015683334715595,0.4988911266832775
2949.0,-1.0384123636622857,3.5072959816455,0.4987141862711996
2950.0,-3.962095001280524,3.478584209719672,0.4985988071196816
2951.0,-1.5564226344074463,3.5013157181970764,0.49815857434176153
2952.0,-2.868210943327014,3.4884004771841006,0.49798563849349403
2953.0,-5.645118994715958,3.4600010576066413,0.4976669483886799
2954.0,-5.1602119274822655,3.462483041617497,0.4970397129448226
2955.0,-3.7726470143983573,3.4743334793007863,0.4964663560639912
2956.0,-1.8359709642592732,3.4925766245579593,0.4960471730623914
2957.0,-2.3577505433246295,3.4874644099054612,0.4958431762885848
2958.0,-2.26954161603042,3.48811593172526,0.4955812040059932
2959.0,-0.061320646641634724,3.510020439404106,0.49532903271532314
2960.0,-4.086362018574765,3.4709743852275334,0.49532221931014075
2961.0,-2.5342916927296546,3.4851450688950654,0.4948681790858547
2962.0,-2.1194555964827306,3.488935737122844,0.4945865911199958
2963.0,-3.4203413956729194,3.47582948075277,0.49435109605371996
2964.0,-2.464591568646324,3.4844685744552333,0.4939710581208674
2965.0,-4.499936667605431,3.463806809963681,0.49369721461324
2966.0,-0.7376172284062152,3.4998437243416745,0.4931972216501727
2967.0,-3.352018190663042,3.474496718876889,0.4931152641803498
2968.0,0.03925020597312878,3.5075445099124614,0.49274281771472056
2969.0,-2.540592904896819,3.4830183170270055,0.49274717884871755
2970.0,-1.214933043251021,3.495898255244413,0.49246489074817346
2971.0,-2.566628586238943,3.4828369004320656,0.49232989818781225
2972.0,-2.538429790325662,3.4827115132758886,0.4920447172337857
2973.0,-3.2300366665275098,3.475406959216907,0.491762669479305
2974.0,-2.351095088292153,3.4833747970694326,0.4914037765163575
2975.0,-2.1025016319824408,3.4855994684899376,0.49114254372876953
2976.0,-3.4803231361439746,3.47171437487962,0.49090893243632705
2977.0,-2.6563055198248553,3.478978761438925,0.49052222986564437
2978.0,-3.262623582571392,3.4724684791602005,0.49022708480788607
2979.0,0.3745800870185483,3.508014800495098,0.48986457107648923
2980.0,-2.6121634623895233,3.479612521397425,0.48990619108615796
2981.0,-0.5684598103793008,3.4996071111371507,0.48961595070144803
2982.0,-2.7445279135096103,3.478688171215516,0.48955278850029477
2983.0,-2.1758904480813652,3.4838291159604116,0.48924784095434926
2984.0,-4.151705089556587,3.463886303537105,0.48900607534900686
2985.0,-3.0588407398348307,3.473387885656471,0.48854477478350056
2986.0,-2.2368316615134414,3.480886889207483,0.4882049035901856
2987.0,-0.5174952113001665,3.49788197741233,0.4879563667389063
2988.0,-2.222521527904661,3.4817095302349492,0.4878988672709841
2989.0,-0.770349548508751,3.4960167459550204,0.48765192043455025
2990.0,-1.6990886122463498,3.4874238276182727,0.4875663260402715
2991.0,-0.4657483256691428,3.499850041711953,0.48737753841668857
2992.0,-2.5738027716313194,3.4796284761331036,0.48732578860272535
2993.0,0.48777838831475506,3.5097588501990353,0.4870398105169885
2994.0,-3.1067452536426536,3.475252367086199,0.48709400811569015
2995.0,-3.4580772927470864,3.4708901645209114,0.48674881419861876
2996.0,-4.012566062111293,3.4642861952891884,0.4863645833883135
2997.0,0.4137808394475879,3.507156720784625,0.4859187427147456
2998.0,-1.475690534227628,3.489666367199513,0.48596471836357313
2999.0,-2.9176509167253855,3.475433820173946,0.48580075274865897
3000.0,-0.9387216289081313,3.494496420775481,0.4854765693134673
3001.0,-1.6403847686027726,3.4880026764757313,0.48537226691025526
3002.0,-0.04234066078051235,3.5040505354575853,0.48519000193596606
3003.0,-4.434791040924889,3.4611894252128446,0.48518529741810157
3004.0,-2.8317001353928184,3.475502745895043,0.4846925428579988
3005.0,-3.078151729928532,3.4723530552084068,0.4843779095096218
3006.0,-4.967103345510752,3.4526310143769767,0.4840358926507408
3007.0,-1.1745909940253823,3.4885483808585143,0.4834839922790174
3008.0,-2.837995694754198,3.4723176961872553,0.4833534821685701
3009.0,-1.5754609937667974,3.4842894897506644,0.4830381493135974
3010.0,0.44971491791201457,3.5046862461835286,0.48286309809206773
3011.0,-2.9415546147845104,3.472180779436044,0.4829130664162802
3012.0,-3.0264412283214437,3.4705796797030852,0.48258622701463744
3013.0,-2.351669787845005,3.476530406492984,0.48224995576704616
3014.0,-1.265940808770738,3.4870233415681917,0.4819886591239523
3015.0,-3.208391281637687,3.4679168833339546,0.48184799903408887
3016.0,-3.2887019964151634,3.466201635040832,0.4814915111139069
3017.0,-1.1785134121982925,3.486352392104846,0.4811260997809719
3018.0,-2.0267008452024555,3.478255405186915,0.4809951538462832
3019.0,-5.055910328756026,3.4478032447845286,0.48076996486348295
3020.0,-4.031739749336385,3.4559816851784664,0.4802081970491767
3021.0,-0.6234551702159872,3.488676481091966,0.4797602259659171
3022.0,-1.9975896461514844,3.4757054022904628,0.47969095316922644
3023.0,-3.452744913796561,3.461041738596623,0.4794689987640985
3024.0,-2.713012071543728,3.467410229689398,0.47908536044034333
3025.0,-2.483454158997912,3.4691543601713812,0.4787839146546162
3026.0,-1.5803332996497952,3.4777824745563444,0.47850797530361644
3027.0,-4.197829243573487,3.4517726078473374,0.47833238271476647
3028.0,-3.5511864233380726,3.4567528687844233,0.4778659572432583
3029.0,-2.158805306420764,3.4696178711616503,0.47747138097399855
3030.0,-2.624793225619313,3.4647863568147237,0.4772315137177296
3031.0,-1.7851760217041126,3.4727155604248563,0.47693987002599414
3032.0,-4.036884246699497,3.450260834514542,0.4767415171346937
3033.0,-2.0535891546608487,3.4687360792571145,0.47629297444061597
3034.0,-1.1355204757781598,3.477822472381499,0.47606479786787587
3035.0,-1.8914768160633957,3.470740156292038,0.47593862892612276
3036.0,-2.32611032529801,3.466381750515295,0.47572846483544906
3037.0,-2.6198545032074634,3.4631537001834767,0.4754700081326382
3038.0,-3.5435639409643773,3.4534410571426486,0.47517891318783734
3039.0,-2.5899982405497357,3.4619243950465846,0.4747851838610635
3040.0,-0.9253676838994926,3.4781301072069986,0.4744974062787802
3041.0,-2.6487856332501565,3.4615017781520496,0.4743945876472358
3042.0,-3.612254986685513,3.451374260559793,0.4741002781324302
3043.0,-3.1153088609567328,3.455249497163176,0.47369891646724294
3044.0,-2.248937128405087,3.4631449896269633,0.47335277103824774
3045.0,-2.9668924964760586,3.4557488534772616,0.47310288913509163
3046.0,-1.8933708961710742,3.4658148141549883,0.47277323441326097
3047.0,-1.8464452990637121,3.466294552429773,0.47256285986924196
3048.0,-1.3887710244941898,3.4709047814403506,0.4723576992804571
3049.0,-0.7205506596687088,3.477900818473638,0.47220339138884665
3050.0,-1.255176594534549,3.4732757141388735,0.47212333020443903
3051.0,-3.6677988301849496,3.4495158373422927,0.4719838661383796
3052.0,-3.6294180582203404,3.448739598867705,0.4715763329350257
3053.0,-2.5947143455747805,3.4579663546029793,0.4711730642618901
3054.0,-3.063969196549268,3.45281754476903,0.47088476266793733
3055.0,-3.9229084087011783,3.4434798871585053,0.4705443216460985
3056.0,-3.0521147427162427,3.4509084372574317,0.4701084429340206
3057.0,-3.0931411670237985,3.4497827042913483,0.46976931907371877
3058.0,-3.3398096747015074,3.446581796418463,0.46942563672182724
3059.0,-2.894736857693757,3.450150813230814,0.46905454675797154
3060.0,-1.0269364371020862,3.46823630334375,0.4687329093293389
3061.0,-2.250952448438451,3.456580054338065,0.46861880528077204
3062.0,0.5897613450693369,3.484785850069426,0.4683686994531678
3063.0,-2.2868647674754383,3.4575979769621674,0.46843422849150884
3064.0,-2.862582217421565,3.4515788210111467,0.4681801324062338
3065.0,-2.4948338966814174,3.454631931748068,0.46786206771540917
3066.0,-2.179385026945575,3.457398324432917,0.46758486394911125
3067.0,-1.9559325535361705,3.459443801192644,0.4673427100572284
3068.0,0.09588915732377945,3.4799106078608135,0.4671253842179466
3069.0,-3.5566505812219606,3.4446160806771595,0.46713603856876035
3070.0,-1.4261924272778306,3.464831075894165,0.4667408551708468
3071.0,-2.240311752982345,3.456951394726785,0.4665823893455937
3072.0,-4.463872178213272,3.4344557912640794,0.4663334658174846
3073.0,-1.5366265223815458,3.462072150293755,0.4658374800199053
3074.0,-0.9154705489951189,3.4684890920999076,0.46566674373964073
3075.0,-3.571470504721787,3.4425144237472236,0.46556502478975237
3076.0,-2.5111673348649632,3.4520196167774397,0.46516819473367216
3077.0,-4.656692827509629,3.4301463251136437,0.4648891761409094
3078.0,-4.073508074605421,3.4342158259305204,0.46437176582674167
3079.0,-1.1899630279784343,3.4616815305913486,0.46391915381845217
3080.0,-3.0830206325092933,3.443209636527676,0.46378693570423235
3081.0,-3.886003718672549,3.4344359786796206,0.46344437785617576
3082.0,-2.213174544426963,3.4499242370615684,0.46301259966521213
3083.0,-3.153015539288779,3.4403520920230757,0.46276669138249804
3084.0,-3.0885270722194202,3.440230426253404,0.46241635632257705
3085.0,-1.575842467906371,3.454639039589352,0.462073186647886
3086.0,-3.9521666986679334,3.431113561673781,0.46189809304034085
3087.0,-3.63170651585229,3.4330541239684633,0.46145896340715553
3088.0,-2.307400009813914,3.445251243175725,0.4610554404609497
3089.0,-1.2882377615647433,3.4552406810992427,0.4607990626820815
3090.0,-0.9522996231376879,3.4590344754547484,0.46065592515301873
3091.0,-3.3313271504520285,3.4358747901300855,0.4605501140837812
3092.0,-1.3282787913504401,3.455025093774076,0.4601799666226199
3093.0,-3.480177866838011,3.433892672186131,0.4600323800902476
3094.0,-0.21723831636650015,3.4655449556006657,0.45964569366059893
3095.0,-3.9172137817746604,3.429627150960957,0.4596215560698915
3096.0,-0.8394014865103363,3.4591393954722744,0.4591863100941388
3097.0,-3.3206076335234047,3.435009826408268,0.4590930432623043
3098.0,0.016558068493250477,3.467488299550534,0.4587240868585795
3099.0,-1.7608490889343946,3.4509252630305274,0.45872592664396766
3100.0,-3.7700206617602774,3.4309007851282747,0.4585302767451972
3101.0,-3.1527980994281335,3.435872425345805,0.45811138556055714
3102.0,-1.5235234934703228,3.45136813782379,0.45776107466062066
3103.0,-1.1841944779805482,3.4549953376718405,0.4575917942724573
3104.0,-2.5883944896555784,3.441389708240011,0.4574602171082372
3105.0,-2.444177148795667,3.442373119960618,0.45717261772049766
3106.0,-1.552058709194918,3.450928598681499,0.45690104248174257
3107.0,-2.3352519662364752,3.4432915275658695,0.45672859151405426
3108.0,-4.116881074172969,3.425169157412061,0.4564691190733613
3109.0,-3.5162175308002257,3.4297516716691234,0.45601168784289764
3110.0,-2.2061000710604186,3.4418260745546125,0.45562099700614206
3111.0,-0.9806469793778829,3.4538887969165066,0.45537587477602426
3112.0,-0.4800219697974404,3.459469533613523,0.4552669140005378
3113.0,-1.5255882240356873,3.4498857271438172,0.45521357822611586
3114.0,-2.1408865487045454,3.443926487361052,0.45504406842344525
3115.0,-1.5639826425219039,3.449493841485473,0.45480619214025586
3116.0,-3.3334385627585696,3.431957577948585,0.45463241629108675
3117.0,-2.6915387003227678,3.4374160443090607,0.45426203422855804
3118.0,-3.5301634016743457,3.428484146997286,0.4539629743729666
3119.0,-4.060928263384639,3.4221090377657553,0.4535707339950028
3120.0,-2.083063735454744,3.440501185959192,0.4531195197435156
3121.0,-2.2681083667690705,3.4385249713554127,0.45288806821735395
3122.0,-1.640434394363734,3.4445561282976356,0.45263605617660185
3123.0,-1.817360211384441,3.4429336407516686,0.4524537856883392
3124.0,-2.1966946608451723,3.4391673499058744,0.4522518567759632
3125.0,-1.804229167903057,3.4428746311691416,0.45200777959142485
3126.0,-2.553353870284346,3.4354104042129077,0.45180730968388005
3127.0,-1.9838857559719991,3.4406557314069035,0.4515236036982929
3128.0,-3.4076805033579496,3.4263282380335136,0.45130317194762937
3129.0,-2.0378675929510877,3.439039329484191,0.4509245407805896
3130.0,-1.6644778933924882,3.4426581120537967,0.4506981110480395
3131.0,-3.337101785090254,3.426047272653147,0.45051316905988475
3132.0,-2.4352098762589414,3.434124150982725,0.4501423799726525
3133.0,-3.2795031370366994,3.4253166779017525,0.4498718010975126
3134.0,-3.1581333706451438,3.425636957721327,0.4495074118600641
3135.0,-3.906161693877693,3.4173500358379614,0.44915650815221464
3136.0,-0.9177813435418056,3.4459668050720835,0.44872249018622823
3137.0,-1.1678935315999404,3.444091015448242,0.44862051448139023
3138.0,-1.8282076822158286,3.43793851883051,0.4484907485334347
3139.0,-0.034755060070232435,3.4558950085480387,0.4482876143465218
3140.0,-2.7365571207104895,3.4300178741780325,0.44828375267318066
3141.0,1.289703018888293,3.4696992035965857,0.4479796907708795
3142.0,-2.7844117692040253,3.4309080587077765,0.44812299110631154
3143.0,-2.1810083103049793,3.4362941294944784,0.4478136120208444
3144.0,-2.99722239242526,3.427869244439541,0.44757127776414385
3145.0,-2.0345930499246188,3.43672012882292,0.4472382530538744
3146.0,-1.4554813401421944,3.4423487500559493,0.4470121871594383
3147.0,-2.6423954913163548,3.430677987894324,0.4468504670105336
3148.0,-0.279100191102974,3.4537554906418593,0.4465568675114985
3149.0,-2.201063394208174,3.4354680886572253,0.4465258563791537
3150.0,-2.161893267362251,3.4355634635129615,0.44628129377979725
3151.0,-3.6362471181421467,3.4205484147244443,0.446041083416757
3152.0,-1.9768761568120194,3.4359453439310843,0.4456370559591857
3153.0,-2.667534026011707,3.4289000083289105,0.44541740305287325
3154.0,-3.2602996616716085,3.422397442666634,0.4451210103833164
3155.0,-3.4705930101854547,3.419352956297333,0.4447587548653529
3156.0,0.8397042246958564,3.461394442039082,0.44437313341977674
3157.0,-2.8293465627237944,3.4263609694554287,0.4444664338891874
3158.0,-4.321231775976585,3.4107608308455037,0.44415206204888474
3159.0,-3.3727768246657157,3.4186353247699293,0.44367192518488735
3160.0,-2.564459799345267,3.4257279195865986,0.44329717220436893
3161.0,-1.816666209229394,3.432735176640982,0.4430122322266639
3162.0,-1.8065043478433582,3.4328383194091323,0.4428103804256384
3163.0,-1.6542318102793432,3.4343632049350896,0.4426096577203225
3164.0,-3.306075383296662,3.4179367647373793,0.442425854185847
3165.0,-2.074449445623068,3.4293012908378206,0.44205851247659184
3166.0,-3.595074330138223,3.413928106552496,0.44182801809374483
3167.0,-3.274553728767515,3.416009727866707,0.44142856539039615
3168.0,-3.6471362181253246,3.411376564972844,0.44106472608719977
3169.0,-3.9854860682478366,3.406862980562389,0.4406594887296303
3170.0,-1.1697381389274892,3.433693133649426,0.4402166569442694
3171.0,-1.6392353737763905,3.429456082713065,0.44008668603994416
3172.0,-1.2791682875273376,3.433205505983097,0.43990454877619123
3173.0,-2.4508586674696295,3.421854514306186,0.43976241896646595
3174.0,-1.5289903764185668,3.4306912607767472,0.4394901013367471
3175.0,-4.701611755803182,3.3991627507250266,0.439320213517145
3176.0,-1.4211406024433062,3.4301650867222246,0.43879781221094466
3177.0,-2.2786002124937124,3.4218739420694315,0.43863990769956207
3178.0,-1.716112999813543,3.4272330456148263,0.4383867298981739
3179.0,-2.0249708761892338,3.4242306399191698,0.4381960506759724
3180.0,-3.733818943171108,3.407027068972384,0.43797105391195135
3181.0,-4.372549719238808,3.3994488010525825,0.4375561851404879
3182.0,-3.3900677077287042,3.407698138215517,0.4370703462827947
3183.0,-1.7938533984088598,3.422724445082812,0.43669367209304705
3184.0,-1.6373857310307558,3.4243659843527743,0.43649435504877937
3185.0,-4.209927846727329,3.398807970223555,0.43631242330088704
3186.0,-3.726374209335268,3.4021875950839897,0.43584465354013957
3187.0,-3.404044607426049,3.4042792334643415,0.43543061196132454
3188.0,-2.9466313253335197,3.4079386391394118,0.4350523847827216
3189.0,-4.2025635385658155,3.394762143946839,0.434724981302129
3190.0,-4.2775647076751655,3.3926119271947424,0.4342580297978439
3191.0,-3.5272941205094424,3.398686784861866,0.4337827448303244
3192.0,-2.392182704718743,3.4091005580917817,0.4333908232613789
3193.0,-3.975742924691863,3.3930503496042275,0.43312502518307683
3194.0,-2.6447543874647077,3.405149147165287,0.4326832759692222
3195.0,-1.1768089798227308,3.4194681508966833,0.432389414370615
3196.0,-4.1272246717668875,3.390524254510004,0.4322586578173014
3197.0,-2.7580571980131743,3.4029076829816955,0.4318000772982162
3198.0,-1.2190540828115344,3.4178658810151257,0.4314936264984369
3199.0,-3.0228354879547616,3.4003628576959013,0.4313581760447912
3200.0,-3.2170871135730237,3.3978065231490144,0.43102230543501846
3201.0,-1.0456302321169078,3.4187899087383085,0.4306648513112881
3202.0,-2.882752598714435,3.4010565798562244,0.43054867017438625
3203.0,-1.1193812184930403,3.418156807172756,0.43022836433008466
3204.0,-1.9637932610910016,3.410288682154026,0.430103988639141
3205.0,-2.9285558161372958,3.400669800417235,0.42988578938790867
3206.0,-1.900386836753087,3.41036773735888,0.42956039429722676
3207.0,-2.099438107692453,3.408442780527683,0.4293492402042542
3208.0,-1.2238964737469074,3.4171310302728912,0.42911596930339946
3209.0,-3.185431922331273,3.3979925349019395,0.42897998080631644
3210.0,-2.4484924165229756,3.4045927424924445,0.4286260439260574
3211.0,-2.576894599505797,3.4030097517544835,0.4283539892131104
3212.0,-1.6198148229502691,3.412200101848683,0.4280676675909431
3213.0,-3.7814739930552195,3.3908041591502207,0.42788768816617084
3214.0,-1.22877868970268,3.4151849593209738,0.4274675243891647
3215.0,-1.9170890347869793,3.40877217540005,0.42733099342364217
3216.0,-4.146156342041182,3.3865047871149616,0.42711798353088803
3217.0,-0.9896714681493746,3.416687567970643,0.42665729949288345
3218.0,0.292616350997164,3.4301281088908224,0.4265473359964224
3219.0,-1.2477075380632403,3.4161292032881017,0.426579848924311
3220.0,-0.7162690409669135,3.4218492111952403,0.42644121475341507
3221.0,-2.393285772996765,3.405804570218356,0.42636162930441873
3222.0,-4.576881149673138,3.383622599038882,0.42609570866297464
3223.0,-4.8051505639594065,3.379624479015166,0.42558716631301097
3224.0,-2.181147445165302,3.4040318188080345,0.42505326069479327
3225.0,-3.239973509662475,3.3932851471888044,0.4248109109786638
3226.0,-3.643220347909189,3.388426652388891,0.42445091392203466
3227.0,-2.5784333549608442,3.398004582510242,0.42404611166115586
3228.0,-1.7305183901733898,3.406095398762867,0.4237596190661602
3229.0,-4.315946933452684,3.3803855994996526,0.4235673392450298
3230.0,-3.061097025350481,3.391447375411391,0.4230877895857573
3231.0,-0.6126616460996059,3.4152535304223512,0.4227476676940517
3232.0,-3.844110475276718,3.383803128718745,0.4226795941778184
3233.0,-1.4127985160438046,3.406930341165445,0.42225247079167655
3234.0,-3.1059134519362424,3.3903543533479654,0.4220954931787828
3235.0,-1.8177578001875592,3.402515739590099,0.4217503916841232
3236.0,-1.128340615996416,3.409504931634866,0.42154841859521347
3237.0,-1.573397791268723,3.405573774283679,0.42142304741565834
3238.0,-1.3635504972326544,3.4078964764807376,0.4212482254388507
3239.0,-3.939491916759945,3.382482601606319,0.4210967198280471
3240.0,-1.1079253665733766,3.4095150821257874,0.42065899850396266
3241.0,-3.5658663932935246,3.385446799063599,0.4205358956854545
3242.0,-2.175572793035577,3.3983030704763775,0.4201396883084219
3243.0,-2.177192266253466,3.398125840741737,0.4198979579980846
3244.0,-1.8935968014130238,3.400796579736676,0.4196560477462787
3245.0,-2.078804154924762,3.398954165149773,0.4194456481016772
3246.0,-3.554762473155904,3.3840817680003967,0.41921466986224115
3247.0,-4.187334265369645,3.3767132293022493,0.4188196962541127
3248.0,-1.4095641500477893,3.4030644978803144,0.41835443689129387
3249.0,-2.2677067781013553,3.394819750688486,0.4181978186523997
3250.0,-1.0632789488027279,3.406649780606115,0.41794585123261063
3251.0,-2.5559161677348348,3.3922626355139047,0.4178277091271881
3252.0,-4.2564554508462,3.374843820386991,0.4175437184418842
3253.0,-1.2923378987448673,3.4030062322230337,0.41707077894734573
3254.0,-2.962963262076384,3.3867022904652355,0.41692718584748517
3255.0,-2.0724956782237234,3.3949474321195314,0.41659796770725444
3256.0,-3.309324285599399,3.382484412877061,0.41636769040967403
3257.0,-0.4446228622078867,3.4102562788816857,0.4159999877112741
3258.0,-3.595706030228996,3.37967776064298,0.4159505851710288
3259.0,-2.9217871926327184,3.385348754651622,0.41555106227878114
3260.0,-2.3656891216283547,3.390278129549492,0.4152264192573775
3261.0,-3.8652279088586976,3.3750056138461946,0.41496356491052994
3262.0,-2.086850589265506,3.3915703761058333,0.414534095142879
3263.0,-0.48511190316563724,3.407500947312218,0.4143022228551828
3264.0,-3.113077700867138,3.3821347687038457,0.4142483215326089
3265.0,-2.006071476210343,3.3924463182044544,0.4139024240102903
3266.0,-5.936794232548195,3.3530831171094686,0.41367952717960027
3267.0,-2.548661500606051,3.3844371496137047,0.41301988337598383
3268.0,-2.891302857407757,3.380649907627398,0.4127366987648054
3269.0,-3.5231220030129813,3.3737561694153424,0.4124154428917601
3270.0,-1.148186912964335,3.3965377874259657,0.4120239848914253
3271.0,-2.907804602029785,3.379475427086477,0.41189640856776255
3272.0,-2.7218468588669844,3.3807483818039987,0.41157331916753703
3273.0,-2.971491093486339,3.3777864396033794,0.411270891738774
3274.0,-4.896019839706346,3.357921191623578,0.41094072606172
3275.0,-3.9149830500962013,3.3659091118928286,0.4103967238573082
3276.0,-1.2986331423497297,3.3908929025952443,0.40996172574063083
3277.0,-5.137438308599965,3.3529818111749443,0.4098174331692586
3278.0,-3.4578941870196322,3.3678299877968905,0.40924660669052526
3279.0,-2.999650070362205,3.3715482597114734,0.40886239622530085
3280.0,-0.32047266588554324,3.3977724148057615,0.40852910177303836
3281.0,-1.5392452931295386,3.386701535051189,0.4084934936990511
3282.0,-3.1964631588163743,3.37045381411428,0.4083224664442589
3283.0,-0.8693578786055611,3.3929967277749036,0.40796730387105706
3284.0,-3.4256447756263997,3.3681725648411835,0.407870708551212
3285.0,-1.238625245332493,3.3891571620325456,0.4074900813539202
3286.0,-4.19859655740377,3.3600538300309264,0.407352456326661
3287.0,-1.1584277102635534,3.3890788852447176,0.40688594559806057
3288.0,-3.007667056838732,3.37113625974631,0.4067572314080313
3289.0,-3.785630301176587,3.362729273447936,0.40642304617949365
3290.0,-2.7714295163453926,3.371760861691709,0.40600242059047403
3291.0,-2.1533197753497313,3.3774818178783623,0.40569448397754676
3292.0,-3.11843553815714,3.3677601403192194,0.4054552262247301
3293.0,-1.8075581175058453,3.3801874400136107,0.4051087333871571
3294.0,-3.2287423545800844,3.366122531099952,0.4049078935963231
3295.0,-1.7245345075858025,3.3804104165086075,0.40454914444581425
3296.0,-1.9472224224542507,3.378380429576127,0.40435752950052695
3297.0,-2.5761538183849186,3.372137945838201,0.4041411714535876
3298.0,-3.051727890457437,3.367026947222953,0.4038549321404337
3299.0,-2.310574005293417,3.3737848593777975,0.40351585126371625
3300.0,-1.8121828212078759,3.378585701715693,0.40325912081868365
3301.0,0.07724894091451073,3.3976064447506893,0.4030577671718828
3302.0,-1.325724472752274,3.384879710090328,0.40306635038753996
3303.0,-1.2800125627301984,3.3857289766934335,0.40291904766834524
3304.0,1.3606402435753546,3.412542840690112,0.4027768240502641
3305.0,-1.8550519040401947,3.3824364078377975,0.4029280062995503
3306.0,-1.8941956108603721,3.382033912604601,0.4027218894213236
3307.0,-1.6199811570979323,3.3847349884704094,0.40251142324233913
3308.0,-3.7612074719853164,3.3634488545223484,0.4023314253359949
3309.0,-3.0548770455234453,3.369286922325235,0.4019135133946632
3310.0,-3.1327115833654173,3.367743662510596,0.40157408261182725
3311.0,-1.6904825284755478,3.38136070038841,0.4012260035470089
3312.0,-2.7177182027764983,3.371197156142401,0.401038172154956
3313.0,-2.3272207181571214,3.3745586217357757,0.4007362034657586
3314.0,-1.1406817248144194,3.3861298313135095,0.4004776233859634
3315.0,-1.4210615766198265,3.383775991755934,0.4003508809720951
3316.0,-2.7021512538015586,3.371225050487427,0.40019298524135954
3317.0,-3.337493871097778,3.3643173341223322,0.39989274621315934
3318.0,-1.0809065854335143,3.3859349735452424,0.3995219135608151
3319.0,-1.532636023862668,3.3818972212957963,0.3994018128291003
3320.0,-4.507821022869228,3.352326916766234,0.39923151993756
3321.0,-2.891442423635351,3.3667965998930467,0.39873065093501897
3322.0,-2.293105672479047,3.3721258439076034,0.39840937955461503
3323.0,-1.5264628535987108,3.379519936015338,0.3981545900354507
3324.0,-1.362373131325286,3.3813687708323807,0.3979849830517175
3325.0,-2.145117498530658,3.373842604610178,0.397833608259348
3326.0,-1.76844058580143,3.377408275065749,0.3975952618706224
3327.0,-2.419828997027308,3.3709277502920476,0.3973987684722
3328.0,-3.3423146102257006,3.361321355295084,0.39712989858364145
3329.0,-2.8265804888015675,3.365519889330128,0.39675853029361635
3330.0,-2.4762610166998646,3.368400047918948,0.39644446579486065
3331.0,-2.5433490625232373,3.367331806524649,0.396169325681894
3332.0,-4.856966130554339,3.3437578354292223,0.3958867313416136
3333.0,-2.996854168661789,3.360471918064034,0.3953470684382187
3334.0,-2.4297429336385603,3.365452245523183,0.39501408464170074
3335.0,-2.851712489882126,3.360904391694254,0.39474411320462977
3336.0,-2.808529744389482,3.360743350301177,0.39442725626130953
3337.0,-1.890010786494266,3.369367704571562,0.3941151974008218
3338.0,-3.848696483810792,3.349800621940601,0.39390519620232245
3339.0,-4.535052767439014,3.341721436986219,0.3934775632596768
3340.0,-2.9352122385458435,3.3560900170992296,0.3929736685077391
3341.0,-1.544856993122763,3.3693914865364554,0.39264753381456735
3342.0,-0.39055870064170195,3.381209489053163,0.3924758830375537
3343.0,-1.522339701131575,3.37087943385167,0.3924324876263713
3344.0,-4.335329699836059,3.3430025922029825,0.39226333877069
3345.0,-2.790459049220964,3.3569286161045784,0.3917816354707082
3346.0,-2.1792070236480883,3.3625098777755262,0.3914715844652392
3347.0,-2.2780111038455098,3.361377709041869,0.39122945035150053
3348.0,-1.8258693088214075,3.3656894333532144,0.3909763380066288
3349.0,-3.6463111830759507,3.347556675655777,0.39077346363898197
3350.0,-2.4188211405615716,3.358753529820129,0.3903683179519735
3351.0,-1.9745964627798387,3.36290169989762,0.39009956004746665
3352.0,-1.4679113083704256,3.367952391617398,0.3898801604404911
3353.0,-3.50714770826599,3.3478558414902317,0.3897170591840055
3354.0,-2.9314460840536225,3.3526175473299618,0.38932737610530926
3355.0,-5.879772100091675,3.3225125069760026,0.38900165987374774
3356.0,-3.2768274594722175,3.346075627557073,0.38834835186262645
3357.0,-3.155518616213804,3.346494926467568,0.3879842599226851
3358.0,-3.774480635209304,3.3395957556597002,0.3876336467431058
3359.0,-2.2929848122091854,3.353319313510049,0.38721426000586034
3360.0,-2.5699317900565855,3.3504014855713353,0.38695948391561485
3361.0,-5.324017346972014,3.322534471159273,0.3866739359389419
3362.0,-2.2306150383728043,3.351413636229811,0.386082378455945
3363.0,-3.660405163486284,3.337033022205014,0.38583453234057025
3364.0,-1.892888801011856,3.353722921565597,0.38542782065573844
3365.0,-4.102314059660832,3.3317636654047385,0.38521749967784824
3366.0,-2.4624918268363247,3.3469010992251333,0.3847616870045526
3367.0,-2.8539541611081325,3.3427709146965676,0.38448807680157077
3368.0,-2.121122643812087,3.3496349523909754,0.38417097078366985
3369.0,-2.3441284029358163,3.3474019397643535,0.38393529048991293
3370.0,-2.818955218776818,3.342503779738817,0.3836748317784756
3371.0,-4.420340392555306,3.3260378773736514,0.38336161453194484
3372.0,-4.346509954326289,3.3253207651177124,0.3828704655994387
3373.0,-3.229858673865274,3.335098115989373,0.38238752004895804
3374.0,-2.5103498549119836,3.3416232030552315,0.382028646862973
3375.0,-3.2603099339988963,3.333910134403752,0.3817497191013161
3376.0,-1.718485086775668,3.3486409827720207,0.3813874624419829
3377.0,-2.8490261490146045,3.337620960814997,0.38119651965456336
3378.0,-3.706265905974388,3.328611996047308,0.3808799611935617
3379.0,-2.847620366234887,3.3362248627474687,0.3804681538706757
3380.0,-2.2176752046043093,3.3421002226061134,0.3801517516077607
3381.0,-2.0938941014692696,3.3433096980174173,0.37990534325169356
3382.0,-0.15202608500858839,3.3627708974710515,0.3796726883515303
3383.0,-3.3361366750042745,3.3321826291094463,0.3796557965643071
3384.0,-2.5918483269880004,3.3388501806360478,0.3792851147115288
3385.0,-1.967345066475717,3.3447942522273726,0.3789971315640857
3386.0,-2.529278699001019,3.3392643378109153,0.3787785376678106
3387.0,-3.1257726824858167,3.3330275954320916,0.3784975067012549
3388.0,-4.436571470430304,3.3192716498385177,0.37815019862542315
3389.0,-3.1385431988162695,3.3307866200561627,0.3776572462398198
3390.0,-3.8421280158972513,3.323120026958137,0.37730851921772907
3391.0,-4.658258351404723,3.3138910839097933,0.3768816161048516
3392.0,-3.494598552088233,3.32396057801436,0.3763640318435844
3393.0,-3.808864650958068,3.3200026567624037,0.37597574311557463
3394.0,-1.7702668183838148,3.3393838485892178,0.37555253593213483
3395.0,-1.7486352032321328,3.3398855452525056,0.37535583961898106
3396.0,-3.6298491119760934,3.3213595079348606,0.3751615468186219
3397.0,-2.8252857882039013,3.3284981642754676,0.37475823025062455
3398.0,-4.822803327640669,3.3081302321667194,0.37444430960749076
3399.0,-3.1179249377283678,3.323532796077317,0.37390844257108624
3400.0,-2.001272624122068,3.3341458012761898,0.3735620064668942
3401.0,-1.4688276379823715,3.3396199722927005,0.3733396428419917
3402.0,-3.3913088521141423,3.3208685493317494,0.3731764397711048
3403.0,-1.1851814243406003,3.3421806984867013,0.3727996276764255
3404.0,-4.39461490189184,3.310727866845507,0.37266794085149874
3405.0,-4.059534748929741,3.312687166920087,0.3721796503068441
3406.0,-1.6129226679526547,3.3359904614548443,0.3717285908902963
3407.0,-0.41109846429594077,3.348395004625075,0.3715493772605238
3408.0,-1.8832100147703807,3.3347995431386264,0.3715036996533798
3409.0,-2.5504279831675154,3.328301123235157,0.3712944540961831
3410.0,-5.2439796831527605,3.3011103217091593,0.3710110732091645
3411.0,-5.0280588200543495,3.301321849032338,0.3704284087999253
3412.0,-2.3382380788801638,3.3264367779387647,0.36986973559769704
3413.0,-2.9475783369639683,3.3202734130903573,0.36960993136671033
3414.0,-3.8822939776901473,3.3104677368151463,0.36928242266260325
3415.0,-2.4180842739624366,3.324065847243338,0.3688510566650821
3416.0,-2.356085790615238,3.3245723491297383,0.3685823806346418
3417.0,-1.3194801643246592,3.3348583391655624,0.36832059332457345
3418.0,-2.329247146234124,3.325324943638341,0.36817398441742627
3419.0,-0.9645070395820192,3.3388851479251307,0.36791517917895583
3420.0,-2.4900074630639835,3.3243935015087143,0.3678080117301134
3421.0,-2.6441687435091703,3.3226367079126744,0.3675313442342174
3422.0,-1.1696097671910222,3.3370672670762955,0.3672375477071608
3423.0,-3.7230511000517934,3.3121417491111758,0.3671075910663618
3424.0,1.0180593165827019,3.358541327070935,0.3666939187219116
3425.0,-2.03092815229158,3.3300264170222715,0.3668070364237541
3426.0,-2.0239634339529085,3.330114481705667,0.3665813777401662
3427.0,-1.8436300325342532,3.331933613390108,0.36635649291417144
3428.0,-0.15357940583544716,3.3489561803311236,0.36615164513277876
3429.0,-1.5093657354092418,3.336571968905075,0.3661345807543526
3430.0,-4.506319973754905,3.306897256836257,0.3659668734504183
3431.0,-0.7456620190406196,3.3429066180682385,0.3654661712311122
3432.0,-2.9261207243062715,3.3218877538325637,0.36538331989566325
3433.0,-2.3660561589508458,3.3268851897077703,0.36505819537074036
3434.0,-4.099067465219083,3.309308268405281,0.36479530024196805
3435.0,-1.8422474773451305,3.3305406935587323,0.36433984830138816
3436.0,-3.3142178625844405,3.315919725544605,0.3641351541372387
3437.0,-2.3747879525081577,3.324481048934169,0.36376690770806264
3438.0,-2.8551237567009786,3.3194432774304206,0.3635030423800062
3439.0,-0.09373399783018499,3.3465193811801344,0.3631858064070394
3440.0,-0.022174624818013022,3.348433371528977,0.3631753915183916
3441.0,-2.4418585372315733,3.325451311401273,0.36317292767118964
3442.0,-2.4200278607889314,3.3253376398847596,0.3629016100559417
3443.0,-2.9668037079368936,3.319551855952193,0.36263271807140957
3444.0,-1.1174921356215173,3.3373838797867905,0.3623030732149721
3445.0,-2.9111498379167213,3.3199528564684657,0.3621789074221253
3446.0,-3.026671593307124,3.31816251580037,0.3618554463290234
3447.0,-1.2767589204187944,3.334959969524988,0.3615191494853226
3448.0,-3.172873869145812,3.3164022008955483,0.36137728738305386
3449.0,-2.5471937930606634,3.3218593277517328,0.36102474584203764
3450.0,-4.476638476888741,3.3021667508616894,0.3607417243094753
3451.0,-1.6197620685960414,3.3291282762858234,0.3602443200342655
3452.0,-0.07391632602266407,3.3447957978309466,0.36006434647108815
3453.0,-1.5984682840002602,3.330719283840171,0.36005613354597454
3454.0,-0.6727510405658688,3.3401612842750015,0.3598785259588634
3455.0,-3.5576276702216636,3.312068959134115,0.35980377584324497
3456.0,-2.204594647464749,3.3245259810611603,0.359408483879887
3457.0,-3.678949905461737,3.3095723459785855,0.35916352891905756
3458.0,-2.7847069319766784,3.3173778588677107,0.3587547567073396
3459.0,-1.534735653309369,3.329317095370314,0.3584453448260088
3460.0,-2.3727242336208767,3.3211655794145742,0.35827481864230776
3461.0,-4.265801278251526,3.301927357300447,0.3580111826163499
3462.0,-4.143786381922192,3.301652234248115,0.35753720469654415
3463.0,-4.226454914363467,3.2994287449346955,0.3570767839874417
3464.0,-1.8856842625755121,3.3214076900722542,0.3566071778858457
3465.0,0.07986816957083542,3.3411234518706383,0.35639765741222623
3466.0,-0.7969271949997339,3.333641608528501,0.35640653165328967
3467.0,-4.86998149893258,3.2936170749541263,0.3563179841871786
3468.0,-0.7236550774127701,3.333211805858013,0.3557768751317416
3469.0,-1.329499478731691,3.327915108813803,0.35569646901202906
3470.0,-4.431624931910947,3.297255364631279,0.3555487468477255
3471.0,-2.8790020208881217,3.311184202307857,0.3550563440775132
3472.0,-1.130596985630238,3.328068800286577,0.3547364549640812
3473.0,-1.8119581113315184,3.321757862898293,0.3546108330767889
3474.0,-4.136368815484982,3.298573632198509,0.3544095043977521
3475.0,-1.7365723052547573,3.321166098174568,0.3539499078626982
3476.0,-5.171875745100735,3.286933437459929,0.35375695538433655
3477.0,-2.7785277196965144,3.308823684533535,0.3531823025237698
3478.0,-1.0775540382499391,3.325323710026496,0.3528735772215813
3479.0,-2.4770072305358504,3.3118899521651834,0.3527538489951091
3480.0,-3.1236719374524324,3.305089451740345,0.352478625969494
3481.0,-1.3883171827845635,3.3217035189623005,0.352131551309777
3482.0,-1.281560231141773,3.323128023054227,0.3519772938450232
3483.0,-0.8624503839163122,3.327730306716189,0.3518348982637852
3484.0,-1.4070719644420158,3.322944606310953,0.35173907044335007
3485.0,-1.1482815075785668,3.3258331868398328,0.3515827291139676
3486.0,-1.583864303203082,3.321929080348113,0.3514551422797922
3487.0,-2.16808918860441,3.316251229425481,0.35127915735721404
3488.0,-2.3881137502952323,3.3138402242798346,0.3510382585584802
3489.0,-2.7965746488717524,3.3094052147231774,0.35077291258622517
3490.0,-4.015460366324657,3.296610680415055,0.3504621820696839
3491.0,-3.694139386024761,3.2984591663934424,0.3500160198067589
3492.0,-2.8525181024190123,3.3057319642152883,0.3496055598749784
3493.0,-2.1981848004969633,3.3116753853442527,0.34928861341915407
3494.0,-0.698984252494671,3.3264832936343742,0.3490443706635433
3495.0,-2.552246534844391,3.3087047463204518,0.3489667057465995
3496.0,-1.24565463640292,3.3213421600907482,0.34868312279828345
3497.0,-1.1508554294598492,3.3226836737653076,0.34854471672757203
3498.0,-2.789308497110989,3.306739159529971,0.3484168439020765
3499.0,-1.7566372357872702,3.316464141600702,0.34810692073573085
3500.0,-2.8044100521560766,3.306038246828437,0.34791173882064336
3501.0,-0.847330132401904,3.3249969840040103,0.3476001377037371
3502.0,-1.7051958271675849,3.3170400229716366,0.347505989911248
3503.0,-3.988104693360444,3.2942773517438853,0.34731652370822935
3504.0,-2.2980941848076917,3.3098048943951293,0.3468734009645226
3505.0,-0.4398597977201506,3.328095074680871,0.34661805716621064
3506.0,-2.7265387931833764,3.3061019213930973,0.34656918385535285
3507.0,-1.9403562123811648,3.3133809967726515,0.3462662351005547
3508.0,-1.8176514528260683,3.3145240114061068,0.3460506399658457
3509.0,-3.7957786239557505,3.2947318715332656,0.34584867869330943
3510.0,-1.8616150634831077,3.31281636384689,0.3454269255128699
3511.0,-4.242293940043282,3.2889839193480217,0.3452200793947051
3512.0,-3.2820301330017454,3.2970622206376543,0.344748713401367
3513.0,-1.15534629063226,3.317429992021835,0.344384043386589
3514.0,-2.0540546371145525,3.308889201828864,0.34425567157651876
3515.0,-2.880597259683159,3.300492246812561,0.34402744328350604
3516.0,-1.9419237234435158,3.309225709898543,0.34370737692131903
3517.0,-2.5751153096939143,3.302835994969276,0.34349160761871417
3518.0,-2.4842768720602084,3.3032847571054926,0.34320548369541487
3519.0,-1.678976841599828,3.3109380550104164,0.3429294529318526
3520.0,-3.4092096758239148,3.293743082881506,0.3427428999494526
3521.0,-2.449579493056637,3.3023535468848384,0.3423640988743611
3522.0,-2.890335243258316,3.297574926745313,0.34209192337513256
3523.0,-4.482004218250319,3.2810118362152645,0.34177077501477054
3524.0,-3.6505696953116247,3.2876874108768503,0.3412727745460761
3525.0,-0.5397419411702098,3.3177031668875263,0.3408671556910414
3526.0,-2.0190958567684576,3.30378320143198,0.34080718436424473
3527.0,-4.154485376751737,3.2823524971132096,0.34058284038015935
3528.0,-4.425442969810513,3.278221873741846,0.3401212308938536
3529.0,-2.64020487513823,3.2945036583959313,0.3396295150083191
3530.0,-0.5485168335293973,3.314993101928986,0.33933615891108154
3531.0,-2.7334476685054407,3.29403046005159,0.33927521259624493
3532.0,-0.86625055824498,3.3121956218132684,0.3389714961886332
3533.0,-2.0600865364766783,3.3009253442739754,0.33887524612660597
3534.0,-1.910936927692633,3.302317486085551,0.338646347622553
3535.0,-4.169650636630712,3.2797205262314537,0.33843402129725386
3536.0,-1.328096347812803,3.306703398607073,0.3379707267820727
3537.0,-2.918665046592009,3.291168594860883,0.3378231605212046
3538.0,-1.4211344329863647,3.3055039832814934,0.3374988644049166
3539.0,-3.5177124774826414,3.2848438371775304,0.33734096057902924
3540.0,-2.278688315612609,3.2962126913135394,0.3369501036370867
3541.0,-2.059996307577961,3.2981686825445515,0.33669691604646307
3542.0,-2.692541645719833,3.2917478496190338,0.3364680275678433
3543.0,-1.994318508642304,3.2982336687907363,0.3361688562738744
3544.0,-2.832996343990636,3.2897918550005647,0.3359472653284697
3545.0,-3.311324691301599,3.284422430913795,0.3356324879569152
3546.0,-0.49314577150754424,3.3117229290967396,0.33526456299121504
3547.0,-1.1888089170481972,3.3056635884035055,0.3352097690166031
3548.0,-3.451080931310221,3.2834790861875143,0.3350776791369311
3549.0,-1.7894446180067338,3.2991003384531434,0.33469422570011886
3550.0,-3.428348568376441,3.2827714434715793,0.3344953985203403
3551.0,-3.980855804577905,3.276271305155887,0.3341144709016318
3552.0,-1.2077381982512798,3.302693039805564,0.33367215359001207
3553.0,-4.6301245320592574,3.2689180260274098,0.33353796045687306
3554.0,-1.3414301080293236,3.300092221046025,0.33302350217553317
3555.0,-2.8159028907163233,3.2857239462395,0.33287445438575214
3556.0,-2.764433253850661,3.285676912925907,0.3325615762867837
3557.0,-1.987810975470888,3.292918097361406,0.33225441703635583
3558.0,-1.7735014850071846,3.2950271101947117,0.3320335491501924
3559.0,-3.532928971036135,3.2775277898667046,0.33183649342963606
3560.0,-1.6028429890624207,3.2958119248355238,0.3314439457661876
3561.0,-2.3582868274684707,3.2884646022990185,0.33126585210073617
3562.0,-4.070068491085047,3.271070031408566,0.33100382023101743
3563.0,-2.712343104474674,3.283295659326851,0.33055159039867466
3564.0,-0.7734012305513427,3.3022043547307955,0.3302502189426219
3565.0,-0.40425650219287945,3.30663438902097,0.33016428547256066
3566.0,-1.6033144279891534,3.2955942030770604,0.3301193680834281
3567.0,-3.9879293602104626,3.2719225676984114,0.3299412220358738
3568.0,-1.8867413719301398,3.2916037749383085,0.32949811877362817
3569.0,-1.436423870176009,3.296113510896433,0.3292884808434137
3570.0,-1.5928650208515973,3.2948322083424246,0.3291288781911719
3571.0,-1.5188071391401023,3.295746682322372,0.3289518931888551
3572.0,-2.0459211509405866,3.290686954829853,0.3287831368400618
3573.0,-2.5905154235381795,3.2851121302531365,0.32855581226773506
3574.0,-3.260459369880023,3.2779389180544856,0.32826797722067524
3575.0,-4.872419398126871,3.2609284102114784,0.32790570395735524
3576.0,-2.0754477916083114,3.287006725548364,0.32736432402423005
3577.0,-2.2674339454347643,3.2849796617074305,0.32713371871405134
3578.0,-1.8030301964689799,3.2893921071948564,0.32688178160900305
3579.0,-4.171929616616118,3.2657612999613845,0.3266814449205065
3580.0,-1.6937291383561748,3.2891082359347985,0.3262178971853269
3581.0,0.06818136827597154,3.3068678862843486,0.3260297050588429
3582.0,-2.401937336527611,3.283404129880288,0.32603728076642907
3583.0,-2.577081649008176,3.281311501782834,0.32577039884014825
3584.0,-2.113747054892874,3.285494404854039,0.3254840564347029
3585.0,0.04042128088792207,3.3068790005220245,0.32524919565082594
3586.0,-3.779559702124864,3.269870883815918,0.32525368690425793
3587.0,-2.245991333257619,3.2839737822695887,0.3248337358262441
3588.0,-3.499571777872055,3.271184735786752,0.3245841812336599
3589.0,-3.1837559010562435,3.273302206748437,0.32419533992500743
3590.0,-2.561987884852424,3.2786910031869407,0.32384158926933454
3591.0,-0.8158459479830515,3.2957232753105674,0.32355692394879537
3592.0,-0.24876174913907878,3.3020626958612262,0.3234662743990195
3593.0,-1.939822319216617,3.2861583036387403,0.32343863420467067
3594.0,-2.9707434037793568,3.275770026703218,0.3232230983914244
3595.0,0.615923583298148,3.310906809121671,0.32289301579100443
3596.0,-3.0344431016619002,3.275931696793296,0.32296145174470425
3597.0,-3.2139198929496717,3.2733413866678065,0.32262429140007515
3598.0,-4.718678805723409,3.257395143190108,0.3222671891897474
3599.0,-0.7548855384440705,3.2952016201807153,0.321742891544667
3600.0,-1.2896930095358825,3.2905375577570255,0.32165901537372876
3601.0,0.5222569201455576,3.308987242039304,0.321515716150447
3602.0,-4.236904190272657,3.2628510984563257,0.32157374469712985
3603.0,-0.6772864906511131,3.2968844219769324,0.3211029775648773
3604.0,-2.4123306020423407,3.280228309871297,0.3210277235103605
3605.0,-1.4923747289998297,3.289015430017508,0.3207596867768003
3606.0,-4.559721426380589,3.258509189334741,0.320593867362467
3607.0,-0.6648977216683785,3.2956918376861055,0.3200872316484247
3608.0,-1.516854060835212,3.287877929860716,0.32001335412379484
3609.0,-2.548637543482772,3.2777128105958377,0.319844814783702
3610.0,-1.6936091404235982,3.285760417722511,0.3195616328344262
3611.0,-3.4568691263028115,3.268165768659172,0.3193734540410458
3612.0,-3.2243001069771244,3.2694172207214716,0.31898935747145657
3613.0,-3.0793057670317454,3.2699535876219863,0.31863110190401467
3614.0,-4.815909827112847,3.2517765916065806,0.31828895681878894
3615.0,-1.422801882245791,3.283816777827297,0.3177538557268875
3616.0,-1.0105079822717922,3.2882072928928205,0.3175957666288602
3617.0,-3.3766801872048022,3.265061213638545,0.3174834879641633
3618.0,-2.0647462300689767,3.27719647934187,0.3171083012766961
3619.0,-2.8319255932865453,3.269376493959223,0.31687888502891065
3620.0,-2.089657547398712,3.276166810520934,0.3165642266296566
3621.0,-3.2844715515137866,3.2640581777825823,0.3163320424577234
3622.0,-3.604281445109545,3.2599473034080297,0.3159671011742219
3623.0,-1.1849063924703218,3.283038929607253,0.3155666254580986
3624.0,-2.5798382314056156,3.269520182429139,0.31543496919226854
3625.0,0.027636188566844577,3.295136530761352,0.31514832049989017
3626.0,-2.4421125440073252,3.27161944771801,0.3151513911875087
3627.0,-3.6575975504381155,3.259067888339379,0.31488004534928565
3628.0,-0.9663239044550764,3.2848231520493147,0.3144736456214592
3629.0,-1.7114997948174753,3.277918412633658,0.314366276298742
3630.0,-1.5914089203794706,3.2791830607110644,0.31417610965487336
3631.0,-1.0117491514151018,3.2851120747926554,0.3139992864414979
3632.0,-3.3159953673072433,3.262557835389233,0.3138868698691184
3633.0,-2.6590666362316093,3.268155197357051,0.3135184259394176
3634.0,-2.7143122893597416,3.2670557067792276,0.3132229740909474
3635.0,-4.113433171144523,3.2524875547962555,0.3129213838365741
3636.0,-2.8294876876978043,3.2638774878817833,0.31246433570644694
3637.0,-0.8295256776539697,3.2832545266397215,0.3121499481855916
3638.0,-2.203327370257691,3.2701546466774976,0.31205777866585227
3639.0,-4.182576659806235,3.250120857056826,0.3118129645136014
3640.0,-4.444799264581169,3.2460144339486634,0.3113482337736229
3641.0,-0.41902992656466065,3.284645331283369,0.31085436718866943
3642.0,-2.6128987628189124,3.2636301025091865,0.31080780830794
3643.0,-3.309262757127022,3.2561904496481784,0.31051748622318237
3644.0,-2.842489706121254,3.2599483385735004,0.3101497903612794
3645.0,-4.346634692896665,3.2443009983905036,0.30983395817171033
3646.0,-0.7211310631104753,3.2790117775336056,0.3093509987613885
3647.0,-2.991316171982537,3.257063087731946,0.30927087308770956
3648.0,-0.7907480903269726,3.278377564694516,0.30893850462415595
3649.0,-2.435435356940856,3.262627066601725,0.30885064372523074
3650.0,-0.7130850317894502,3.2794961909180835,0.30858003979668175
3651.0,-2.179131876196143,3.2655627444919526,0.3085008081264829
3652.0,-1.433459171413655,3.2728074050999862,0.3082586823624611
3653.0,-1.601133692389579,3.2713847207581774,0.30809940912119294
3654.0,-1.7208861671850366,3.2703257194095774,0.3079215053775941
3655.0,-2.065081903521612,3.2669390364978366,0.30773029580346245
3656.0,-2.791063395144481,3.2595120309639967,0.3075008422586267
3657.0,-0.10570663553392468,3.2857405672920676,0.3071907241036107
3658.0,-3.633671231369876,3.2515268976743044,0.3071789789218847
3659.0,-2.4946154470710504,3.2617447146226795,0.30677523767395476
3660.0,-2.4813926559905055,3.2614353032056904,0.3064980581798358
3661.0,-1.9969490583205982,3.2658491673715413,0.30622234788472574
3662.0,-3.0368408073681263,3.255326173386243,0.30600046465602343
3663.0,-2.1065671180130154,3.2638492311446825,0.3056630378996492
3664.0,-2.7110532315037075,3.2576173710274574,0.30542897488653664
3665.0,-4.477440646797374,3.2393851938378804,0.3051277467497029
3666.0,-2.488059642178942,3.2576074571744567,0.30463025334450317
3667.0,-3.8757066662876896,3.2433330248275434,0.30435380227314995
3668.0,-4.667982203061126,3.2341432936201233,0.30392316819911797
3669.0,-2.3289083491382687,3.25578765181977,0.30340450350988896
3670.0,-1.8901458224755419,3.259922903154927,0.3031457359155403
3671.0,-1.8416274473692795,3.2604295676356276,0.302935719713043
3672.0,-1.7910366162253823,3.260980909476137,0.30273109444111307
3673.0,-4.915736276175763,3.2298042101283135,0.30253209037264356
3674.0,-4.201271159884337,3.235051358867703,0.3019858974530685
3675.0,-0.0330982039829113,3.275313030657569,0.30151908954641465
3676.0,-3.809010950096295,3.238769167414688,0.3015154119681943
3677.0,-1.7364487110791387,3.2583121472769943,0.3010921885292947
3678.0,-3.3586720270823074,3.242223434545597,0.30089924978361926
3679.0,-2.4004090759155443,3.2509130722779833,0.3005260640028323
3680.0,-3.291567752841993,3.2417201020448423,0.3002593518832862
3681.0,-1.798073556725444,3.2558134977095787,0.2998936221329704
3682.0,-2.329032353354126,3.250608762707124,0.2996938361822231
3683.0,-3.060362217055292,3.243058942906077,0.29943505480962823
3684.0,-3.812715149600888,3.2348381818672656,0.29909501456328874
3685.0,-2.165282253134361,3.250149914234654,0.2986713795466664
3686.0,-4.015898498803238,3.2315300307136794,0.29843079262965144
3687.0,-1.9656486973489518,3.250753393608343,0.29798458168534
3688.0,0.7831061362961251,3.278265487120761,0.29776617627452345
3689.0,-0.812287435922485,3.2640537859526,0.29785318806744526
3690.0,-1.6020651413822964,3.2568585920776183,0.2977629339078983
3691.0,-2.6070091221764344,3.2469970939621424,0.29758492666996694
3692.0,-4.9234407837544065,3.2233807515461197,0.29729525898972514
3693.0,-4.15285799487523,3.2291836374602703,0.29674821001375246
3694.0,-0.896508929871608,3.26035695607798,0.2962867813476552
3695.0,-3.487195100155975,3.2351226034733997,0.29618716924433613
3696.0,-3.3740651227050584,3.23528220369928,0.2957997031220966
3697.0,-2.7070630946050267,3.2410633229678205,0.2954248069973516
3698.0,-3.8275578235581933,3.2293981591298913,0.29512402220906214
3699.0,-4.0334609181895456,3.2261780628324845,0.2946987380064446
3700.0,-2.5630925909767774,3.2396066148660174,0.2942505756822013
3701.0,-3.614411818340045,3.2287579481073467,0.29396578761653724
3702.0,-3.4262732247236185,3.2296438263405682,0.2935641863033884
3703.0,-3.4764887826837576,3.2282760092189,0.2931834892784191
3704.0,-1.8470497327069142,3.2436825377201193,0.29279721274700976
3705.0,-2.7901571131191965,3.2343955962731616,0.2925919849989312
3706.0,-2.723214959867317,3.23460789855406,0.29228196754191793
3707.0,-1.753817628363896,3.2438884317960417,0.2919793881019327
3708.0,-2.677549510291175,3.2348467560370517,0.2917845194765589
3709.0,-2.847817210571466,3.2327497367372957,0.29148701397541543
3710.0,-1.9119370555372863,3.2416079518853116,0.2911705898409075
3711.0,-1.6647526955529612,3.244168952510426,0.2909581523902922
3712.0,-2.683841874385755,3.2342139293249206,0.2907731798685641
3713.0,-2.399240280474348,3.236645389294587,0.2904749752158546
3714.0,-3.47723778716666,3.2256305239663203,0.29020839296246853
3715.0,-3.575853803955657,3.2237308783526015,0.2898220332083389
3716.0,-1.5385656225414903,3.2431387383512296,0.2894247161190105
3717.0,-1.9438224218192228,3.2394106036359633,0.2892537643831726
3718.0,-1.9308769519792799,3.23959749245324,0.28903778411408154
3719.0,-2.1489320640930973,3.237474811090859,0.2888232422305283
3720.0,-2.442245905231308,3.2344550985387204,0.28858447200118464
3721.0,-1.6294851364715384,3.242307203942929,0.28831311134504783
3722.0,-1.3311140487215203,3.245523999673772,0.28813205744099546
3723.0,-1.3609649935116905,3.2456350270244356,0.2879841558800264
3724.0,-2.6259723949324836,3.2333618325455866,0.287832937547414
3725.0,-0.7662590876139523,3.2515289374286778,0.287541162836866
3726.0,-2.2144241478345985,3.2377859140649776,0.2874560229382422
3727.0,-1.7095297592927519,3.242645063670232,0.287209975810705
3728.0,-2.1473901364564005,3.2383909775713016,0.28702002805967247
3729.0,-2.1912416156447825,3.2377939908666464,0.28678142915562177
3730.0,-3.4196899878128995,3.225320558468041,0.2865379578649946
3731.0,-1.6233114520689673,3.2423222590956495,0.28615799231079314
3732.0,1.056617993634549,3.269298505735344,0.28597762437167434
3733.0,-2.9684938434876043,3.2308965759582016,0.28609502637096706
3734.0,-2.411256605718815,3.235752604769175,0.2857651937216907
3735.0,-3.057756580434078,3.2289285900784352,0.28549727632105526
3736.0,-3.1100248769524184,3.22764229214213,0.28515752558989593
3737.0,-0.569438152351659,3.252260254282233,0.28481196727023456
3738.0,-3.341213772159331,3.2253575065551057,0.2847486963644177
3739.0,-3.0926005917079515,3.2268987279370527,0.28437745038973333
3740.0,-4.484366029664127,3.212204033335048,0.2840338281017658
3741.0,-3.447014655677809,3.2209359577587833,0.2835355652095809
3742.0,-4.635499866191685,3.2080849756057432,0.28315256358117225
3743.0,-1.710244125985089,3.2356376200017145,0.28263750804048426
3744.0,0.9996215272966369,3.26289712185598,0.2824474809153748
3745.0,-2.958348492063153,3.2251692632568885,0.28255854997396335
3746.0,-4.583447416237797,3.2082463409550046,0.28222984458595635
3747.0,-1.3750004194628334,3.238645814102937,0.2817205726508188
3748.0,-3.408656198662696,3.2186625700585085,0.281567794826434
3749.0,-0.8758163368080747,3.2430556571633753,0.28118905524880483
3750.0,-2.852536309737431,3.2239535951403955,0.28109174232249284
3751.0,-3.289769611353476,3.2189877423965303,0.28077479384363313
3752.0,-2.7224469446821082,3.223798134833498,0.2804092638868161
3753.0,-1.5527790488297661,3.234997889146168,0.2801067697818514
3754.0,-2.7842757884445706,3.2229229850595225,0.27993423877642587
3755.0,-3.120905878492132,3.219013526921573,0.27962487479993203
3756.0,-2.7485395037235896,3.2219868471586164,0.27927810748009957
3757.0,-4.089818980626106,3.2080651642121527,0.27897271420190806
3758.0,-2.003710497132525,3.227579100478772,0.27851828987072735
3759.0,-4.733408242306138,3.2002626227041366,0.27829565537104595
3760.0,-3.055151817956894,3.2153070651026847,0.27776972112190085
3761.0,-1.550768488961571,3.229691653886825,0.27743025980879454
3762.0,-2.121189646334104,3.2242778179828533,0.2772579521989099
3763.0,-1.7620992837670122,3.227789322641443,0.2770222644604283
3764.0,-2.581307090898511,3.219738207819004,0.2768264756511209
3765.0,-1.0378172737681042,3.2347911023950715,0.2765396637521322
3766.0,-1.34412600403776,3.232315208935174,0.2764243507217135
3767.0,-1.9423237446904067,3.2267110809280903,0.27627500338793154
3768.0,-1.3405677783580712,3.2327180197615784,0.2760591896385215
3769.0,-1.561970556995529,3.2308650757509447,0.27591023766314837
3770.0,-3.049329391683613,3.216200978383542,0.2757366853790378
3771.0,-4.179873639614167,3.204162047785358,0.27539787100218405
3772.0,-1.9745473426967202,3.224780237634869,0.27493344059778246
3773.0,-1.817388461460714,3.2263210917358895,0.27471404644859393
3774.0,-1.1369100110767931,3.2331882647801717,0.27451211439732054
3775.0,-3.670401593806617,3.2083355280277757,0.27438579106275646
3776.0,-3.633038824096454,3.207586891788199,0.2739779686634446
3777.0,-1.925124667115287,3.223582141823146,0.2735742976829894
3778.0,-2.5889587360663584,3.2169455970663368,0.2733603949421988
3779.0,-4.85720201321391,3.1938423565437124,0.27307273286041367
3780.0,-2.0311147953072615,3.220261034742971,0.2725330437478343
3781.0,-4.815528643736194,3.1923759045240927,0.2723073643261335
3782.0,-3.6815706898417204,3.2019219783210127,0.2717723055879406
3783.0,-0.810398283924866,3.2295786278323058,0.27136324217795815
3784.0,-0.21890122774110576,3.236253051511175,0.27127319792418875
3785.0,-4.019570460589952,3.199356347992018,0.27124887556555083
3786.0,-2.911739421765868,3.2091331102185934,0.2708022566254853
3787.0,-2.4467218461516174,3.213194742235628,0.2704787300230669
3788.0,-0.27346634052304,3.2346351069889447,0.27020687204016114
3789.0,-3.116086184780502,3.2072793469891323,0.27017648689121415
3790.0,-3.0961050287915977,3.206739942483436,0.2698302550929052
3791.0,-0.5640930519214227,3.231340944816525,0.26948624342303945
3792.0,-2.9684864408978227,3.2081736723421383,0.2694235664172704
3793.0,-1.597247863791928,3.221231698384916,0.26909373459050395
3794.0,-4.346428706390535,3.193951938344751,0.26891626260563817
3795.0,-2.7140409301154076,3.208752940918762,0.26843332608270587
3796.0,-4.574496047908006,3.189671869394634,0.2681317659793597
3797.0,-3.8192922261946305,3.195582708245968,0.2676234886407033
3798.0,-1.4509983060596707,3.2181224200584637,0.2671991228377928
3799.0,-2.5623817388583907,3.207366018058612,0.26703790080378614
3800.0,-2.8988821756912184,3.2036479921382948,0.26675319172169076
3801.0,-3.435937029976147,3.197713397897284,0.2664310937021695
3802.0,-2.7758200915516036,3.2034175669171265,0.26604932292106104
3803.0,-2.123608541124133,3.2094669897515224,0.2657408984664442
3804.0,-1.2713547419227977,3.217928253313245,0.26550494196187485
3805.0,-5.781433355121003,3.173295496942311,0.2653636803238834
3806.0,-3.539701467828512,3.19333593892948,0.2647212988399811
3807.0,-2.3011296972637427,3.204788874093697,0.264327998676889
3808.0,-2.6235788949528573,3.201419270483271,0.26407231759941524
3809.0,-1.9957796968415937,3.2073457439436703,0.26378080883330934
3810.0,-2.1655746423418076,3.205689932057298,0.26355905553366027
3811.0,-2.881084828741759,3.1984629155852224,0.2633184361289556
3812.0,-3.1585664949839716,3.195161908466253,0.26299831559242876
3813.0,-2.8068768621693763,3.1979816154424143,0.26264736375965275
3814.0,-1.0640720627215716,3.2149393718204884,0.262335488552745
3815.0,-3.415009916132143,3.192055175193169,0.26221725832355375
3816.0,-2.5785084039299444,3.1995520500397965,0.2618378127773168
3817.0,-2.2708222325019736,3.2022951006739464,0.26155131184354685
3818.0,-0.5495613376569275,3.219366476522487,0.26129899826215774
3819.0,-2.8753853227953914,3.1970429388139303,0.26123793589130695
3820.0,-1.3014916799862988,3.2122334018576293,0.26091844863321856
3821.0,-0.9600257459187223,3.2160908238419337,0.26077383844655344
3822.0,-2.5796928312383103,3.2005365326112116,0.26066716891922914
3823.0,-2.763398723845953,3.1983074333191777,0.26038053638242487
3824.0,-2.9113170900602703,3.196322029168756,0.2600734920797753
3825.0,-2.819778917803228,3.1966415672851527,0.25975001240310197
3826.0,-1.432200174278959,3.2099837608621633,0.25943670363445714
3827.0,-2.2112375284306074,3.202534022463927,0.25927757028175946
3828.0,-2.2058878635376633,3.2024267944619744,0.25903187722304494
3829.0,-3.9065293879747935,3.185259815368632,0.25878677857154075
3830.0,-3.709362596719043,3.1860007202529808,0.25835271975065466
3831.0,0.179308530971225,3.2237970221420253,0.2579405683510192
3832.0,-2.722282156610862,3.196144473632461,0.2579604915211271
3833.0,-3.46846499447295,3.1881938902645395,0.2576580157259481
3834.0,-0.7111260430133783,3.2148132831330143,0.2572726307265622
3835.0,-2.14773931414556,3.2012346933850977,0.2571936167217829
3836.0,-1.7773063539193479,3.2048044082401526,0.2569549790202112
3837.0,-2.672558844101917,3.1959461241182723,0.25675750053644236
3838.0,-2.898341363221005,3.1932130679437623,0.25646054955376435
3839.0,-2.711982965621613,3.1944625875399266,0.25613851162451756
3840.0,-4.228422712873283,3.1788064244377043,0.25583718018389295
3841.0,-2.609909261774872,3.193551405996027,0.25536735543801814
3842.0,-2.129958653696728,3.19794683745678,0.2550773655200432
3843.0,-0.1869209576953077,3.217275524054564,0.2548407034474102
3844.0,-2.3925011687434807,3.196332792741671,0.25481993445211076
3845.0,-5.417721302762882,3.1657830425424955,0.25455410098891706
3846.0,-2.6174817909807766,3.191589313484649,0.25395213195527677
3847.0,0.9243801663853821,3.2266033948477424,0.2536613006451678
3848.0,-1.4170422062687003,3.2050081143914113,0.25376400955254397
3849.0,-3.513611179760736,3.1843523927225315,0.2536065604185141
3850.0,-1.761116856961804,3.2008601909328274,0.25321615917631846
3851.0,-3.4275167811121756,3.184291575478874,0.2530204795255449
3852.0,-4.192259399433572,3.1756862765135083,0.2526396443276436
3853.0,-2.93546170404259,3.1868283893294227,0.2521738377277065
3854.0,-2.3855919509514236,3.1917101561265757,0.2518476753161462
3855.0,-4.840194378041745,3.166897461714065,0.2515826095438183
3856.0,-3.936449113173295,3.1741268998028365,0.2510448101684803
3857.0,-2.4870805460220566,3.1874068575876424,0.25060742693368326
3858.0,-3.010216469986193,3.1818871813514673,0.2503310846507919
3859.0,-2.0064859110673865,3.1913067345862687,0.24999661615412677
3860.0,-4.018335409135702,3.1712051511721175,0.2497736732751193
3861.0,-1.6073578143083742,3.1940626721945424,0.2493271915629931
3862.0,-3.979698871325244,3.170616366701627,0.24914859625029218
3863.0,-0.4465821225779627,3.2047244005960915,0.24870640748681158
3864.0,-4.644697855472896,3.1637529524585686,0.2486567872509696
3865.0,-3.8656928379792657,3.1698933524661217,0.24814070971147262
3866.0,-1.9782864962102136,3.1876305729885033,0.24771118828503047
3867.0,-0.41970843562795235,3.2032780775995473,0.24749137867434046
3868.0,-2.1061962048547866,3.187444892550651,0.24744474440371514
3869.0,-1.7964275997720112,3.190490328749307,0.24721072260317573
3870.0,-2.478078872908677,3.183810386319198,0.2470111195365344
3871.0,-3.782998067643992,3.170461096347041,0.24673577743954456
3872.0,-3.112672935299224,3.1760446768619177,0.24631544432091745
3873.0,-4.014887149976596,3.1663377754858812,0.24596959177255087
3874.0,-4.098387459721089,3.1642581121880253,0.24552349320033126
3875.0,-1.997813850850317,3.1839832744352976,0.2450681168159178
3876.0,-3.903972477609952,3.1649760755541902,0.24484613749915665
3877.0,-2.100557491595798,3.181860818496712,0.24441236277942222
3878.0,-4.127278440276372,3.161590219577621,0.24417896750257823
3879.0,-2.1295212248540567,3.180285980320904,0.24372038100921417
3880.0,-3.110853211203703,3.1704611901028286,0.24348376753978596
3881.0,-0.7417305829366945,3.19351849787505,0.24313811718298556
3882.0,-2.0953513805261688,3.180839654393114,0.24305570267377036
3883.0,-0.9552713837573232,3.1922257376571475,0.2428228858537119
3884.0,-3.444558395531491,3.168026999429851,0.24271674458884998
3885.0,-2.429820824694791,3.1772871408950887,0.24233401587823536
3886.0,-3.726358947645348,3.1640810827682526,0.2420640357866026
3887.0,-3.0170065534305226,3.170118294725423,0.2416499959035309
3888.0,-2.8276302784307865,3.1714137613772304,0.24131477295314974
3889.0,-3.407322775858924,3.1651417337342096,0.24100059181110187
3890.0,-4.019378573557119,3.1581844195602606,0.24062200039156198
3891.0,-4.266896654565816,3.1544971960564685,0.24017540277227786
3892.0,-5.424685144634246,3.1415675724445946,0.23970130314399277
3893.0,-3.820433079379322,3.155549987674344,0.2390985603501445
3894.0,-1.7156326291601944,3.1755754501962317,0.23867406778576902
3895.0,-4.498123165016604,3.148060182187204,0.23848344193808454
3896.0,-4.210153557816631,3.1494905510714686,0.23798365047530493
3897.0,-0.26137678595885605,3.1877291544752384,0.23751585563554753
3898.0,-3.2956200623103173,3.158630746934041,0.23748681377044098
3899.0,-2.0986924885439553,3.16990967385518,0.2371206337635176
3900.0,-1.6971035668743817,3.1739916154398813,0.23688744570923495
3901.0,-1.6718423377733997,3.174553634116699,0.23669887864624892
3902.0,-4.402892788260075,3.1475553447303244,0.23651311838649633
3903.0,-2.7888245998743626,3.162281725813315,0.23602390807668966
3904.0,-4.522784086897991,3.1445595936961093,0.23571403867670362
3905.0,0.5578973236379041,3.193895758170267,0.23521150711149275
3906.0,-4.4935940800195,3.1451178928727392,0.23527349570300807
3907.0,-3.809800273587275,3.1504839037509598,0.23477420747189479
3908.0,-3.8007510685518806,3.1495516336991503,0.23435089633038508
3909.0,-4.3708255959036,3.1428454686956795,0.23392859065610155
3910.0,-0.8092576128043183,3.1771092993772974,0.23344294336766783
3911.0,0.5280598763543698,3.191382812887358,0.233353025855134
3912.0,-3.094686399140772,3.1568705302741518,0.23341169917472895
3913.0,-4.1505289335555124,3.145715184952253,0.23306784513037998
3914.0,-5.296156873407527,3.1330035107041607,0.23260667524887382
3915.0,-2.805135898152627,3.1559556636400514,0.23201821337405076
3916.0,-2.8954567789518046,3.1546863287809876,0.23170653160758936
3917.0,-3.314120157950181,3.1500762213714153,0.23138481418770582
3918.0,-2.2232809325297147,3.160298850300362,0.23101657861460023
3919.0,-2.006033571480642,3.1624752221675676,0.2307695473998747
3920.0,-2.0961459275776244,3.1617067489453645,0.23054665478082131
3921.0,-2.895156089960609,3.1537828875545193,0.23031374967775714
3922.0,-3.8770272869678273,3.1435205362111596,0.2299920656677615
3923.0,-1.667708627741605,3.1645549740527015,0.22956128485809843
3924.0,-2.484357800723087,3.1567282300999606,0.22937598389946048
3925.0,-1.3895530939566871,3.167489987552906,0.2290999441438246
3926.0,-1.5124055631597109,3.1667582746578478,0.22894554935560718
3927.0,-4.277202586308895,3.139513627761659,0.22877750429303387
3928.0,-4.292777759322004,3.1380119513721043,0.22830225956122177
3929.0,-3.4444258984256604,3.1451577022394748,0.22782528425463044
3930.0,-3.820331760363335,3.140610786550208,0.2274425702659165
3931.0,-1.5559352800298742,3.162238360626445,0.22701808895920947
3932.0,-2.060862905015103,3.1576049229966543,0.22684520726142837
3933.0,-1.1260200077683615,3.1670372939543654,0.22661622249420446
3934.0,-2.004391478236352,3.1589152383889165,0.22649110916000798
3935.0,-2.239188022658289,3.1566583813811735,0.22626839899575948
3936.0,-1.000337774569787,3.168981950358757,0.22601960032657523
3937.0,-1.9128408253311893,3.1605635078539116,0.22590845168495635
3938.0,-2.4148737957028517,3.1556572526761224,0.2256959138154751
3939.0,-0.6494337075866432,3.173101877415416,0.22542759450484146
3940.0,-2.3560238960590123,3.1569310835105844,0.2253554352039985
3941.0,-2.8804257561474023,3.151488204716682,0.22509365477110305
3942.0,-3.547279073472062,3.1442890019504293,0.22477360746486444
3943.0,-1.6212181761932358,3.1626039138346473,0.22437946534558978
3944.0,-0.953686822696914,3.1695530130219467,0.2241993299926794
3945.0,-2.5632342517917874,3.154138529817382,0.22409336479015754
3946.0,-0.8651054702752017,3.170771880582304,0.2238085609844029
3947.0,-4.96251878996447,3.1305153903241987,0.22371243815437233
3948.0,-2.5693167185098935,3.1525746517365336,0.22316104717770963
3949.0,-2.5501186401305453,3.1524239199369384,0.22287556754231963
3950.0,-3.408742965509184,3.1435069681614967,0.22259222102674958
3951.0,0.4798262974773415,3.1815229661636617,0.22221347180835968
3952.0,-2.5827407908609517,3.152477098171404,0.2222667858414127
3953.0,-3.0096634645055413,3.1478304671764836,0.22197981464242816
3954.0,-2.467547358208119,3.1526071784510306,0.22164540759081644
3955.0,-5.003517173157287,3.1269489170278373,0.22137123566212666
3956.0,-3.449834906681144,3.1405953472296355,0.22081528930955363
3957.0,-1.2709500381932448,3.1614973734795546,0.2204319743199224
3958.0,-3.2861816936659682,3.1418352770267908,0.22029075764901204
3959.0,-3.5360939535003393,3.1385463706018344,0.21992562634971582
3960.0,-0.8630929543569996,3.1643380010402855,0.2195327270215491
3961.0,-0.8246819988102139,3.165471728489173,0.21943682780439833
3962.0,-1.8537619097985727,3.15593422756339,0.21934519647119718
3963.0,-3.068896667548334,3.143870186902467,0.219139222925664
3964.0,-2.7993388313954046,3.145882828988571,0.21879823440704754
3965.0,-3.5051874519686987,3.1383170072226885,0.2184871967591147
3966.0,-3.743466398785806,3.1349871865222325,0.21809773148667375
3967.0,-3.8055206103855403,3.1332813884312083,0.21768179077569755
3968.0,-3.2725680084815094,3.1375004653961005,0.21725895515232138
3969.0,-3.7934012383559312,3.1315301670160673,0.21689533648471232
3970.0,-4.454631398178936,3.1238366493776164,0.21647384745822834
3971.0,-2.2257466628076177,3.144642784870664,0.21597888841398624
3972.0,-2.2067555238832037,3.144769138241892,0.21573158322922983
3973.0,-0.3740090519646042,3.163039239208238,0.2154863881710206
3974.0,-3.3354229604433785,3.1345118617404375,0.2154448316096912
3975.0,-2.1298742629709118,3.145769143528932,0.21507422905853082
3976.0,-2.1091092759064978,3.145943164697982,0.21483757636264517
3977.0,-2.817296951406916,3.138834664913212,0.21460323088754443
3978.0,-1.5695830140629048,3.150834743550399,0.21429019789294365
3979.0,-1.530963516436607,3.151529004884242,0.21411579978026998
3980.0,-2.090736131003075,3.1462513165358357,0.21394569272288813
3981.0,-2.8195496313097443,3.1389196236930674,0.21371338870833223
3982.0,-2.946912635693169,3.137139605737205,0.2134001054159645
3983.0,-4.209692373496324,3.1239285613622316,0.21307267067866525
3984.0,-3.5073972232721147,3.12958041306571,0.2126049270816101
3985.0,-3.27750940487711,3.1309678119870283,0.21221521627902432
3986.0,-3.904964703036793,3.123936343779551,0.2118510485673713
3987.0,-1.9500950416404197,3.1423418269411756,0.21141716360036722
3988.0,-1.0042151637662375,3.1518984163609605,0.2112004863735183
3989.0,-3.635078040411438,3.1262724468418965,0.2110889069108776
3990.0,-2.1456982053192037,3.140178886270266,0.21068500935083187
3991.0,-3.7926389244121377,3.12366829460225,0.21044659843912975
3992.0,-2.8811527136739525,3.1317027432909073,0.21002519411419507
3993.0,-3.3629119739722197,3.126390000654235,0.20970506603489797
3994.0,-1.7476304392419482,3.1417478377948216,0.20933140914890105
3995.0,-3.3484852173027226,3.12596574758578,0.2091372279889853
3996.0,-1.2354244828666916,3.1463074054981477,0.20876517407595166
3997.0,-2.8071509670777486,3.1311348618090644,0.20862790468896647
3998.0,-3.3120046369935388,3.1256280564673813,0.20831599902595782
3999.0,-4.066631577931454,3.1173086008233772,0.2079479985107363
4000.0,-2.183494362130813,3.134900964427309,0.20749615055763282
4001.0,-1.3809769972172747,3.142884862073848,0.20725354007295163
4002.0,-2.1583484293289072,3.13556731228809,0.20710009818437194
4003.0,0.29853958301802974,3.160089385325199,0.20686028169222428
4004.0,-0.7127656844119774,3.1514652406648658,0.20689345275700408
4005.0,-2.8844097058962697,3.1305690355272477,0.2068142565698472
4006.0,-2.8975342922588365,3.129873972216201,0.20649376660252539
4007.0,-1.9128791006433086,3.139152738686842,0.20617181834782997
4008.0,-3.5475239755321066,3.1228606076862135,0.20595927622553625
4009.0,-1.0421396168343917,3.1469359142777713,0.20556510689492158
4010.0,-2.0479993476955203,3.1374826484658804,0.20544931360416221
4011.0,-2.179426361426834,3.136125142082154,0.20522175812108492
4012.0,-1.6413079152864796,3.14137530229286,0.20497959963648194
4013.0,-0.34646264578867614,3.154526699983049,0.20479723209033898
4014.0,-2.2863058097656186,3.1361338260372453,0.2047587362408069
4015.0,-2.6413004635892303,3.132347758480651,0.20450470226194406
4016.0,-0.614100470846777,3.1521594985055406,0.20421122443265638
4017.0,-1.2905619800110808,3.1462092915334523,0.20414299104700673
4018.0,-2.901224800479653,3.1304717945056906,0.20399959527144995
4019.0,-2.493516939176225,3.133894990060429,0.20367723696028556
4020.0,-2.2557738550765016,3.1358809224064386,0.2034001795225993
4021.0,-2.0477338192437715,3.1377206605125445,0.20314953798314636
4022.0,-4.195749813673892,3.116129233467382,0.20292201200323037
4023.0,-4.428105759751951,3.112343165878685,0.20245581757948883
4024.0,-3.6092375275030673,3.1189450513674344,0.20196380582840529
4025.0,-3.705923053764178,3.1169287967837,0.2015627794364605
4026.0,-3.304780017465628,3.1198436495028075,0.20115101020826448
4027.0,-1.7066116973874945,3.1349946885110005,0.20078381242854607
4028.0,-2.711161445405923,3.125130489699568,0.20059418890661412
4029.0,-2.254506743737265,3.129238474360623,0.20029294874601347
4030.0,-4.030379262552827,3.111310035670467,0.20004244799670934
4031.0,-3.0770527536511816,3.1195563288656354,0.19959462807864792
4032.0,-1.7659279228189495,3.131996404717407,0.19925273332824223
4033.0,-1.7563094272789979,3.132250174980941,0.19905651911459568
4034.0,-3.4057172852348847,3.1159104632352004,0.19886137362267578
4035.0,-2.297922017025558,3.1260987833727145,0.19848296059098303
4036.0,0.24855981685291528,3.1513792934437643,0.19822763592242462
4037.0,-2.5219974115695476,3.1250842781543584,0.19825525367985272
4038.0,-3.366483682678057,3.116279316770668,0.19797503174523387
4039.0,-2.7172029867027003,3.1218828482153316,0.1976009780027141
4040.0,-2.3847786155914585,3.124735648393432,0.19729906655974713
4041.0,-2.688960475863187,3.1214336006054055,0.19703409115801473
4042.0,-2.539193375845627,3.1224789051415613,0.19673531777180772
4043.0,-4.30430849617105,3.1044716332020426,0.19645318517449153
4044.0,-3.703288093857439,3.109018716047132,0.19597492867491698
4045.0,-2.686669046339372,3.1181198285798164,0.19556345222004393
4046.0,-2.706584962528046,3.1175068585538352,0.19526493343711732
4047.0,-3.207736593575001,3.112070294816449,0.1949642017746142
4048.0,-2.7212669825955462,3.1161969647637573,0.19460778659755032
4049.0,-2.4237314307322433,3.1187467512195037,0.19430542359948416
4050.0,-1.3882331793443434,3.12886424196502,0.19403612010718058
4051.0,-2.6240146690325634,3.1169165403349726,0.19388187197614232
4052.0,-2.0011209933771834,3.1227661760130307,0.19359031479069425
4053.0,-3.1770003767924013,3.111019563140846,0.19336796801365233
4054.0,-1.7848803455018976,3.124208583929203,0.19301496797178652
4055.0,-2.030337127984554,3.12190252630503,0.19281664793339742
4056.0,-1.4177287460252257,3.128014004878695,0.1925910549191769
4057.0,-1.6081744219443903,3.1264732915075673,0.1924335295029519
4058.0,-1.7640804713985674,3.1251455182388255,0.1922548434560692
4059.0,-2.6230217608222253,3.116679163451372,0.19205883451480268
4060.0,-2.1938259661944146,3.120546934442484,0.1917673876524891
4061.0,-1.170613839435592,3.13062602309991,0.19152362921180083
4062.0,-3.315093211753493,3.1096670219245506,0.19139356100741908
4063.0,-3.285509723371082,3.109088193199268,0.19102521731722424
4064.0,-2.2732107525620475,3.1183654092008606,0.19066016068129413
4065.0,-1.9809003871681832,3.1210875905450837,0.19040758170878724
4066.0,-3.5301331240800056,3.105575446484223,0.19018748166576854
4067.0,-2.5934532042666354,3.113944771362937,0.1897952446519819
4068.0,-2.617498467785981,3.1133070396537446,0.18950708318484116
4069.0,-5.269100144504338,3.086379951858293,0.18921625002175382
4070.0,-2.7744924865734495,3.1092528119003586,0.18863079445014222
4071.0,-2.6966472910605828,3.109555494443071,0.18832251750718962
4072.0,-2.700366178528774,3.1090938352179007,0.18802289003040512
4073.0,-0.7301071567784148,3.128371109962956,0.18772284934390193
4074.0,-4.019747873136094,3.0962870711331436,0.1876417263264821
4075.0,-3.5307782140057657,3.0999037197410573,0.18719508767391144
4076.0,-5.7652447478991675,3.076610132292389,0.18680277898346634
4077.0,-3.101145832717676,3.100911433419382,0.18616219623369976
4078.0,-2.9945544426575013,3.1013460101883235,0.1858176244745089
4079.0,-3.1374714704178204,3.0993573107041694,0.1854848962031025
4080.0,-1.1154033256453,3.1189323552000547,0.18513628826194495
4081.0,-1.424228097078796,3.1164722952723745,0.18501235455909548
4082.0,-2.40267909466587,3.1071037357503544,0.1848541069927534
4083.0,-2.9632663169248277,3.101285513476154,0.18458714264890164
4084.0,-1.2172629148664202,3.118178814243751,0.18425789083591
4085.0,-2.5246973247948143,3.1056371452216043,0.18412263940092483
4086.0,-3.5228375486480723,3.095351655798183,0.18384211747594761
4087.0,-4.64531084685569,3.083195743133,0.18345069108165338
4088.0,-3.0516431173696033,3.097507742929645,0.18293454543200274
4089.0,-1.5566954785342393,3.1118559591968786,0.18259547397451723
4090.0,0.3456733619288621,3.1312207459059773,0.18242250781023564
4091.0,-2.422987067263155,3.1050557620789077,0.18246091596156108
4092.0,-3.4566943939003805,3.0944683814654694,0.18219169517630962
4093.0,-3.9812065103552676,3.08832263613573,0.1818076180214318
4094.0,-1.8100563796180014,3.1088147201395926,0.18136526174250345
4095.0,-4.705770065480335,3.08001651307804,0.18116414436699033
4096.0,-1.8120686232438898,3.1072860987413096,0.1806412810263814
4097.0,-1.4778604921713596,3.1108006780778354,0.1804399400682432
4098.0,-1.95465068345892,3.106405081269043,0.18027573334689084
4099.0,-2.7745770899231967,3.098265474555093,0.18005854993761763
4100.0,-1.7938241830664818,3.1076106140511053,0.17975026359429283
4101.0,-2.286327036089625,3.1028406597501204,0.17955094979617434
4102.0,-3.4726548023257395,3.090814124612164,0.17929691345883103
4103.0,-0.18698459703121806,3.122759877603838,0.17891106292523928
4104.0,-2.9395992245131453,3.09639479450463,0.1788902868589025
4105.0,-1.5303096244376133,3.109893782714464,0.17856366472284546
4106.0,-5.523267853369643,3.0702592946494733,0.17839363032013017
4107.0,-0.9044113965238387,3.114225963544018,0.177779933891978
4108.0,-0.6640453191817728,3.117340661107234,0.1776794437368087
4109.0,-2.462707766091702,3.100196298370559,0.17760566092356628
4110.0,-1.801536206577802,3.106499895066032,0.17733202672733386
4111.0,-1.8018560229905467,3.1066030158077425,0.1771318560377141
4112.0,-3.3034794620509054,3.091684839513184,0.17693164981293738
4113.0,-1.8160971182008248,3.1057067216658365,0.17656459653937617
4114.0,-3.5107880873406945,3.088850884645792,0.17636280797068718
4115.0,-3.260946154556658,3.0903693537061776,0.1759727204054271
4116.0,-1.0913210709846266,3.1112545523895028,0.17561039305492082
4117.0,-1.2816778866247467,3.109910128507431,0.17548913515814477
4118.0,-3.3829693776447405,3.089320426222039,0.17534672650407535
4119.0,-3.416970429376301,3.088071375383457,0.17497084101767038
4120.0,-3.30699575307209,3.0882516525432693,0.17459117763662857
4121.0,-1.5842005419181366,3.1046401425491403,0.17422373366406502
4122.0,-3.7499809760129965,3.0832332388171237,0.17404771138162967
4123.0,-2.0541092012050592,3.099073183088851,0.17363104682873934
4124.0,-1.5664414867071317,3.1039097331940226,0.1734028124730499
4125.0,-2.610306812866375,3.0937314718932205,0.17322876341897134
4126.0,-1.2374203789188405,3.1070548102225106,0.17293872932865284
4127.0,-2.8803877118622405,3.0910824313059257,0.17280123817543963
4128.0,-2.767319501242393,3.091625033725028,0.17248119509634383
4129.0,-3.7215577889148204,3.0815704315302517,0.17217371515176133
4130.0,-1.2285283154747435,3.1053932673802076,0.1717602087307708
4131.0,-3.458150558723588,3.0835682315886888,0.17162370558460693
4132.0,-2.062785227856176,3.096579287626721,0.17123946663363765
4133.0,-2.5891450839074186,3.0912599878368985,0.17101026827498697
4134.0,-3.815978828889578,3.078600608369994,0.17072258548788616
4135.0,-3.261378929779151,3.082986972130796,0.17029858784023177
4136.0,-0.7714097011990826,3.1070903583676897,0.16993621240358964
4137.0,-2.2479280717068995,3.09309965331894,0.16985050021456752
4138.0,-3.7614379267085525,3.0777920203332743,0.16960073042882232
4139.0,-2.1183396408141353,3.0930979293016567,0.16918279288141025
4140.0,-2.682642539493181,3.087375465208226,0.16894742181020866
4141.0,1.8175580028052272,3.131939234103195,0.16864935041693163
4142.0,-2.1435951983221595,3.094714940408461,0.1688513013061322
4143.0,-2.975781058832956,3.0862446506092427,0.1686131240618742
4144.0,-0.7249651027661197,3.108079212631336,0.16828248172200388
4145.0,-4.8012952091160574,3.0680612398763696,0.16820193004391876
4146.0,-2.3820998045236284,3.090421333872455,0.1676684527984614
4147.0,-0.006964381648659312,3.1138869241765588,0.16740377504240322
4148.0,-2.6452491054496927,3.0887079386227727,0.16740300122222004
4149.0,-4.666626305810098,3.0680145583731315,0.16710908465494786
4150.0,-2.994897455513247,3.082987196653608,0.16659057062096896
4151.0,-0.6818524488012039,3.1054484736049024,0.16625780423702305
4152.0,-2.029913004599036,3.0927564414798248,0.1661820428538229
4153.0,-3.548570136890647,3.0774921036131446,0.16595649696442302
4154.0,-3.35655350897378,3.0783773164996036,0.1655622113936574
4155.0,-3.199625338937267,3.0790455161514316,0.16518926100377143
4156.0,-2.048502644932505,3.089764930240494,0.16483374707722284
4157.0,-0.8272548338266836,3.1019165380358107,0.16460613567223034
4158.0,-1.1844712340010364,3.099044854679007,0.16451421846847183
4159.0,-1.9299847723635895,3.092047140622141,0.16438261055358283
4160.0,-4.164555950071854,3.069676813067051,0.164168167801098
4161.0,-4.159915642491802,3.068291320705117,0.16370543936220114
4162.0,-1.8334349734827957,3.09014796014851,0.16324322651303538
4163.0,-4.181838872416118,3.066735654609586,0.16303951151598173
4164.0,-2.781958776335755,3.079325409279973,0.16257486275237995
4165.0,-2.1198119422672788,3.0854362679111675,0.16226575622167597
4166.0,-3.9219924942033613,3.067322634908379,0.16203022156142405
4167.0,-3.780327917948579,3.0675122794866403,0.16159444461762368
4168.0,-2.6176513307097733,3.0780175196342077,0.16117440818229606
4169.0,-1.8704371405949327,3.0851121337735754,0.1608835580344394
4170.0,-1.173101536982804,3.0921774096028214,0.1606757316854844
4171.0,-1.7411832065368102,3.0870179783270153,0.16054538707026408
4172.0,-2.4079292562597567,3.080499536940978,0.16035192226953776
4173.0,-3.432743441946312,3.069973160671362,0.16008437457439778
4174.0,-3.838633744805649,3.0649920830104396,0.15970295863640374
4175.0,-3.1385963604114346,3.0708265873959593,0.15927644377586977
4176.0,-1.987580518774291,3.081625485938778,0.15892771084693516
4177.0,-2.0792203667158216,3.0807268589231573,0.15870686856707136
4178.0,-5.124877482156403,3.050223877182097,0.15847584408188073
4179.0,-3.4820962853343786,3.064688910922953,0.15790641325053
4180.0,-0.9943655604923052,3.088664206779627,0.15751951366327063
4181.0,-2.400981190244826,3.075267085119051,0.1574090286009937
4182.0,-4.271261141378733,3.0563318138793854,0.15714225291318873
4183.0,0.4447764769976894,3.102084125426505,0.15666766834192442
4184.0,-2.5361771653934557,3.0738451182923607,0.15671708795047973
4185.0,-2.01958255085824,3.0786756477699573,0.15643529048765822
4186.0,-2.0005940549435817,3.0788541645178724,0.15621089242645175
4187.0,-2.9594943327002325,3.0692596386963293,0.1559886041981247
4188.0,-3.409467102276743,3.0641466219231495,0.15565977149449134
4189.0,0.15209373133242554,3.098871779739025,0.1552809418164606
4190.0,-1.2459926629778117,3.086245328127222,0.155297841119942
4191.0,-1.4725784986141544,3.0844253324071262,0.15515939749072225
4192.0,-1.7796385103522367,3.0816441353476,0.15499577765754288
4193.0,-3.7541467379521056,3.0619845154418814,0.15479804004528153
4194.0,-0.9030872603246578,3.089334294967535,0.15438091262995352
4195.0,-3.5539158225146865,3.0634697123440637,0.15428056960102857
4196.0,-2.145891502311693,3.0765126463211527,0.1538856900651936
4197.0,-4.549237381830711,3.052338730385054,0.15364725767604784
4198.0,-5.0510735633094,3.045668712922344,0.15314178685584443
4199.0,-2.1021359966836064,3.0732162653368515,0.15258055645992116
4200.0,-3.511374083993635,3.0590621620682175,0.152346985793623
4201.0,-4.986459464121591,3.043360237685754,0.1519568331176237
4202.0,-1.8242381213161556,3.0731172079006868,0.15140278206605465
4203.0,0.15010096381348648,3.093007563877259,0.15120008894146397
4204.0,-0.7630496767749229,3.0852524782906308,0.15121676682633214
4205.0,-2.8216473565820905,3.0654380311141347,0.15113198352891272
4206.0,-2.488943366628818,3.0682244756008297,0.15081846715595915
4207.0,-1.3903671790201084,3.078882316736125,0.1505419178930004
4208.0,-1.0973399752063664,3.0821739052094714,0.15038743265088705
4209.0,-2.9294196485321233,3.064385493028408,0.15026550598697525
4210.0,-2.457277855344282,3.0684739570152697,0.14994001491491613
4211.0,-2.1242314915443297,3.0714735381431955,0.1496669840421001
4212.0,-1.8076545996514604,3.074517588801322,0.1494309583208174
4213.0,-2.6663455525140836,3.0660039213686434,0.14923010780974502
4214.0,-2.6501065563359303,3.0656935439650628,0.148933847192799
4215.0,-0.7752095878070149,3.0839828473494917,0.1486393909087617
4216.0,-0.9880991219463922,3.082573290402564,0.14855325651011647
4217.0,-1.9032367832048895,3.073988498330067,0.1484434677187891
4218.0,-0.35111366247133935,3.0894859331815456,0.14823199696509967
4219.0,-2.983057202783021,3.064111394841022,0.1481929843359362
4220.0,-0.4712831892132745,3.08849965888476,0.14786153353562698
4221.0,-1.8218556955805618,3.07584854066709,0.1478091687368255
4222.0,1.588782652768237,3.1099409126495874,0.14760674032620544
4223.0,-3.990602408478097,3.0562679771990062,0.14778327173206857
4224.0,-3.361681565271677,3.0611330080315162,0.1473398714644599
4225.0,-1.9765027147493153,3.0739767047703124,0.14696635129054084
4226.0,-2.0034574337762603,3.073581773715484,0.1467467398777909
4227.0,-0.062326269781226795,3.0928479612731103,0.14652413349626023
4228.0,-3.3354683541244174,3.0611868909273023,0.14651720835517343
4229.0,-1.3688518516326447,3.079844848932201,0.14614660076027072
4230.0,-1.0469212441475053,3.083303594767967,0.14599450611008932
4231.0,-1.6191902097241906,3.078012883734156,0.14587818152740625
4232.0,-3.7012454274054,3.05725231941112,0.14569827150410355
4233.0,-0.7403014934322525,3.085609459812782,0.14528702201216961
4234.0,-0.9633438358557327,3.0840028756215854,0.14520476629067713
4235.0,-1.7505193502620282,3.0765985313223156,0.14509772808669316
4236.0,-2.2445653909888073,3.0716181274240295,0.14490322593666405
4237.0,-2.217364987444536,3.071536241548142,0.14465382978210975
4238.0,-2.598419740299222,3.0673907371946205,0.1444074558946159
4239.0,-1.6990185821841977,3.075812206776235,0.1441187425901382
4240.0,-2.461081433818778,3.0681892213569877,0.1439299627476733
4241.0,-3.5606562191908013,3.0567082598506934,0.14365650925502677
4242.0,-3.8107395560344903,3.0530365582179226,0.14326088078622778
4243.0,-3.440045317065365,3.0554326136597654,0.14283746528000174
4244.0,-2.2223346968131854,3.0665507545020576,0.14245523802255003
4245.0,-2.533694795544009,3.06315672986381,0.14220831194512634
4246.0,-2.2308202583890635,3.0657096949293305,0.141926790301177
4247.0,-1.8739835830673612,3.0689959226822925,0.1416789213835782
4248.0,-3.2841511573960984,3.0548359939054146,0.1414707009854596
4249.0,-0.6679247895683151,3.080051083649223,0.1411057953013045
4250.0,-2.834638533809343,3.059090588017339,0.1410315814357969
4251.0,-3.0417837309768863,3.0563479636250386,0.14071662159870696
4252.0,-1.8970172033344346,3.0670017569676697,0.14037864562859842
4253.0,-4.795637752968841,3.037949412432902,0.14016786593933903
4254.0,-3.4881680621536493,3.0491352383716106,0.13963501730012026
4255.0,-1.2736590016352087,3.070241478060562,0.13924744307099207
4256.0,-4.671777411327638,3.036624597924013,0.1391059254041437
4257.0,-1.1030322538335553,3.0705319357273106,0.1385868390251073
4258.0,-0.6110792920510817,3.0759378850440826,0.13846427988579246
4259.0,-2.9618191722796854,3.0532108365832387,0.1383963821866757
4260.0,-2.1352340407171124,3.060762073443592,0.1380672911675335
4261.0,-1.1011411439362169,3.0709147711841176,0.13783004294078716
4262.0,-3.0834864850543995,3.0515498657858102,0.13770769392479423
4263.0,-1.4152805993422732,3.067432713908004,0.13736508431534375
4264.0,-3.3389359939133394,3.048453016155723,0.13720783091541683
4265.0,-3.0970028666664744,3.0499120337559273,0.13683683802720423
4266.0,-3.499170580406217,3.045094212726357,0.1364927265975746
4267.0,-2.0716910010064957,3.058329769648489,0.13610392986641837
4268.0,-1.052538684293063,3.068391346292235,0.13587374197741764
4269.0,-2.7301411651464553,3.0521215427445356,0.1357567932347184
4270.0,-4.0890614498905045,3.0379709754325495,0.1354534442163688
4271.0,-3.8533835278585196,3.0389186201589102,0.13499910405526985
4272.0,-2.0067507232868245,3.0561441738883333,0.13457095032995223
4273.0,-0.19485448325716348,3.074198194553086,0.1343479780273648
4274.0,-2.007843750857003,3.057135510565515,0.13432632752922513
4275.0,-2.983620688314066,3.0472818526556567,0.13410323377912992
4276.0,-1.5422700414371449,3.0609833819099768,0.13377172036931725
4277.0,-2.799373294483433,3.0486122771888873,0.1336003570313798
4278.0,-2.972856521705258,3.0462792696423633,0.13328931555421497
4279.0,-3.6980738821190795,3.0383255452642723,0.1329589981629144
4280.0,-0.7394389446920551,3.066762661907608,0.13254810106490117
4281.0,-5.674009896869579,3.0181396011938975,0.1324659411821576
4282.0,-1.5026759996509134,3.0574603201705908,0.131835495638061
4283.0,-3.079681172246921,3.0419534326272135,0.13166853163809977
4284.0,-3.0129259143145157,3.041883842330472,0.13132634484118344
4285.0,-0.3846060548527346,3.067479517673792,0.1309915752951485
4286.0,-3.3926638652500642,3.0383672470457337,0.13094884128905374
4287.0,-3.350086442535513,3.0378500705242995,0.13057187863735928
4288.0,-2.662992798649413,3.0438163890225565,0.13019964681041088
4289.0,-1.9826907677347023,3.050156705752237,0.12990375872167206
4290.0,-3.0523197278660867,3.0394271039557803,0.12968345974747933
4291.0,-4.467323663169857,3.024567229194621,0.12934431311104977
4292.0,-3.582122726102207,3.031828738482726,0.128847943815142
4293.0,-0.8983326794193509,3.057654910877247,0.12844993017890843
4294.0,-2.4065290135806108,3.043257577666139,0.12835011543675073
4295.0,-1.9361408953702224,3.0476808111042843,0.12808272332413068
4296.0,-2.826776508966297,3.038787953072068,0.12786759655797844
4297.0,-3.3243721202165872,3.033260267488455,0.12755351027920442
4298.0,-0.4030381876557363,3.0616137594433606,0.12718413559918035
4299.0,-2.7352398213138507,3.0392745684203235,0.1271393535783297
4300.0,-3.0542123494089086,3.0355799776650194,0.12683543804262817
4301.0,-1.1298220420558256,3.054122190777939,0.12649608111491606
4302.0,-3.4029504485842317,3.031903549559161,0.12637054533246542
4303.0,-3.2434091797174958,3.0325697904684907,0.12599243972706717
4304.0,-2.4871916449788776,3.0393140927020457,0.12563206092932078
4305.0,-2.4996623698897755,3.0388550308660913,0.1253557063021009
4306.0,-2.175485815120982,3.0417546488878853,0.12507796603877983
4307.0,0.11458636174435988,3.064516795515074,0.12483624539265527
4308.0,-2.079689692059537,3.043868720409091,0.12484897721062686
4309.0,-5.472567453438501,3.0098278146900177,0.1246179005781758
4310.0,-2.0921263207105487,3.0413875146063063,0.12400983752779375
4311.0,-2.4526500068880015,3.0376942107960123,0.1237773790477148
4312.0,-2.445687469560678,3.037445056771239,0.1235048623802828
4313.0,-2.192565863254787,3.039661655363026,0.12323311932810939
4314.0,-2.535847859593499,3.036072751278468,0.12298950089885886
4315.0,-2.5657651163192363,3.035398899217271,0.1227077400255707
4316.0,-1.7336947377865175,3.0433270104429204,0.12242265501264633
4317.0,-3.177600996493126,3.0290186000483392,0.12223002226400338
4318.0,-3.6846079195489696,3.023164734052708,0.12187695548661526
4319.0,1.2797268157779889,3.071714652312234,0.12146755460666538
4320.0,-3.3948218047265417,3.0270046240545017,0.12160974647508516
4321.0,-2.3748213594249044,3.036263305091705,0.12123254405233776
4322.0,-4.3695753135942095,3.0160259819446313,0.12096867501240166
4323.0,-2.3544144811857226,3.034635665938108,0.12048316664422452
4324.0,-3.666531938361669,3.0212595130311866,0.12022156503520388
4325.0,-3.0530911785625134,3.0263142807525893,0.11981417259760814
4326.0,-1.1936691677860953,3.044227607765395,0.11947494024443453
4327.0,-1.9099880395274078,3.037556545907459,0.11934231033690273
4328.0,-1.7894880942814761,3.0387888594085073,0.11913008944362191
4329.0,-4.7140060479898285,3.0096399458816423,0.1189312574331462
4330.0,-0.2038810377137339,3.0529946697102037,0.11840747898336955
4331.0,-3.9898516386773437,3.016244479403123,0.11838482553473469
4332.0,-0.5892989821326688,3.048957341560585,0.11794150868599276
4333.0,-1.2230701675231423,3.0434784432306135,0.11787603102131136
4334.0,-1.77833407276915,3.038364919490211,0.11774013433603102
4335.0,-3.568730976135477,3.0205375681304396,0.1175425416612789
4336.0,-2.310512693975596,3.032065735904558,0.11714601599726385
4337.0,-3.088651763306075,3.024033447485134,0.1168892923645999
4338.0,-2.4637005356183854,3.0295425500538276,0.11654610883534366
4339.0,-2.81234032385695,3.0257156292488907,0.11627236433138606
4340.0,-5.04826313321551,3.0027974490126983,0.11595988207317973
4341.0,-1.0977698112692649,3.040344906994237,0.1153989639472669
4342.0,-2.6013839456867016,3.0258601146307362,0.11527698952379253
4343.0,-3.1060004993777963,3.020405427133523,0.11498794686316068
4344.0,-3.2004090410372097,3.018737633220292,0.11464283569656314
4345.0,-2.0519255295415397,3.0294467659712208,0.11428723469200344
4346.0,-3.6171954228680905,3.0137470960389,0.11405924296649883
4347.0,-5.318969448092554,2.9956948927213234,0.11365733236395793
4348.0,-1.9910877459896548,3.026884415558563,0.11306633575861431
4349.0,-1.8511212525539729,3.02831509485697,0.11284510378683768
4350.0,-2.749539780847041,3.0194425738389543,0.11263942364766502
4351.0,-3.934878593987511,3.0071285582917713,0.11233391922757091
4352.0,-2.3888305738883933,3.0213867534467136,0.11189671049490563
4353.0,-4.330665460391986,3.001751905349935,0.1116312848755847
4354.0,-3.7840382458595743,3.0057807156712606,0.11115009982443004
4355.0,-3.4383724206302015,3.0081628783213548,0.11072965113044564
4356.0,-1.445076161385555,3.027251347275984,0.11034760975037562
4357.0,-2.9532636880461465,3.0125843866785265,0.1101870457324439
4358.0,-3.0598330147205757,3.0109727322200435,0.10985890532266099
4359.0,-0.05663435573594233,3.0403951853635616,0.10951892387658092
4360.0,-2.0594218785141076,3.021646504192671,0.10951263117038804
4361.0,-2.0762568619064674,3.021470224514094,0.1092838065172198
4362.0,-2.9621259315109687,3.0125865744738958,0.10905311131034132
4363.0,-3.245464584545972,3.0091663134173072,0.1087239862068401
4364.0,-5.233008050021438,2.988530575283435,0.10836337903077943
4365.0,-1.2890743350955522,3.0259700898320294,0.10778193369188815
4366.0,-1.9396128678045261,3.0199697891788464,0.10763870321021086
4367.0,-2.723957491516767,3.0122070691929945,0.1074231906693437
4368.0,-2.6715333772953196,3.0123117070982297,0.10712052872584182
4369.0,-1.5798196721736812,3.02284324358213,0.10682369168392013
4370.0,-4.443387591349817,2.99450740703381,0.10664815616478972
4371.0,-3.237351664442257,3.0050587257852936,0.10615444643241752
4372.0,-3.9203785786156633,2.997497463190045,0.10579474069192393
4373.0,-0.2856133968915673,3.0326923577607556,0.10535914307207775
4374.0,-1.4054305851833742,3.022636505970606,0.10532740825020091
4375.0,-5.253365801419205,2.9845688392585705,0.10517124929629165
4376.0,-4.39220203329997,2.991163579032681,0.10458754198502285
4377.0,-2.6654320916968577,3.0069854410966625,0.1040995195368784
4378.0,-3.0905502650905308,3.0023917738718744,0.10380336041557875
4379.0,-4.15547776009611,2.991132646951214,0.1034599659416798
4380.0,-0.06904720293688804,3.030723252443071,0.10299824619055802
4381.0,-2.109325107521776,3.0116272651584888,0.10299057427912059
4382.0,-1.9064795964211356,3.0136510894348603,0.10275620482272928
4383.0,-3.3650186865402674,2.9991815514161297,0.10254437375646026
4384.0,-1.597157316027497,3.0160519345164527,0.10217048279128912
4385.0,-2.9755409512275146,3.0025772767172945,0.10199302086728607
4386.0,-2.8541789671343745,3.0032227165393275,0.10166240520603856
4387.0,-1.7362475502184251,3.013913801515848,0.10134527420969029
4388.0,-4.536246956325375,2.9861292940401283,0.10115235781522158
4389.0,-0.5037151751862718,3.0249025698927956,0.10064833037562987
4390.0,-2.272013481595155,3.0082197026170494,0.1005923620228314
4391.0,-0.8988197390244697,3.021816942068111,0.10033991608043193
4392.0,-3.8442746957735228,2.9930851313430566,0.10024004722054032
4393.0,1.3460435949647587,3.04384303446939,0.0998129055876766
4394.0,1.0476247230002347,3.0429848556611754,0.09996246598711712
4395.0,2.8128720908310485,3.0625302326308907,0.10007886873411716
4396.0,2.5824791273978076,3.0631855861682245,0.10039141007754283
4397.0,1.9194852259610244,3.059309809991755,0.10067835220280925
4398.0,1.2324135088934007,3.0547210002449448,0.10089162833902715
4399.0,0.9167546628364471,3.0533681509839354,0.10102856317334864
4400.0,2.43939512441168,3.0701623879609836,0.10113042480255269
4401.0,1.9180165255142498,3.0674385949675855,0.10140146870526509
4402.0,1.642991259552172,3.066801239388677,0.10161458165254446
4403.0,4.433861857664512,3.096607694994741,0.10179713623693915
4404.0,2.397092902259083,3.0798505543676855,0.10228978755445742
4405.0,4.087553667408656,3.0990181553378826,0.10255613121026398
4406.0,1.8334347716466293,3.0797564523378202,0.10301030383997606
4407.0,2.8059703547483212,3.091284410726147,0.10321401881460346
4408.0,2.4306549796795816,3.0899092826207113,0.10352579329846438
4409.0,0.3779721131023468,3.071479860612234,0.10379586607398433
4410.0,4.2854228828298915,3.111324282685073,0.10383786297544015
4411.0,2.33105799120948,3.094987464864737,0.10431402107353235
4412.0,3.4330227745412008,3.1079280465490053,0.10457302751700007
4413.0,1.5599640969230508,3.0917743778143243,0.10495447449194908
4414.0,2.2939445230252944,3.100468624305276,0.10512780383605165
4415.0,1.4164345500958067,3.0934841996424995,0.10538268656083224
4416.0,4.044998103454242,3.1209777708437514,0.10554006817750956
4417.0,2.8892616843133445,3.1122564331219937,0.1059895124112267
4418.0,2.95881690835111,3.1150117842921965,0.10631054148726152
4419.0,4.197730183881223,3.129468029427822,0.10663929892152275
4420.0,3.9454266211237785,3.129753253859475,0.10710571338639845
4421.0,3.4566781701703566,3.127466123979101,0.10754409412207887
4422.0,0.7228408162031716,3.1023760845718495,0.10792816947432002
4423.0,1.6304011006041454,3.1119462399824975,0.10800848512056481
4424.0,1.245139829985809,3.1091518396388986,0.10818964079840972
4425.0,3.409417117032249,3.131594940376245,0.10832798966840813
4426.0,2.713314927187564,3.1267808935364623,0.10870681379252282
4427.0,0.7618594579617566,3.1089404546249377,0.10900829322887699
4428.0,2.2640697337359654,3.1243851961533333,0.10909294427976163
4429.0,0.632359580351527,3.109429525327468,0.10934450758351007
4430.0,2.4335543899128003,3.1277580428266916,0.10941476975910468
4431.0,0.4307843700160192,3.109175423153624,0.10968516469131721
4432.0,3.161034366730766,3.1366439318437505,0.10973302962131899
4433.0,2.972453282542592,3.1366384992629657,0.11008425566206685
4434.0,4.884935616683602,3.157494984405075,0.11041452824901603
4435.0,3.5598416118716782,3.147148232915828,0.11095729887309198
4436.0,1.9713571802218715,3.133287285325123,0.11135283682996662
4437.0,3.5225876165931074,3.1497945983981075,0.11157187651665794
4438.0,0.7529201488185269,3.1240532561070373,0.11196327514072384
4439.0,1.2969092453986433,3.129680084640387,0.11204693293503701
4440.0,2.9164281650938877,3.1464058265151005,0.11219103396230352
4441.0,-0.1978120784349091,3.116806012716732,0.11251508153620285
4442.0,2.4535490188326463,3.14288546035741,0.11249310241637675
4443.0,1.224670884851974,3.131839976672026,0.11276571897402482
4444.0,2.6266338189415794,3.1463146430483073,0.11290179351678616
4445.0,1.1528295524409207,3.1329087338597734,0.11319364171889078
4446.0,3.0303101718189858,3.152072217434714,0.11332173389138421
4447.0,2.524159279584237,3.1485761946891127,0.11365843502158632
4448.0,4.250457396101663,3.1670641429678077,0.11393889716376235
4449.0,2.5084181676270276,3.1519353604687415,0.11441117020777364
4450.0,1.5391964937981673,3.1434056584403316,0.11468988333750997
4451.0,2.1913926802158965,3.150467082038738,0.11486090517015421
4452.0,0.8197045037290858,3.137695552364796,0.11510439324573375
4453.0,3.0076715683818,3.159649126261796,0.11519547152392587
4454.0,3.2373128078940905,3.163397597070762,0.11552965725374607
4455.0,5.586495045866022,3.188465374811073,0.11588935867684541
4456.0,1.7227050117444942,3.152855034776254,0.1165100803486083
4457.0,2.1652567829060216,3.1578348521454087,0.11670149201657991
4458.0,1.7803018444522305,3.1548143733294585,0.11694207610356946
4459.0,2.7651421264140303,3.1652423375939525,0.11713988741961971
4460.0,2.977113168099517,3.1685562026742455,0.11744712543366571
4461.0,2.4332814444643613,3.1644303531831426,0.11777791578567677
4462.0,3.8579073960912904,3.1796310927828637,0.11804828039061725
4463.0,1.728775620306528,3.160178064571157,0.11847693676796073
4464.0,3.7327175598633904,3.180693576806214,0.11866902294799479
4465.0,3.1731223170513534,3.1768301041772338,0.11908376934353516
4466.0,2.484962600126317,3.171305692430814,0.1194363384898742
4467.0,2.106329199053568,3.168427700632881,0.1197124454454438
4468.0,5.533334698414212,3.2033598769262603,0.11994648202311642
4469.0,1.4787391865724007,3.1656221804038225,0.12056129698960688
4470.0,2.8724164712105185,3.179779516380983,0.12072560134367048
4471.0,1.5622261621973343,3.167777061403684,0.12104475872936055
4472.0,4.732025935776632,3.1997406002451965,0.12121833941404914
4473.0,3.6085329109990045,3.1907636623637172,0.12174412007357988
4474.0,1.65206265144857,3.1727187772491834,0.12214506817480199
4475.0,3.1407437417890356,3.1878784998281238,0.12232863069162961
4476.0,2.822119651595694,3.1859030374336577,0.12267760221849505
4477.0,1.8542190475315765,3.1772213254831008,0.12299117106867236
4478.0,3.4477052715352166,3.1935366594982906,0.12319719540728698
4479.0,2.986631738880513,3.190308115875677,0.1235802737707909
4480.0,2.7696233923574405,3.189214293611496,0.12391212174177761
4481.0,2.447600360947089,3.186923296936738,0.12421985767426177
4482.0,3.038818115749564,3.1935545754375654,0.12449181326992256
4483.0,2.7867345768655745,3.1921196274396975,0.12482945972722807
4484.0,2.5738666662812717,3.190907739186397,0.12513909690243535
4485.0,1.6987301050155457,3.1829318652753567,0.12542508208757772
4486.0,4.617207800953116,3.2123379622605275,0.12561382987702388
4487.0,1.186975070814316,3.180093262007799,0.12612685296601867
4488.0,3.034545273599681,3.198445523890324,0.12625873908499805
4489.0,2.099699072123209,3.1901445348036415,0.12659591078206467
4490.0,4.699434086811625,3.2165927348263286,0.12682921067896724
4491.0,1.3706468284701991,3.1853878699087503,0.1273513700219463
4492.0,1.5809209227995848,3.187455848913992,0.12750366411399855
4493.0,1.2877274209227183,3.184631263043656,0.12767932199430962
4494.0,2.904331313688263,3.200728137134901,0.1278224028188566
4495.0,0.7836866755391978,3.180477447730768,0.1281451062981553
4496.0,1.9018393815527923,3.1912757401679968,0.12823218259543742
4497.0,-0.19045727856785621,3.170687462026151,0.12844349808227662
4498.0,2.800526692660113,3.1996221581323323,0.12842233616243576
4499.0,1.8747314265546717,3.1912927892286467,0.12873350579495355
4500.0,0.6399290700851836,3.1792841341300013,0.12894180928679294
4501.0,3.857011753717573,3.211022177620563,0.1290129125168024
4502.0,0.8654163770188259,3.182708753688936,0.1294414693783266
4503.0,3.4961796125352693,3.2087209406642225,0.1295376267535509
4504.0,1.6236989700152444,3.1913655790934055,0.12992609115494372
4505.0,4.501964222369282,3.220326183919059,0.13010650215161207
4506.0,3.4369381736576825,3.211665275115182,0.130606720398542
4507.0,1.2399401614074648,3.190988354899427,0.13098860241783727
4508.0,1.353646809737117,3.1920250461103534,0.13112637354688256
4509.0,3.2569065065303873,3.211039499613207,0.13127677874796445
4510.0,2.1720273366122917,3.201375975893061,0.13163865724869006
4511.0,2.288321866223293,3.2030304102551503,0.13187999361942476
4512.0,4.090298577215123,3.221614451409386,0.1321342516045607
4513.0,1.5641389082875543,3.198046188105282,0.13258872922425124
4514.0,2.614117215219318,3.2086318880863565,0.1327625224362832
4515.0,3.6932847420653827,3.220175715758595,0.1330529799046409
4516.0,3.5113968604820003,3.219781134339231,0.1334633448759815
4517.0,2.3004841655991592,3.2089648188407836,0.13385350008270172
4518.0,2.1388676489341774,3.207866894417959,0.13410910943443496
4519.0,0.32648067184883534,3.190159474809999,0.13434676139542764
4520.0,1.1796937591685053,3.1979723921992265,0.13438303702563306
4521.0,2.897949033218417,3.214993503493622,0.13451411410998512
4522.0,2.3276472638222048,3.210219044916324,0.13483610844700938
4523.0,2.593658848207783,3.2134415422718448,0.1350947359207674
4524.0,3.799067012042576,3.2262233720549,0.13538292023723494
4525.0,1.0158461136721568,3.199870612910386,0.13580503879412856
4526.0,2.2047746222091877,3.211474594173853,0.1359179105845366
4527.0,2.7358887042640223,3.2172606755219477,0.13616288554255984
4528.0,1.6198000780318549,3.2069080457980865,0.13646687317636697
4529.0,4.289346392409271,3.2337053974978223,0.13664685096281495
4530.0,3.6357335020164343,3.2289530881297606,0.137123445006416
4531.0,2.8626666588609444,3.222571949688821,0.13752741539552893
4532.0,4.742789724160733,3.2422216818629246,0.1378454894687357
4533.0,0.6263809004873222,3.2030791235729184,0.13837246610475357
4534.0,2.4903421486178976,3.2211292529574402,0.1384420639825855
4535.0,2.957921211167576,3.2264052864922377,0.13871876866576527
4536.0,1.3568061915075975,3.211285788451529,0.13904742657811722
4537.0,2.8758931772721605,3.226356372776265,0.13919818282161806
4538.0,1.1167718827651525,3.2096093869183058,0.13951772650798164
4539.0,3.3631966478428166,3.231807588655723,0.1396418122727333
4540.0,3.8222934601611334,3.2375559884536096,0.14001550078916028
4541.0,2.8404167514104106,3.229170253103477,0.1404402000625115
4542.0,0.18400273116881793,3.2034056251733176,0.14075580192377934
4543.0,1.2915080985424567,3.2136078622562314,0.14077624667168698
4544.0,3.205887504016451,3.232599045530806,0.14091974757152503
4545.0,2.5264983043904574,3.226865454520738,0.14127595729419354
4546.0,-0.8675032721156102,3.193548705081712,0.1415566793280147
4547.0,4.0535379798353,3.241250281478496,0.1414602900755574
4548.0,2.6708206328172905,3.229038676910264,0.141910683184428
4549.0,1.4761566699999438,3.217818764038106,0.1422074410325188
4550.0,3.74369449695833,3.2404666101685398,0.14237145844029658
4551.0,1.6530749838663763,3.22096486813151,0.14278742449551418
4552.0,1.6394348529947318,3.22090390490958,0.14297109949372155
4553.0,2.9479408137675454,3.2340632401871128,0.1431532589218321
4554.0,4.726298074052869,3.2527494164860498,0.1434808079011396
4555.0,4.5294839724661085,3.2527916058570328,0.14400595213158993
4556.0,2.9496393736301334,3.2388515039514716,0.1445092281285306
4557.0,3.0779820735628998,3.2409765650364792,0.1448369658367117
4558.0,3.489373665106031,3.246006159038392,0.14517896384488538
4559.0,0.9287704057883137,3.2215661050260134,0.14556667202989715
4560.0,3.305185421439978,3.2448772425272026,0.14566986874165141
4561.0,1.5824081648205899,3.2287051038455865,0.14603711156625584
4562.0,2.898097583495726,3.241826273028487,0.14621293469568036
4563.0,2.2156654654908285,3.235801531094887,0.146534945538291
4564.0,3.126510408892768,3.2452756424216496,0.1467811305900122
4565.0,2.647629331258075,3.2414262925647326,0.1471285206354447
4566.0,-1.3412878385266245,3.202167780467535,0.14742270167225116
4567.0,2.7236146396314758,3.2409421354217502,0.14727366969019265
4568.0,3.3026911903740785,3.247452413777163,0.1475762935390406
4569.0,3.0574104354230673,3.2460778488516553,0.14794325922685994
4570.0,2.3717675672392753,3.240134554422671,0.1482829714974625
4571.0,4.552702114913007,3.2624187583374376,0.14854650122715576
4572.0,2.889216411402076,3.247627202932412,0.14905235701770164
4573.0,3.047091625241383,3.2499802834537417,0.149373381063413
4574.0,3.805614867563211,3.2584335988973696,0.14971194679955094
4575.0,2.9532412496207483,3.25124685366845,0.15013479289594686
4576.0,1.3774778082322456,3.2362757663792023,0.1504629308125714
4577.0,-0.547921767224528,3.2168142898289007,0.150615983902375
4578.0,1.9035988724773982,3.2399270251856302,0.1505551037060167
4579.0,3.451181907351396,3.2555735623757442,0.15076661469184754
4580.0,2.0586295857277426,3.24279536970552,0.15115007934821992
4581.0,3.501472965352162,3.2574849144284483,0.15137881596885633
4582.0,2.6859102199003413,3.25049965415334,0.15176786852056212
4583.0,4.110082587827731,3.265387152180476,0.15206630298943993
4584.0,2.130979116099174,3.247132357224967,0.1525229788325319
4585.0,3.08451853320961,3.2569426919387623,0.15275975428987626
4586.0,3.1323563306691993,3.258298197122191,0.153102478571344
4587.0,4.377002340788991,3.271644523471212,0.15345051816364055
4588.0,0.36670336708215245,3.2332146691980275,0.15393685175706157
4589.0,1.9269896568085532,3.2479525912689002,0.15397759657562626
4590.0,3.5606451317356296,3.264428360434125,0.15419170653749387
4591.0,4.43237059972331,3.274316222972136,0.15458733377435338
4592.0,2.8000893908026003,3.259698212875697,0.15507981939654486
4593.0,2.134119794473141,3.253696641748345,0.15539094043996737
4594.0,3.446397960843056,3.2670566848098423,0.1556280648615755
4595.0,3.585878344039604,3.269516881284431,0.15601099796833584
4596.0,2.050422901665866,3.2553046345059617,0.15640942889545134
4597.0,2.9128841402219328,3.2640962179686457,0.1566372536623031
4598.0,3.975659078014962,3.275438235577296,0.1569609074556611
4599.0,4.863073741593064,3.285689439629928,0.15740264735321832
4600.0,3.4282561990441147,3.2732588431163596,0.157942988880062
4601.0,2.5551736208319915,3.2655192081975923,0.15832390623551135
4602.0,2.432406029952615,3.264726111634988,0.1586078144156038
4603.0,3.1967456964920284,3.272728591537343,0.1588780817522652
4604.0,2.3554089469006874,3.2651567709660068,0.1592332757185421
4605.0,2.7370506237779852,3.2692807906065977,0.1594949878237533
4606.0,1.1776546693364065,3.254237725103146,0.15979910455972862
4607.0,4.121321495613949,3.2832461720436528,0.15992995507854377
4608.0,1.0747690910641519,3.254216746267064,0.16038787968916754
4609.0,1.9598602994337342,3.2625750173209025,0.16050729847706355
4610.0,2.6219915760647674,3.269277559792439,0.16072506073255619
4611.0,4.988733599860798,3.293449406821416,0.1610163931298967
4612.0,1.9716462689345908,3.265267767392017,0.16157069686321457
4613.0,1.6674802325495046,3.2622947172954078,0.16178976867087397
4614.0,1.8114788533327577,3.263620577476966,0.16197504425226836
4615.0,4.573621459514141,3.2912296272053685,0.16217631968041643
4616.0,-1.0154337418825268,3.237069148215035,0.16268449984258468
4617.0,1.2465774848142663,3.257889704580551,0.1625716738712644
4618.0,5.914110886449439,3.3042272659380245,0.1627101824806882
4619.0,3.238602591864546,3.2800780811565,0.16336730591251591
4620.0,1.117518813325975,3.259755016074515,0.1637271506449453
4621.0,2.4476025222815356,3.272605443605115,0.16385131940198153
4622.0,2.584318207584827,3.2743741535838624,0.16412327523779058
4623.0,3.5576565573820074,3.284596387169084,0.1644104217053
4624.0,4.799377503528204,3.2981130197637896,0.16480571687834245
4625.0,2.9856896015990193,3.281843220555428,0.16533898104540112
4626.0,1.825264621233799,3.2709425450560268,0.16567072433446767
4627.0,3.4838555526227553,3.2875001089418805,0.16587353151460477
4628.0,1.6271841289214237,3.2699554051349056,0.1662606265760073
4629.0,1.2083281300137134,3.2656141229720057,0.1664414248125541
4630.0,0.3001139100544439,3.2561284388469276,0.16657568349366675
4631.0,0.5435895068744989,3.257606321247114,0.1666090294836728
4632.0,1.3794435548446602,3.2651873387819115,0.16666942831776996
4633.0,1.0277627903739113,3.2614404819929326,0.1668226998238638
4634.0,2.8915456592183966,3.2796403160447625,0.1669368956894609
4635.0,1.000747717719956,3.2614801631905825,0.16725817854048516
4636.0,-1.42958287753093,3.236732703365963,0.16736937273134295
4637.0,1.1951102817631678,3.261027060467611,0.16721053018939508
4638.0,1.9101754403482258,3.2679161186176944,0.16734332022070209
4639.0,1.7431881401600433,3.2664458337591196,0.16755556193629634
4640.0,4.39940584913648,3.2931067130964196,0.16774924950742523
4641.0,1.7330718008885624,3.2682143628733282,0.16823807237955152
4642.0,3.601154328998997,3.2869679720415297,0.16843063591298357
4643.0,2.4762717503989227,3.2769703367790775,0.16883076417176124
4644.0,2.4471190929092517,3.2772086850508657,0.16910590547736112
4645.0,1.4557746389399537,3.267804744202461,0.16937780759879548
4646.0,2.4265216855240412,3.277398024075821,0.16953956033645548
4647.0,1.543629841378229,3.269073824052673,0.16980917385706926
4648.0,2.712530392818213,3.280711896167993,0.16998068828388907
4649.0,2.2046879592203896,3.2763245125104707,0.17028208054975777
4650.0,1.3192150835104997,3.2678369614597087,0.17052704587856005
4651.0,3.7398679246257442,3.2918558896296064,0.17067362533228345
4652.0,3.0335506000267816,3.286134929178778,0.1710891662127974
4653.0,1.9399215823221896,3.276080327272503,0.17142622739057817
4654.0,2.6818663087941377,3.2836865763150587,0.1716417742330584
4655.0,2.3952218481225453,3.281476644495999,0.17193975937847997
4656.0,1.4155113284209078,3.2721516660008545,0.17220589513938248
4657.0,2.588120286276455,3.2837340836463342,0.17236317417587368
4658.0,1.7237353064907819,3.275692570242691,0.17265074309657108
4659.0,1.3188327054748759,3.271699932749808,0.17284226924173673
4660.0,0.4715408371668439,3.2630358604614598,0.17298880620901172
4661.0,2.0517408080767114,3.278126110661209,0.1730411996353636
4662.0,3.208713324479654,3.2899960879707058,0.173269170836261
4663.0,1.6316758082764253,3.275253526829192,0.17362569453898097
4664.0,5.650885865197462,3.315472133992893,0.17380699185101167
4665.0,3.6071070670659156,3.2975893813688284,0.17443486805825584
4666.0,4.130412665825598,3.3040550949878242,0.17483565773237428
4667.0,3.494053765092198,3.299237215460125,0.17529459247302157
4668.0,4.816081218673216,3.3135829719563827,0.17568282066914293
4669.0,1.5162475206593222,3.2825265641981876,0.17621794080455105
4670.0,-0.7009217320732768,3.2601983674309563,0.17638641275129097
4671.0,1.9423429895588962,3.2850943949709683,0.17630853255883838
4672.0,3.197773219434422,3.2978069463450277,0.17652434844656714
4673.0,2.6893962146849733,3.293673874725326,0.17687965658205987
4674.0,2.8443407637097295,3.2958451031397247,0.17717847838369152
4675.0,4.15113750333734,3.309628276310446,0.17749451624632595
4676.0,2.9775719680781245,3.299422243571656,0.17795575374669675
4677.0,3.498641159488777,3.3054057027222483,0.1782865950764832
4678.0,1.3255465726840514,3.28476808089617,0.17867533298309307
4679.0,1.130757888479954,3.282537798267339,0.17882261593561352
4680.0,4.517642403780609,3.3160152996939205,0.17894825570100018
4681.0,2.626126918933835,3.298848982460615,0.1794502159680869
4682.0,1.7209635206923313,3.2903348449423793,0.17974200784796845
4683.0,1.7232568830661021,3.290325389356135,0.17993322601693426
4684.0,1.688596097952178,3.2899564123587557,0.1801246990039416
4685.0,1.6138012236926977,3.289172660986678,0.18031232079260295
4686.0,0.8960652467454253,3.2819210525119438,0.1804916320396799
4687.0,0.6244744972243643,3.2786896821459024,0.18059119484487385
4688.0,2.256244527931976,3.294338702291005,0.180660580900121
4689.0,1.7588426620995006,3.289739685941597,0.18091127473655788
4690.0,3.8839491068041188,3.3110540615936372,0.18110670169901338
4691.0,2.866345816583646,3.30228082984789,0.18153825159976938
4692.0,2.831647100097479,3.302679482563501,0.18185673446827869
4693.0,1.5710994905569367,3.2907914817967168,0.18217136192384506
4694.0,2.3487144802750306,3.2984883757992165,0.18234592853390694
4695.0,2.9512513795393005,3.304931326187075,0.18260689680949305
4696.0,3.3952446746408445,3.31016655695791,0.18293481362944186
4697.0,2.382635216852043,3.30110700923554,0.18331206303773528
4698.0,3.848904724155261,3.3161886230095456,0.18357680028405218
4699.0,2.5099866361349283,3.304138113833711,0.18400445636451387
4700.0,3.4910588981470996,3.3144301947796087,0.18428334376852887
4701.0,1.887684739263562,3.2994921068504843,0.18467123920165632
4702.0,0.23426454178919798,3.2830349436484663,0.18488098195046337
4703.0,2.8354487350231534,3.3080927403203932,0.1849070113439955
4704.0,3.406655078933282,3.314508130568134,0.18522206120344253
4705.0,3.219184164759462,3.3136895895636207,0.18560057843443512
4706.0,3.0277333267968,3.3127015867364116,0.18595826556385284
4707.0,2.064266292556266,3.3038637488587637,0.18629468037794136
4708.0,1.4915671856930097,3.2983220002732914,0.1865240432993365
4709.0,3.1896603363047253,3.3151331206748114,0.18668977298663572
4710.0,3.033059270247844,3.3144735204847886,0.18704417969066958
4711.0,1.7988761364452173,3.302930635160431,0.18738118627625266
4712.0,3.886780236490071,3.3238271074479084,0.18758106140252437
4713.0,1.3964181068154993,3.3002582687771675,0.1880129258732455
4714.0,1.7705957765111995,3.303755222091048,0.18816808344066946
4715.0,4.545531515427081,3.331506780315397,0.18836481630472626
4716.0,3.585727422167391,3.3236595834305667,0.18886987536199593
4717.0,2.0524883676362218,3.3094509953776097,0.18926828952001454
4718.0,2.8592258870544383,3.3176671337524475,0.18949634378308522
4719.0,2.693490305654798,3.3166697932787397,0.1898140355483135
4720.0,-0.932017331221723,3.2809663221992897,0.19011331224894182
4721.0,1.366907563158273,3.3022300458805707,0.19000975476769497
4722.0,2.436441728613398,3.3126819976886948,0.19016163338582368
4723.0,2.054235654300867,3.309299583846599,0.1904323491334474
4724.0,2.8088782060380257,3.317045093277068,0.19066059753948084
4725.0,3.9118528911848998,3.328751095333877,0.1909726951179295
4726.0,2.098080269182591,3.311976483929646,0.19140734543917226
4727.0,1.177931504846419,3.3029822577787273,0.19164046546908145
4728.0,2.9060645731388064,3.3198971929190138,0.1917713467473977
4729.0,2.0917208330402457,3.3124858736398033,0.19209424281107979
4730.0,2.3049206239726217,3.3148328449096645,0.19232665623697315
4731.0,2.1352828510586517,3.3134886091939837,0.19258275852852566
4732.0,5.302297250013732,3.3454052876427176,0.19282001217864328
4733.0,-0.3008803262474311,3.2916098787487544,0.1934091563175337
4734.0,2.0145826210841924,3.3134512284652633,0.19337572517017287
4735.0,2.49538871793951,3.3184306422781966,0.19359956768362668
4736.0,1.5235718846465265,3.3091896202806192,0.19387683309673107
4737.0,3.6247822901603537,3.3300675525094516,0.1940461188616918
4738.0,3.516572098399549,3.3301793679382854,0.1944488724494874
4739.0,2.4403067268893244,3.3205278223683115,0.1948396026826429
4740.0,2.1616578058203824,3.3181638942777365,0.19511074787451949
4741.0,2.3600539572104413,3.3203951492996167,0.19535093207516618
4742.0,2.3690166829402366,3.3208593489901044,0.195613160292634
4743.0,2.402033714842797,3.3215701294073927,0.19587638436851626
4744.0,2.2650011231040006,3.320601419661753,0.1961432770034988
4745.0,2.815561643240491,3.326422553880867,0.19639494379495478
4746.0,3.441515081034831,3.333344528255472,0.19670778397753705
4747.0,0.9621748155017791,3.309601343554604,0.19709017454209649
4748.0,1.186670125958564,3.3113288107401555,0.19719708285493
4749.0,0.3143524631455956,3.3022459849274886,0.19732893509114763
4750.0,3.5829967504469993,3.334039378992277,0.19736386314260826
4751.0,2.812904116488079,3.3275198938439012,0.19776197389265793
4752.0,3.131584394915963,3.3313900510283787,0.19807451879448992
4753.0,0.7131272020456645,3.3080831973837745,0.19842247261614726
4754.0,4.7311851536001726,3.347614950754073,0.19850170897193012
4755.0,1.738936364818303,3.319583828725011,0.19902739621121904
4756.0,2.7102572588890697,3.329283002555894,0.1992206113628655
4757.0,3.5679808258479646,3.3384631093922175,0.19952175105829761
4758.0,1.26627530525491,3.3165830791498925,0.19991819337228073
4759.0,1.8170945518591664,3.3217702882285725,0.20005889062842017
4760.0,2.723964718251093,3.3308768165398868,0.20026079002307118
4761.0,6.071841344330883,3.364968862628218,0.20056345276954352
4762.0,2.8764059285650303,3.335724089351973,0.2012381018078025
4763.0,4.507951438288398,3.3527012397198472,0.20155770246653193
4764.0,4.007091431489944,3.3493732414784247,0.20205858595967507
4765.0,2.9600125456181483,3.340245221156025,0.20250381834095174
4766.0,1.2635052854616515,3.3239488046071735,0.2028327086237982
4767.0,3.8246920135227938,3.3491603458765247,0.2029730980999606
4768.0,0.6273620729399412,3.3184089246477546,0.20339806387924092
4769.0,4.501093904596365,3.356347146359925,0.20346777077623424
4770.0,2.750006635272819,3.340490260110338,0.2039678923211894
4771.0,-0.8127794341227199,3.3053947488967674,0.2042734486139975
4772.0,2.0743673812102013,3.3325611455172734,0.20418313978798386
4773.0,3.3174347761536755,3.3451375695636645,0.20441362505256278
4774.0,2.2037201587002917,3.3349308959485224,0.20478222891657985
4775.0,3.393757263741967,3.347053195227307,0.205027086711991
4776.0,1.4374697903596307,3.3284623141211944,0.20540417085240675
4777.0,0.8675220340154908,3.322496901456072,0.20556388971800227
4778.0,2.410693246190493,3.3373175475292505,0.2056602810551151
4779.0,2.5394570841123936,3.338981087057259,0.20592813586024739
4780.0,2.0645195611720983,3.334688729260198,0.2062102977584821
4781.0,4.0341139333027405,3.354542518064857,0.20643968882083455
4782.0,1.437240781076178,3.3299717572982335,0.20688792370231263
4783.0,2.891457009165437,3.344263916826377,0.2070476171224322
4784.0,2.5849624639545317,3.3418733770870133,0.20736889012345058
4785.0,0.5541050598298958,3.3220416990800836,0.20765610817500108
4786.0,0.8512122704143597,3.3242139350115862,0.20771767540387107
4787.0,2.5148887703107894,3.34026035540393,0.20781225454502822
4788.0,4.976499998358705,3.3653479912058053,0.2080916866306183
4789.0,3.2240872648735137,3.349838107296246,0.20864463107488038
4790.0,0.34295646856920925,3.3219112505697868,0.20900286299319965
4791.0,-1.388110081399172,3.303668192684143,0.2090409692674851
4792.0,3.4163169912554747,3.34971847580586,0.2088867348139963
4793.0,2.3797331463397513,3.340417018185179,0.20926632559080247
4794.0,3.926582461887962,3.356286528929905,0.2095307403848402
4795.0,1.399102599110698,3.3323826664631393,0.20996702732505
4796.0,2.9377656223231576,3.347535871807973,0.2101224831693956
4797.0,3.5577168287848284,3.354478618802441,0.21044890157187596
4798.0,1.9406704522418976,3.3394334645706936,0.21084420344174093
4799.0,1.9673930372111683,3.339797507840733,0.21105983349199003
4800.0,2.531578538872988,3.3455581600904076,0.21127843271834684
4801.0,3.178345433200411,3.352503368233517,0.21155971922266606
4802.0,2.482082494360111,3.3464221534513086,0.2119128687152439
4803.0,3.717495422199358,3.3592114606915113,0.2121886556590617
4804.0,1.9225810134162127,3.3424715648792627,0.21260171070597272
4805.0,0.8395059931711129,3.3317085131456063,0.21281533081857454
4806.0,4.971219210141475,3.372419651710948,0.2129086092622602
4807.0,1.744207829321942,3.3421541508019934,0.21346096695227593
4808.0,1.7894473953528158,3.3425562729280296,0.21365476782220058
4809.0,2.4177458486597696,3.348825437185207,0.2138535953105731
4810.0,2.5839763870674766,3.350875454621029,0.21412223373820197
4811.0,2.0166454468896466,3.3456939833848494,0.21440934222565391
4812.0,2.4782076288137387,3.3504433829415277,0.214633413941975
4813.0,2.4502972107147825,3.3505921830844305,0.21490877034517653
4814.0,2.7185241587760087,3.353683892275045,0.2151810255908115
4815.0,-0.44685932373414516,3.322607179692388,0.21548308383067552
4816.0,4.851095383759812,3.374174092058957,0.21543343279470506
4817.0,2.315889608081803,3.3507665844715517,0.2159724433929006
4818.0,3.2257782743087318,3.3601901111271957,0.21622976446046524
4819.0,0.7773733230824698,3.3366025262943686,0.21658818426872176
4820.0,1.9112496734384372,3.3472919087069233,0.21667455908239758
4821.0,1.6596051670994818,3.344856515222072,0.21688692015722408
4822.0,4.337154705635681,3.3715605118967615,0.21707132073134625
4823.0,1.7677329914551465,3.347482869985069,0.2175532268097502
4824.0,3.447599983675114,3.364262810687897,0.21774964158657856
4825.0,1.686974434158506,3.3476990638208615,0.21813270825143136
4826.0,1.93422632543257,3.3500969822845406,0.21832014985522674
4827.0,2.1930622934991426,3.35277418299081,0.2185350638913859
4828.0,4.104806408536625,3.3721480777428803,0.21877873747955248
4829.0,0.13768417621235196,3.333934850768795,0.219234827080501
4830.0,0.8554205559069592,3.3400609533076,0.21925012532230237
4831.0,0.06586854288772903,3.3315908835914247,0.21934517205073648
4832.0,1.1406223502981871,3.3412858326585306,0.219352490777724
4833.0,1.485499936009866,3.344382386965111,0.21947922659442382
4834.0,0.4818984323870139,3.3342234027945707,0.21964428214286935
4835.0,1.582315316731664,3.3444834335437195,0.21969782641313457
4836.0,-0.018393101166768844,3.3284425715670953,0.21987363922610476
4837.0,1.2275140952903985,3.3398701639464474,0.21987159554819732
4838.0,4.00052549988775,3.367375530337534,0.2200079860032296
4839.0,3.0044850878513785,3.358940126544491,0.22045248883655047
4840.0,2.7343345902156595,3.3571161238498046,0.2207863205129784
4841.0,1.2465268046511069,3.342935648866947,0.2210901354674468
4842.0,0.5798938011940948,3.3360264408055413,0.22122863844574137
4843.0,1.0760549055821491,3.3403373658911564,0.22129307109031848
4844.0,2.4459877163799812,3.3537152195085795,0.22141263274649428
4845.0,3.5852209746583354,3.3656572769702,0.2216844091594254
4846.0,3.6279592714191504,3.367344626047315,0.22208276704549854
4847.0,3.288265453104166,3.365216824405023,0.22248587363121178
4848.0,1.5780539199150698,3.349153039907277,0.22285123645933447
4849.0,2.530687290504985,3.3586314099150165,0.22302657578376947
4850.0,2.0983218374534425,3.3548644302540302,0.22330776326049226
4851.0,2.2485127956315623,3.356647425645467,0.2235409101313204
4852.0,5.046409871199766,3.385002532296899,0.22379074488639059
4853.0,0.2974997037454843,3.3396440879838285,0.22435145709430168
4854.0,2.206653980097174,3.357853301395954,0.22438451261694006
4855.0,4.014686133995196,3.3762717422302098,0.2246296963925064
4856.0,0.6676356312080771,3.3442735976736895,0.22507577262961698
4857.0,1.695315718417187,3.353901587302991,0.22514995436641788
4858.0,1.8387018780404505,3.3553496842148873,0.22533832277957536
4859.0,2.2208878474325195,3.3592815800661744,0.2255426229882465
4860.0,0.5050535504922284,3.3424770795186736,0.2257893883046279
4861.0,3.2441075754225492,3.3691443697773598,0.22584550536579373
4862.0,3.33285910314143,3.371046575962169,0.2262059617630629
4863.0,3.1354691562724346,3.3701301349582624,0.22657627944118972
4864.0,1.4120329071361484,3.3538157772992276,0.22692466490299776
4865.0,2.6081384884841188,3.365604552868118,0.2270815574482351
4866.0,1.3756997005386407,3.3538676829462273,0.22737135061362224
4867.0,2.084254174035609,3.36076267927916,0.2275242061359043
4868.0,5.191834908963598,3.3921021265879774,0.22775578993301937
4869.0,2.61961922199532,3.368594527082062,0.22833266047845976
4870.0,1.0155917800160332,3.3531199815296517,0.2286237292809037
4871.0,2.7254191758298925,3.369773398661304,0.2287365728120166
4872.0,0.8102550924208629,3.35126423392807,0.22903939716488658
4873.0,1.0012370093562353,3.352609214965694,0.2291294255084889
4874.0,1.1985960800640114,3.354154474723449,0.22924067406508403
4875.0,1.9446131847553956,3.361324157468142,0.22937385140731337
4876.0,3.6712112444865017,3.378779066541178,0.22958991953895286
4877.0,3.222997747521049,3.375571555822865,0.22999783189945136
4878.0,3.1537441603091603,3.375854704600437,0.23035594276028704
4879.0,1.126344293011822,3.3565008908277236,0.23070635877809917
4880.0,1.823357055705439,3.363108233002679,0.23083150814398937
4881.0,2.8400013836039855,3.3733621009650547,0.23103410337240107
4882.0,1.7146000182644838,3.362837831372536,0.23134965908169042
4883.0,2.152041949623627,3.367228419349362,0.23154017019483092
4884.0,3.051698365662437,3.3765213997926478,0.23177928596701133
4885.0,2.0640341484983726,3.3675061927752123,0.23211836356319604
4886.0,2.7825744863775315,3.3749234382548674,0.23234770069080696
4887.0,4.490910570024461,3.3926912866515218,0.2326568756337378
4888.0,2.2851765012662533,3.3723837128116942,0.23315586569707386
4889.0,3.9741722621490077,3.389613275722941,0.23340977419721456
4890.0,3.1992125841341976,3.3832630686598124,0.2338513488930089
4891.0,0.6659475081415418,3.3588240377144944,0.2342068169579127
4892.0,1.1223287134205948,3.3626820026639463,0.234280811125484
4893.0,1.4580051461626296,3.3656388932193413,0.23440551431586407
4894.0,1.4314563538340208,3.365197947097593,0.23456751488765992
4895.0,2.387137817366482,3.374572181561983,0.23472656559364147
4896.0,3.2683050601022776,3.38381047809685,0.23499180312890441
4897.0,4.068948020880903,3.3927946347780455,0.23535494813558244
4898.0,2.885218860906353,3.38242546888687,0.23580705347123587
4899.0,1.942900554933488,3.373706788165908,0.2361276333446699
4900.0,-0.10280155453734263,3.3533564036084855,0.23634351118410696
4901.0,2.5882369692716725,3.379094374723041,0.23633208878915837
4902.0,2.5322127421187393,3.3790782359782776,0.236619670674633
4903.0,2.728660941923697,3.3815477803718723,0.2369010276459795
4904.0,5.132800372129166,3.406214353892046,0.23720421219508214
4905.0,4.05074568274134,3.397522066741478,0.23777452334754093
4906.0,3.4813261478124824,3.3932441246177274,0.23822460620117886
4907.0,1.2974035874105003,3.3724442218949413,0.23861142021760245
4908.0,1.8587565635040706,3.377714290642014,0.2387555761717592
4909.0,2.381444241339372,3.382963051257201,0.2389621046788152
4910.0,1.5307410949870581,3.3748121195038236,0.23922670959451958
4911.0,3.1255806562313975,3.3905828923525116,0.23939679193840704
4912.0,2.946136061519631,3.3896213643518704,0.2397440786779883
4913.0,1.1396152586816344,3.372267608209112,0.24007142712926827
4914.0,3.9960208863701556,3.400403095071971,0.24019805104689956
4915.0,2.6278879172610754,3.388099949347319,0.24064205336760736
4916.0,0.3386610665721861,3.365708494341383,0.2409340409139697
4917.0,2.435821427068788,3.385741999944891,0.2409716699213666
4918.0,2.8515080699036313,3.3903006185175966,0.24124231674659646
4919.0,3.7159904517946756,3.399607063218202,0.24155915097658576
4920.0,2.0781544960917295,3.3844269770545776,0.24197203880456294
4921.0,3.5349228343090093,3.3991496846468454,0.24220294485968424
4922.0,2.73392748346277,3.392212559483271,0.24259571406349636
4923.0,0.8561817387030257,3.373992145278571,0.24289948378388113
4924.0,0.7310415331468578,3.372116062979372,0.24299461508818146
4925.0,3.903199837686686,3.403152752171668,0.24307584192519777
4926.0,3.9949802229772113,3.4053952185509413,0.24350953079605184
4927.0,2.9036365380059035,3.395845964201078,0.24395341748749375
4928.0,4.369633401475036,3.41116672578459,0.2442760437694944
4929.0,3.8207623113020084,3.4072531178116985,0.24476155859188053
4930.0,3.354535911849651,3.403799217419428,0.24518608773758077
4931.0,1.36086063908291,3.3847629038168834,0.2455588139500085
4932.0,4.66428593879043,3.4174371263365715,0.24571002068768438
4933.0,3.1703767902603412,3.404224458583856,0.24622827468088332
4934.0,2.017701531735473,3.3934619058936364,0.24658053876869002
4935.0,1.6646624933683776,3.38996558526478,0.24680472782777174
4936.0,2.820979726892321,3.4013479641329987,0.24698969032703488
4937.0,0.41117614395193147,3.3778051948455223,0.2473031325189118
4938.0,3.3745915941910782,3.406479493942555,0.2473488187571287
4939.0,1.3080364816324666,3.3867383046246107,0.24772377337870546
4940.0,2.9632601360303585,3.402908129311891,0.2478691107655535
4941.0,1.8479745783023005,3.392425475404847,0.2481983618917791
4942.0,2.1694766090941204,3.395605433684824,0.24840369240047935
4943.0,1.553862659043669,3.389623530109298,0.24864474535704537
4944.0,2.298463211023998,3.3968611608076333,0.24881739676360579
4945.0,4.861724432521692,3.422763263064275,0.24907278156483068
4946.0,4.231324533810801,3.418338764502996,0.2496129731684442
4947.0,2.9430986937443206,3.406912436533938,0.2500831203388676
4948.0,2.4683821680438096,3.4027929538935857,0.2504101313048392
4949.0,3.5552514883661064,3.4139869757331835,0.2506843959901774
4950.0,3.9124629926344454,3.418567468914633,0.25107942393332916
4951.0,1.4627270222405884,3.3952910840922366,0.2515141420436219
4952.0,2.403201415459747,3.4043644053799316,0.2516766672683153
4953.0,0.2225522130398998,3.3828300305868884,0.25194368964781083
4954.0,3.9038776378261186,3.41854938982454,0.2519684176714819
4955.0,5.081280322126069,3.431566705276153,0.2524021818534626
4956.0,2.600103280778857,3.408720926923056,0.25296676855592104
4957.0,-0.15626265612877077,3.381537235985517,0.25325566892045204
4958.0,3.2611131457212887,3.4143618451812507,0.2532383064031044
4959.0,1.3698885423136495,3.39627687028672,0.25360065230818457
4960.0,1.6708131979194252,3.398918532874869,0.2537528621462194
4961.0,3.2832204872387547,3.4148777389172844,0.25393850805709933
4962.0,2.8181926568909055,3.411084301383201,0.2543033103334592
4963.0,1.889864030826748,3.4023571441712512,0.2546164428508915
4964.0,1.6879929592479195,3.4003087940896037,0.25482642774320563
4965.0,2.657295069026041,3.4098530616467464,0.2550139825164554
4966.0,1.9881680593595408,3.403630884921458,0.255309237524125
4967.0,1.1134535829962409,3.394931176986224,0.25553014508627603
4968.0,2.0842960231520498,3.4041441995657795,0.2556538621510534
4969.0,2.92449077906898,3.4126758431532735,0.2558854505980703
4970.0,2.2773706664754583,3.406865768525966,0.2562103940179668
4971.0,0.7331142521897684,3.391672714065635,0.25646343520313075
4972.0,3.7363307767194245,3.4209875399734635,0.25654489234226296
4973.0,-0.9235142961791669,3.375575964291828,0.2569600402063429
4974.0,1.942043556214456,3.4024792436407907,0.25685742750676743
4975.0,1.7247519318076052,3.400390968559207,0.2570732101241246
4976.0,2.6852235973392684,3.409948710406192,0.2572648492276588
4977.0,3.2020772597534193,3.415680008038719,0.25756320740514094
4978.0,3.908456010326294,3.4236266171824705,0.25791899376733574
4979.0,1.6094939083097999,3.4019529041649506,0.258353266657372
4980.0,3.2332279216668525,3.4180456799980674,0.2585320993138509
4981.0,2.7447729848518265,3.414044450910327,0.25889134686070275
4982.0,0.3605757810209709,3.3907693535930803,0.2591963216367974
4983.0,4.875675319292637,3.4349872709415994,0.25923638561246637
4984.0,0.7015310909497507,3.3951693667724157,0.25977812731461
4985.0,3.0243715903871435,3.417673039569684,0.2598560752136044
4986.0,2.987449930247185,3.418056412743111,0.26019211650142515
4987.0,2.8445459779113462,3.417349220369998,0.26052405538256374
4988.0,1.8817788972979907,3.4083467857373213,0.2608401160467761
4989.0,3.534065813925628,3.424885717151042,0.2610492025909203
4990.0,0.5495406575711306,3.3960994117898657,0.26144187657024537
4991.0,2.417714014157596,3.4139543773506946,0.2615029366433088
4992.0,1.7951566543094268,3.408096010194736,0.2617715715337708
4993.0,1.6533775724162105,3.4066543869551524,0.2619710333842496
4994.0,3.0359347343169323,3.420373972456039,0.26215474200340694
4995.0,3.846848178399604,3.429252835965975,0.2624920680849977
4996.0,2.0709302977039172,3.4127641711712187,0.2629194956603754
4997.0,3.475851362407222,3.4269524367115918,0.263149599026787
4998.0,2.562175831805748,3.4188400820212514,0.2635358047337211
4999.0,1.3840847384524892,3.4074977610831585,0.26382049093725507
5000.0,2.1775598834486702,3.415130324500006,0.26397427813041646
5001.0,2.1256426365104812,3.4148189079885234,0.2642162292285774
5002.0,1.6291751093681919,3.4100319780357107,0.26445241174374523
5003.0,3.0356036608197923,3.4239656067018522,0.2646334312003417
5004.0,2.793307734630949,3.4223031903197225,0.26497072049598835
5005.0,0.5116878771632274,3.400087724938698,0.26528108802205846
5006.0,0.4355925059508028,3.3984911862477727,0.2653379422306322
5007.0,3.030855566507193,3.42358231670317,0.26538634139796
5008.0,1.4808919640068317,3.4088716426077466,0.2657231031275719
5009.0,2.877551443875405,3.4226461303102416,0.26588764667912823
5010.0,3.4761644726364853,3.429326084756271,0.2662073746173366
5011.0,0.911308953243051,3.404740104130192,0.26659361511429625
5012.0,0.7355784317797687,3.4024225153684777,0.2666948716646566
5013.0,4.593039602994119,3.440343107100276,0.26677660260152103
5014.0,2.9394634787030736,3.425591714779112,0.267286940335187
5015.0,1.9759491791584114,3.416676314723186,0.2676135473883762
5016.0,1.3325744341921706,3.4103505568462658,0.2678330972971716
5017.0,1.8619489388659005,3.4153527726142547,0.2679811611231929
5018.0,1.0117845798583622,3.4069032465488958,0.2681880443386225
5019.0,3.604265217613238,3.432351806388928,0.26830046484749565
5020.0,1.529061057992099,3.4127648874919747,0.2687009387605638
5021.0,3.866918235270334,3.435990845183739,0.268870834433674
5022.0,1.9992138502874859,3.418636817535856,0.2693004920153707
5023.0,1.1958122704783567,3.410735404656081,0.26952262688762485
5024.0,1.9671230149827483,3.418080638913733,0.269655494917678
5025.0,-0.780208471876771,3.390736214393048,0.26987406414156495
5026.0,2.3490392791574912,3.4204373632264486,0.2697873743113564
5027.0,2.287351011087302,3.420227834784337,0.27004837867570725
5028.0,3.5309284331849593,3.433030314497938,0.2703025287880503
5029.0,0.14211884002077557,3.400287999538731,0.2706948541695153
5030.0,3.952332951079435,3.43739411667272,0.2707106451517398
5031.0,3.52574911874707,3.4345470417528827,0.2711497932574153
5032.0,4.065054454623328,3.441070509601467,0.2715415431594983
5033.0,2.4340982799948283,3.4262145389532677,0.2719932158766787
5034.0,3.7673710426284446,3.439956501978131,0.27226367124112255
5035.0,0.6609449563663685,3.410136440731519,0.2726822680236368
5036.0,3.3913094565056663,3.4367182355917403,0.272755706352122
5037.0,1.5360465473750684,3.4191763588015895,0.2731325185139559
5038.0,0.4357477094713298,3.408007377839657,0.2733031903525531
5039.0,1.094824352294549,3.4137509557771155,0.2733516067647166
5040.0,2.506913923286588,3.427459865767839,0.27347325391497157
5041.0,1.4696259897279957,3.4175744348985218,0.2737517999064479
5042.0,2.9700919146197498,3.4324124272378924,0.2739150916830843
5043.0,0.23970305624497845,3.4058921321262874,0.27424510189581985
5044.0,-0.15887192951982687,3.400968039308201,0.27427173556873596
5045.0,4.21548429267947,3.443546279302151,0.27425408313212263
5046.0,3.629750161751793,3.4392953048975436,0.2747224702757537
5047.0,1.1883789551077406,3.4160960757998318,0.27512577584928166
5048.0,2.4962504456618255,3.428840561383779,0.27525781795540477
5049.0,3.774383825251655,3.442120105944924,0.27553517911603387
5050.0,3.024000760363257,3.4359127740908835,0.27595455509661737
5051.0,2.685278870229348,3.4333328631666435,0.2762905551811022
5052.0,3.868942601640746,3.445755101312898,0.2765889195000166
5053.0,1.5866094059984746,3.424255021697419,0.27701880201130996
5054.0,2.5389730608307857,3.433651302545399,0.2771950919453098
5055.0,2.4776892021345103,3.4335170119463045,0.2774772000631799
5056.0,2.1590474404111966,3.430767780941029,0.2777524988634171
5057.0,2.0127431107240596,3.429539876791848,0.27799239302346274
5058.0,2.5910852972856135,3.4354682715385367,0.27821603114687654
5059.0,2.5430093699819096,3.435498633298032,0.2785039295132416
5060.0,1.1894654468318429,3.42244063188252,0.27878648610990625
5061.0,3.5022448873755594,3.445193746163504,0.27891864893733204
5062.0,1.2795184902921772,3.4240558118568476,0.27930778725815153
5063.0,2.2272081943160327,3.433213170438571,0.2794499559792951
5064.0,2.1308994090999356,3.432537048766091,0.27969742355644134
5065.0,2.94762951582402,3.4409314725586184,0.27993419015745247
5066.0,-0.14887992527166594,3.4107076221414783,0.28026170454809957
5067.0,3.6136372686618228,3.4471233670067516,0.2802451623341805
5068.0,1.6537620654847949,3.4287041874972783,0.28064667758625406
5069.0,4.024954118471317,3.4523498858145745,0.2808304289268635
5070.0,1.902293844354807,3.4325518614371986,0.2812776460511381
5071.0,2.438945517832487,3.437994492692738,0.2814890120338442
5072.0,4.892232550085529,3.4629447158314886,0.28176000598027
5073.0,2.1533272390079143,3.4375104512353216,0.28230358737472394
5074.0,4.048562355841824,3.456668889656272,0.28254284595683593
5075.0,2.5488063569557,3.443068883208799,0.28299268621859613
5076.0,3.0192735378668623,3.448210412516513,0.28327588692492456
5077.0,2.587448236764218,3.444622417114028,0.2836113617624653
5078.0,3.559814532875155,3.4547982020573462,0.2838988560109947
5079.0,1.643085483933686,3.4366911248896743,0.2842943909590919
5080.0,1.2699393462260182,3.4328040421824726,0.2844769560128623
5081.0,1.701779762028723,3.4367420661002503,0.2846180603846652
5082.0,2.624637970405114,3.4458746556953668,0.28480714702489063
5083.0,2.2239765180620883,3.44235914151779,0.28509877346604673
5084.0,3.3878435955889707,3.4542346684816962,0.2853458819680536
5085.0,4.1309146247769,3.462634340099101,0.2857223090342302
5086.0,1.2802020784562393,3.435550705693199,0.2861812995480943
5087.0,1.5825640104825842,3.4381891998409446,0.28632354422347833
5088.0,0.7047007271089325,3.4292287570008853,0.28649938466908753
5089.0,5.03796623844888,3.4718385386826665,0.28657768474987744
5090.0,2.8808368739022834,3.452282830589732,0.28713745877637176
5091.0,3.0997529000644723,3.4551029838072567,0.2874575517623609
5092.0,0.8247395187111897,3.433115903504002,0.2878019687512569
5093.0,2.4985375137414065,3.4491818397192535,0.2878936064755582
5094.0,3.1365599805163566,3.4559591119448134,0.28817122175486276
5095.0,2.1840528868319686,3.447230377810659,0.2885197284193646
5096.0,3.844632031032993,3.464026477175703,0.2887624009623459
5097.0,5.389788907053537,3.480713118014629,0.28918958229912733
5098.0,1.3161714661325603,3.4421650131908765,0.2897884477332444
5099.0,1.222390942529129,3.4408254174684214,0.28993468900725916
5100.0,1.4028049180892792,3.442183132958999,0.2900705102230957
5101.0,4.507748950020613,3.4729142577039043,0.29022637743621676
5102.0,3.8029441462871056,3.467508434837347,0.2907272384306635
5103.0,2.3305902277579396,3.4539609630909807,0.29114978778025097
5104.0,2.545699580501093,3.456349201088479,0.29140874225000185
5105.0,1.4793204672540983,3.4460598756668452,0.29169159775894643
5106.0,3.61253394717898,3.4670971960787593,0.29185596669975244
5107.0,2.025122719864308,3.4522788735861574,0.2922573593605501
5108.0,2.174904325681251,3.4538235856904556,0.2924823729960906
5109.0,3.2609872144115712,3.4648311385789334,0.2927240290322774
5110.0,2.2650063273959735,3.4557034443679933,0.2930863609449898
5111.0,2.206292508127692,3.455314759454234,0.29333802831470046
5112.0,2.513219006911344,3.458548670115866,0.2935831719267146
5113.0,3.4941942672413457,3.468719270523922,0.2938624184830381
5114.0,4.558116344354792,3.4803347958867836,0.2942506622905094
5115.0,3.2318577903076022,3.4687046300799764,0.2947571196621044
5116.0,3.5041427795303335,3.472204309939626,0.2951162149721386
5117.0,2.2501824223735944,3.4606049273536175,0.2955055641698642
5118.0,1.6152526710391037,3.4543986717572297,0.2957555844390168
5119.0,3.317482790293894,3.471170056750895,0.29593505695802114
5120.0,2.7140510307507144,3.4659645060663817,0.2963036661569427
5121.0,0.7217141890628134,3.446482888530829,0.29660522738258166
5122.0,2.0899129707180024,3.459355399021608,0.2966854178480331
5123.0,2.396378720648058,3.4624909852204735,0.2969176304003351
5124.0,1.8619276662144015,3.457415184630368,0.2971838947026293
5125.0,4.352169493177659,3.4822527750736114,0.2973907755544309
5126.0,3.0997987961277707,3.4712346246587527,0.29787434994256173
5127.0,4.216468647360809,3.483099940741017,0.2982187720310204
5128.0,2.8292815770651996,3.4706212410253063,0.2986872685473938
5129.0,2.601734795531347,3.4688497142242625,0.29900163316706774
5130.0,1.3292527279871886,3.4564837902822667,0.29929071481101566
5131.0,2.5149119164957083,3.4679013126127103,0.29943840955856976
5132.0,2.5163174070943004,3.468235384310142,0.29971784421595815
5133.0,0.7911076449572085,3.4513051917537547,0.29999743503896864
5134.0,1.8255906627870064,3.460890445406124,0.30008533588840836
5135.0,2.0958967518545473,3.4635039412922763,0.3002881792953847
5136.0,3.0168494300696516,3.4728018838862176,0.30052105671225743
5137.0,3.076687639982133,3.4740715321887374,0.3008562622044874
5138.0,1.7733518975434939,3.4617411827023967,0.3011981163867076
5139.0,3.086087003177356,3.4747474505677083,0.3013951554864347
5140.0,2.2724013383143538,3.4673221009187025,0.3017380540423433
5141.0,-1.0870250310686957,3.4339222885718894,0.3019905430799338
5142.0,1.8941224600605722,3.461823508320439,0.3018697625209261
5143.0,3.8487358001779732,3.4813718179384323,0.302080220572044
5144.0,0.39774280421540054,3.4480967058970595,0.30250785788317486
5145.0,2.640864000519425,3.46958090920911,0.3025520515280877
5146.0,4.481576517731609,3.4884723199010215,0.3028454808614787
5147.0,1.549233808736899,3.460785322467903,0.30334343380789336
5148.0,2.5026863505346073,3.47009239561203,0.303515570897753
5149.0,0.8699796784650984,3.454146710267987,0.3037936471589235
5150.0,4.5340389270794645,3.490143545077515,0.30389031156764185
5151.0,2.395834216254232,3.470434893541789,0.3043940936706507
5152.0,2.558283553492523,3.472366439177752,0.3046602974724567
5153.0,4.192875581882028,3.4891220296329832,0.3049445512006225
5154.0,3.3268479933068513,3.4818957971980526,0.3054104262652761
5155.0,1.4054640843790753,3.463552484186757,0.30578007604231017
5156.0,1.6909025948908551,3.466062304907031,0.3059362387183523
5157.0,3.1186641306541234,3.480187431408393,0.3061241167844513
5158.0,1.719848681171325,3.4669519257329737,0.30647063502119065
5159.0,-0.1465541401506587,3.448155397584306,0.3066617293190986
5160.0,2.433449001701153,3.472660833064035,0.3066454455257485
5161.0,0.6497341735939881,3.4551782002910927,0.30691582874815976
5162.0,4.520352191954657,3.4931193472368474,0.30698802143411463
5163.0,2.720984547203941,3.4768094715492337,0.30749028278877627
5164.0,1.3685311790705308,3.4638146189500194,0.3077926144051323
5165.0,1.626709481671933,3.466073918444906,0.307944673425029
5166.0,0.13825301515759936,3.451041045821908,0.30812541892299256
5167.0,1.1256726415243703,3.459841902571625,0.3081407803691212
5168.0,3.770404003175874,3.485861307681021,0.30826585510706833
5169.0,5.289732681865489,3.50229980733675,0.30868478888519896
5170.0,3.4079956414986983,3.4856636080279597,0.3092725369609618
5171.0,2.3849468267237137,3.4763991636974416,0.30965120314335054
5172.0,1.9600507804326042,3.4724626376769145,0.30991619723520875
5173.0,1.304380233029547,3.465952236481455,0.3101339806552568
5174.0,5.074707374174675,3.5032958044299347,0.3102789117922601
5175.0,2.2640641226695313,3.477208110255392,0.3108427681671684
5176.0,5.14453728757813,3.506236855849914,0.311094330847465
5177.0,4.241899387012577,3.499243968167354,0.3116659461016404
5178.0,0.32400446081715817,3.461500880932037,0.3121372682557529
5179.0,1.6675595053008854,3.473894120620094,0.3121732687513992
5180.0,1.663693594782722,3.473682141912599,0.3123585531408771
5181.0,2.4001920448678256,3.4808811038542804,0.3125434079847419
5182.0,2.424607183607808,3.4814308368236357,0.3128100959897272
5183.0,6.245298869247678,3.519959358000615,0.31307949678790586
5184.0,1.1534651569065515,3.4717602272046824,0.31377341888448895
5185.0,2.7862124195804876,3.487568210932176,0.3139015816797008
5186.0,3.270634678084754,3.492933682109229,0.31421116083743195
5187.0,2.498034994413505,3.4860297987320843,0.31457456469055245
5188.0,2.6377257222266977,3.487755454866541,0.3148521241343762
5189.0,1.193988882116766,3.473735058301782,0.31514520477017915
5190.0,2.633107743253352,3.487636319256305,0.3152778702015255
5191.0,3.139248745217965,3.4931264595999316,0.31557043772855364
5192.0,2.9095007303389107,3.4915738722546124,0.315919243144689
5193.0,3.2127511298901146,3.4951998779652973,0.31624252100361555
5194.0,4.26575987579529,3.506509350382395,0.3165994933513811
5195.0,3.671208177392927,3.5019961157322665,0.3170734666709139
5196.0,2.5891182668717962,3.492214661010313,0.3174813786906242
5197.0,1.0353020601459026,3.477024636454977,0.3177690584980544
5198.0,1.7499934066111007,3.4835452910220788,0.31788409206029283
5199.0,2.225461060103231,3.4881406465142346,0.3180785357721385
5200.0,2.815432289176809,3.494189090131421,0.3183258092232611
5201.0,1.9020840481257562,3.4855784545276842,0.31863863503316964
5202.0,1.3303335010195605,3.4798077358366712,0.3188499777051836
5203.0,1.0147516385995785,3.4762476472337482,0.3189977925386302
5204.0,0.43602780118058604,3.469872236151627,0.31911054272069683
5205.0,2.206311620281789,3.4866411799070804,0.31915899025416133
5206.0,0.6629181974121188,3.471407707404304,0.3194041359897482
5207.0,1.2493428948032599,3.4765065103314847,0.31947779356723843
5208.0,2.007622658944622,3.483712103544842,0.3196166094444388
5209.0,0.8301033632607078,3.472048424240143,0.319839678628766
5210.0,2.9746902356233713,3.4928708082792723,0.319931912335795
5211.0,3.425278829507109,3.4981161484216554,0.32026243347308647
5212.0,1.8132162252807518,3.4830097075339026,0.32064302000969835
5213.0,1.9537158654874978,3.484404443107145,0.320844488479174
5214.0,3.1717872126738467,3.4966691052565877,0.32106156801978375
5215.0,1.6075061284566512,3.4818787565759033,0.32141398882119193
5216.0,1.5215826105033812,3.4808805280831216,0.3215926006132427
5217.0,3.995623097732863,3.505436461601664,0.3217616653477431
5218.0,3.605234673390984,3.5029095874798037,0.32220562346971343
5219.0,3.2519375029298994,3.500488935981887,0.3226062051000902
5220.0,3.657055776742616,3.505416077918101,0.3229675314893046
5221.0,0.028401593290796168,3.4702494751024564,0.3233738710200538
5222.0,4.192294433491384,3.5107169987912457,0.3233770267526417
5223.0,2.9900776457296776,3.500163824889272,0.3238428372452518
5224.0,3.7634767300071688,3.50859130989665,0.3241750680947773
5225.0,2.9839522238954532,3.5019681273476246,0.3245932321758892
5226.0,2.5611560308501953,3.4984076545598297,0.3249247824229887
5227.0,2.1558634845474316,3.4947509228269658,0.3252093553153054
5228.0,2.958930471107757,3.5029225384736455,0.32544889570247737
5229.0,2.11031511386931,3.495084965861143,0.3257776657548227
5230.0,3.58484512508139,3.509940752780652,0.3260121452119193
5231.0,0.5169291943097496,3.4803015845253698,0.32641046133692836
5232.0,1.8230301727571527,3.492464812925476,0.3264678979140739
5233.0,5.056029060595808,3.5247395615333574,0.326670456822158
5234.0,1.7173994205345093,3.4933337792698196,0.3272322378288909
5235.0,2.2016453461706527,3.4980315855218094,0.32742305998672805
5236.0,1.3967738333124047,3.490151173254763,0.3276676872474137
5237.0,2.91980709110728,3.5050480741975525,0.32782288434000395
5238.0,1.5796688873222564,3.4922813649678783,0.328147307350127
5239.0,2.2679863314911874,3.498952879877284,0.328322826115385
5240.0,3.561083170043838,3.512114258203522,0.32857482459666176
5241.0,1.6265457264814802,3.4938125569127942,0.32897050050444443
5242.0,3.485763899081526,3.5122215153942453,0.3291512278073868
5243.0,3.5277866444504458,3.5136347211476298,0.32953853490728474
5244.0,3.818695118399117,3.51755099653673,0.32993051120111255
5245.0,2.6756762436475503,3.5072982039168896,0.33035481065871247
5246.0,6.5515738462209825,3.546502050021329,0.33065210801911776
5247.0,3.8181671206776024,3.52204299794113,0.33138006066869785
5248.0,2.9060970305085334,3.514035676462765,0.33180430145988427
5249.0,1.405094482397831,3.4995531091414227,0.33212720112994076
5250.0,2.3786760926573236,3.5088718960587557,0.33228332273909605
5251.0,4.282908721125042,3.5281228113331333,0.33254762008272465
5252.0,4.636918269532836,3.5330693346784705,0.3330234988295163
5253.0,4.347911375550287,3.5317887016129994,0.3335387119705755
5254.0,3.4814903834120248,3.524529890235368,0.3340218132345255
5255.0,0.9304247421305352,3.4998622674035644,0.33440864549934907
5256.0,3.1089522722820875,3.520881772317987,0.33451202602625246
5257.0,0.9482470274337529,3.499897432732572,0.33485746516761716
5258.0,0.6406610082740518,3.496084361275281,0.3349628259484431
5259.0,2.7989483557215484,3.5167579766483152,0.335034010504918
5260.0,3.153999309087188,3.5207773413524497,0.33534500476666484
5261.0,3.629221373101006,3.5262194467805825,0.3356954491343412
5262.0,3.1214203004826175,3.5221236730855847,0.3360986959535746
5263.0,3.1644824821784354,3.523206748312327,0.336445520431406
5264.0,1.2691842687595294,3.5049282501153995,0.33679712959609254
5265.0,2.3687791441441672,3.5154041661520075,0.3369381500703992
5266.0,0.6161040179568902,3.4980640720831397,0.33720134775308186
5267.0,-0.004211411750244309,3.490951466177305,0.3372698037550771
5268.0,3.4258033873038425,3.523976765209095,0.33726933582043817
5269.0,1.5585945077613017,3.506212272823716,0.3376499806412497
5270.0,3.5906231276788168,3.5262583710747015,0.3378231578087787
5271.0,3.8854344723500485,3.5302189339326087,0.33822211593407636
5272.0,1.725853344221003,3.5098083413113397,0.3386538308754486
5273.0,3.2378888681941236,3.5247436378788737,0.3388455923581398
5274.0,1.673554089232948,3.5098740878071144,0.3392053577879392
5275.0,0.19265140671646996,3.494849701570041,0.3393913082422984
5276.0,2.654136755553073,3.5183307402521047,0.3394127139541558
5277.0,1.911407650355299,3.5113416322307494,0.3397076180381061
5278.0,1.9498887367660853,3.5116969154922173,0.3399199966659234
5279.0,4.969178897306907,3.5418913929455242,0.3401366509700085
5280.0,0.5926787715841604,3.500028674802184,0.34068878195859814
5281.0,2.9785889192143387,3.523015250016073,0.3407546351554408
5282.0,1.2564909535690607,3.5064414004187805,0.34108558947979795
5283.0,3.6353267615841554,3.529790781250456,0.34122519958575004
5284.0,2.873039045218832,3.5232359837322575,0.3416291247814816
5285.0,2.974180436475767,3.524823719505494,0.3419483513420615
5286.0,1.3188879779971752,3.5089063010369452,0.34227881583500325
5287.0,1.5430151083895958,3.510739169470907,0.3424253589436696
5288.0,3.6590631341823574,3.5316458831611772,0.342596805066824
5289.0,4.713497152159453,3.543275157431306,0.3430033676372887
5290.0,3.100384771530234,3.528876734525072,0.3435270895430842
5291.0,1.378224099035709,3.5123500398730245,0.3438715767399209
5292.0,2.9236731530775852,3.527412636167401,0.3440247127509249
5293.0,5.534340055422012,3.5541109374868514,0.34434956532348904
5294.0,2.6280285133986396,3.527273021692158,0.3449644919963137
5295.0,4.3273010742419995,3.5446328417954573,0.3452564951644691
5296.0,1.57458829270161,3.518539013209746,0.34573730639494044
5297.0,2.4473924354545167,3.526953546057249,0.34591226064968505
5298.0,3.2744565076569283,3.5354710791283703,0.3461841931425133
5299.0,2.99666038532858,3.5334612414331428,0.34654802164336407
5300.0,1.542014149861049,3.519501254954284,0.34688098390840055
5301.0,1.4881031785867505,3.5186320045372135,0.34705231881394066
5302.0,3.7353555038783233,3.5407536102351913,0.3472176636115614
5303.0,3.9894385158126813,3.544366830815697,0.34763270311199235
5304.0,4.3901794476524,3.549592938274902,0.34807597405819374
5305.0,4.754913104066085,3.5546946976832845,0.3485637717745996
5306.0,2.6682742954032457,3.5354916327365733,0.34909209545282915
5307.0,2.1110009447105083,3.5302493655962772,0.34938857037454063
5308.0,4.188738673473086,3.5510087574864375,0.349623126035064
5309.0,3.3913366023144835,3.544328005904791,0.3500885414432277
5310.0,1.2719309266655108,3.5239102193463183,0.35046535662126266
5311.0,1.2079554181013608,3.522709971430705,0.35060668227978103
5312.0,3.1149127516953863,3.5411966957663386,0.35074089954845894
5313.0,2.2784066731450006,3.533463308959408,0.351087000965314
5314.0,2.466962556574128,3.5354511319734634,0.3513401572623301
5315.0,3.8406667058877435,3.549414004280883,0.3516142642130605
5316.0,3.448796431231295,3.546585961005591,0.35204100495815915
5317.0,4.162341560523039,3.5545531123746947,0.3524242045616293
5318.0,0.0855798670332919,3.515056696829067,0.352886686957243
5319.0,2.816747396526501,3.5410654477280845,0.35289619583135784
5320.0,3.3683606529965084,3.547023739005204,0.3532091677643052
5321.0,0.591767679140395,3.5200450071635547,0.3535834300590826
5322.0,1.681380448362535,3.5299787934849474,0.35364918202343154
5323.0,1.4493935470888513,3.5274052165749166,0.3538360020732496
5324.0,2.527122713824895,3.537794914658739,0.3539970458007039
5325.0,4.53481746086758,3.558174511055978,0.3542778372133511
5326.0,5.028236755831125,3.5646721976577633,0.35478170582011415
5327.0,1.4821405586583971,3.531062148939279,0.3553403987929843
5328.0,3.1581965631169675,3.54742140898315,0.3555050810772797
5329.0,3.198497315177894,3.5484892921054896,0.3558559918065149
5330.0,2.9845322143934347,3.5470345369381606,0.3562113803970902
5331.0,2.9987245434240424,3.5477215140113696,0.35654299508757836
5332.0,2.87967812806416,3.5470820433588885,0.35687618670351434
5333.0,4.609462651008025,3.5648531364515175,0.35719615093996593
5334.0,3.878083142960072,3.5590963089174523,0.3577083134567446
5335.0,1.174807628002166,3.5331400108701385,0.3581392115837401
5336.0,3.4946513511006865,3.5557062371828017,0.3582697457646293
5337.0,3.615466718139315,3.5577568483475464,0.358658040359196
5338.0,2.893709108939736,3.5514492379784826,0.3590597588834337
5339.0,3.914280463128412,3.5621025901136094,0.3593812821177604
5340.0,2.7350925428737964,3.551397830330947,0.3598162021692191
5341.0,2.7505846513453136,3.551887342846368,0.36012010134064953
5342.0,2.651550680846304,3.5512426583137495,0.3604257218574657
5343.0,-0.022805107249586065,3.5247837439609038,0.3607203385997819
5344.0,2.3995020076176576,3.5476157388166474,0.3607178046989764
5345.0,1.6646867819317865,3.540429539000773,0.3609844160331562
5346.0,1.0169400272593034,3.5336571945295057,0.3611693812311486
5347.0,4.292522855924403,3.565724357051961,0.3612823745675108
5348.0,3.1302593981680724,3.555488044063118,0.36175932155150237
5349.0,2.462711148819315,3.5494509106232726,0.3621071281512988
5350.0,1.7939958111219672,3.5429785158715825,0.3623807627233898
5351.0,2.870211980785925,3.5535389842072544,0.36258009559129223
5352.0,3.7392951166468915,3.562714159868701,0.36289900803360176
5353.0,1.466292695566324,3.5410117787836892,0.36331448526878474
5354.0,2.4939645346542374,3.5508779792133875,0.3634774066794032
5355.0,3.5850831235639653,3.562038109150386,0.36375451384992036
5356.0,0.07999858864483755,3.52792315943959,0.36415285641920525
5357.0,2.428037796993245,3.5501298951794364,0.3641617451512769
5358.0,1.9633857868155769,3.545713515894855,0.3644315271287206
5359.0,2.3327126778062075,3.5493479028365438,0.3646496811050335
5360.0,1.8729643045351212,3.5449310975002217,0.3649088714025675
5361.0,2.6720307565091197,3.5528173211090293,0.36511697854751585
5362.0,4.904534025528397,3.5755478510932637,0.3654138708537946
5363.0,2.095096907589311,3.5492587886936016,0.3659588190788533
5364.0,2.864638761367633,3.556970000857236,0.366191607624141
5365.0,4.9934330230113915,3.578763080715399,0.3665099008198485
5366.0,1.8124805270343058,3.548791762241353,0.36706472671129425
5367.0,4.768344186161212,3.5781655669413777,0.36726611343652027
5368.0,2.506653758283884,3.5572288269580077,0.36779592945720485
5369.0,4.727370282331158,3.579672944608144,0.3680744465414586
5370.0,3.437751406182899,3.5684097628088174,0.3685997099061621
5371.0,2.883885453228027,3.563671845809825,0.36898168228462686
5372.0,2.417961647641767,3.5594582959821954,0.3693021140016522
5373.0,1.719948200150987,3.552630598468155,0.36957077640694574
5374.0,2.594739437455441,3.5610975057868193,0.36976188176251806
5375.0,3.6217018237750302,3.5716474778084457,0.37005018614445756
5376.0,2.483610711254162,3.561193257716407,0.37045259745821035
5377.0,2.1042214936726777,3.5576020163052315,0.37072855420390527
5378.0,2.186521832277784,3.558393129531091,0.37096235659209115
5379.0,3.7405957669788163,3.5739614204011794,0.37120530346234426
5380.0,4.031451818874819,3.577879237719036,0.3716209252142308
5381.0,1.666061857789537,3.5554055121649766,0.3720688643052169
5382.0,1.664265178190638,3.5550689705837484,0.37225398228941575
5383.0,2.9741986495838906,3.5678617974609086,0.37243890064254803
5384.0,4.409415080946569,3.5827422007877536,0.3727693671591685
5385.0,3.9324878853907,3.5793989750896724,0.37325930216816255
5386.0,0.9351847347751105,3.550533484381822,0.3736962452665393
5387.0,2.1699050375101723,3.562094419546056,0.3738001546815143
5388.0,1.3367455566381097,3.5537731603325295,0.37404125524123766
5389.0,2.165609347605927,3.5615563808937183,0.37418978252530855
5390.0,4.505512495044194,3.584986517609346,0.37443040578615366
5391.0,0.7217491890212284,3.548654518382458,0.37493101828560305
5392.0,0.4764183833997624,3.5453119003049784,0.37501121263993875
5393.0,1.464307308207997,3.554171102380503,0.37506414801587207
5394.0,2.859138253219991,3.5677453176817613,0.3752268488278952
5395.0,3.275943525800946,3.572428042765755,0.37554453085603073
5396.0,3.0468105435769166,3.5709099633286443,0.37590852458111973
5397.0,3.9696067540387707,3.58075971635504,0.3762470590859616
5398.0,0.29614300720758857,3.545221024068215,0.37668812650307704
5399.0,3.9854206729486714,3.580989506779543,0.3767210312816557
5400.0,2.1098808499421358,3.563452187292235,0.3771638558008722
5401.0,3.4143678872560845,3.5765224495617525,0.3773982870064213
5402.0,0.8457182165459944,3.5516860769477323,0.37777766121611644
5403.0,2.5061958712613377,3.567520297492438,0.37787162990684375
5404.0,2.7953384632362672,3.5707039980015387,0.3781500961147617
5405.0,3.944688796873023,3.582672365588159,0.3784606892773435
5406.0,0.5184317217402934,3.5496035782308737,0.3788989880325516
5407.0,2.5384406856686303,3.568832236430385,0.3789565915571894
5408.0,1.1434558860723212,3.555203041149979,0.3792386405222637
5409.0,3.131870055260344,3.574533164047495,0.3793656911762717
5410.0,3.4715206705701576,3.5786399833323292,0.3797136767379673
5411.0,4.1089628031351095,3.585931051790664,0.38009940125691954
5412.0,1.8312131821145319,3.5644596180856496,0.3805559526794901
5413.0,3.659033107110988,3.5825971117926074,0.3807594208108362
5414.0,4.201126984346317,3.589033418992854,0.3811659800449596
5415.0,0.4459412876806663,3.552824849095493,0.3816327719321092
5416.0,3.2654311501230633,3.579988762740996,0.38168232096407373
5417.0,3.6981390672251324,3.5850797656164324,0.38204514664742073
5418.0,2.1765920170157034,3.5708921895574974,0.38245605098822355
5419.0,0.9865330280936144,3.559052493181217,0.3826978945456697
5420.0,3.6786946951370787,3.585293970508956,0.382807509326569
5421.0,1.000613965552804,3.5595414547028996,0.3832162531815842
5422.0,2.277060706861372,3.571641459018175,0.3833274325110901
5423.0,2.4498449277458385,3.573524664347102,0.3835804392562969
5424.0,3.3944225646299993,3.5832378450328854,0.3838526442482687
5425.0,1.7167105506093343,3.5673223111572545,0.3842298023110054
5426.0,1.644270388965181,3.5663973827695874,0.3844205479277398
5427.0,2.6236443484538885,3.5759553917156093,0.3846032446376248
5428.0,3.7579880970246866,3.5876883964953987,0.3848947606763419
5429.0,5.359312500816434,3.6048020843355144,0.38531231490934464
5430.0,0.615648500276532,3.5594566201438056,0.38590779407610204
5431.0,2.894177522233223,3.5813245985086297,0.38597619946502165
5432.0,1.1418312172071352,3.564337145359375,0.3862977747452698
5433.0,3.7735140540084284,3.5900871555393548,0.38642464488051503
5434.0,1.3268193158634587,3.5667216386366096,0.3868439242198493
5435.0,1.6566897272720953,3.5695727218696307,0.3869913485882786
5436.0,1.7634114261700047,3.570414117815217,0.38717542522464216
5437.0,2.404751326600245,3.5766792618129877,0.38737135982754994
5438.0,2.9039969960733845,3.581934940854297,0.38763855441939443
5439.0,3.104626742010642,3.5845190996320953,0.3879612207522915
5440.0,2.492790567271521,3.5791000481325623,0.3883061792791816
5441.0,0.8376362219492735,3.5628572916017704,0.38858315600887844
5442.0,3.4097326878877365,3.5878491912578157,0.38867622670020613
5443.0,2.4338016704212153,3.5789944400385334,0.38905508588774923
5444.0,3.9521684875183736,3.594459790889335,0.38932550829557383
5445.0,1.615326525650079,3.572326771241174,0.3897646381275203
5446.0,0.49715659081125674,3.5608976836366724,0.38994411885259256
5447.0,2.457467496646156,3.579562801293698,0.3899993584737938
5448.0,4.119940860355332,3.596503141119085,0.3902724104178656
5449.0,2.7011776707700634,3.583674463718867,0.39073018162457174
5450.0,2.250412751033929,3.5796165713436907,0.3910303124768795
5451.0,1.4120662279282086,3.5713979834892777,0.39128035833810554
5452.0,4.697208083351028,3.603891506318687,0.3914372545856531
5453.0,1.2129967563940258,3.5707655499329842,0.3919591665949143
5454.0,1.5932571779647,3.574072631526064,0.3920939440122914
5455.0,3.2125427451050284,3.5900240681440856,0.39227097258762084
5456.0,0.17997413764151293,3.560483636211107,0.3926279217815214
5457.0,4.093238331726674,3.59849043555965,0.392647918907926
5458.0,3.2802413927716945,3.5917169361982477,0.39310272316700673
5459.0,3.6240388397638874,3.5959821841198663,0.39346719443287026
5460.0,3.1976462649370676,3.5927520822494747,0.39386986541506624
5461.0,2.2985956031795376,3.5845149678538393,0.3942251594445037
5462.0,1.1710641123057215,3.5734213474943046,0.3944805589559681
5463.0,2.324905698468799,3.5844370403836603,0.3946106771906688
5464.0,1.2809546103092064,3.574214784180149,0.3948690000460542
5465.0,3.1076941375954794,3.592046642220987,0.39501132833608854
5466.0,3.508474788185127,3.596779320222095,0.39535662768471025
5467.0,4.346010788997759,3.6061236989781134,0.3957464582167308
5468.0,2.964709550691079,3.5937934292414853,0.39622934830439727
5469.0,3.6557191957439827,3.6012984316351715,0.39655876047669625
5470.0,2.128569078462322,3.5870508148126197,0.3969649514984456
5471.0,1.9021535774897567,3.5848398947627094,0.39720145917383026
5472.0,3.092089863521002,3.596656010914113,0.39741280957132913
5473.0,2.016908909103864,3.5865756066188035,0.39775637511172035
5474.0,2.836482236034572,3.594762180118583,0.3979804761016208
5475.0,1.1735097633307237,3.5786441836354856,0.3982956407945135
5476.0,1.3979653969046237,3.5803540535142244,0.3984260307682169
5477.0,3.2942616262728626,3.598939512833909,0.3985813602567619
5478.0,3.60836259425762,3.602906117741925,0.39894738932634777
5479.0,1.2679297887916494,3.5805154129624843,0.3993483185034875
5480.0,3.338267888133026,3.6007515181874186,0.39948919959113105
5481.0,1.8340804087059066,3.586556390945964,0.39986011824536805
5482.0,2.5206314702503874,3.593315496433309,0.4000639049574465
5483.0,4.271180519738309,3.611153659997101,0.40034397512080766
5484.0,3.5093590425286854,3.6049665877575223,0.40081855073411193
5485.0,3.494839985027741,3.605754366054184,0.40120847951661515
5486.0,4.885987948071208,3.620578896580838,0.4015967950705071
5487.0,1.6201508236877529,3.589696067028599,0.4021396826202928
5488.0,1.2676562812593177,3.5858713734407197,0.40231969937848033
5489.0,1.5973471622142617,3.58865974589408,0.402460550076398
5490.0,2.181873683241731,3.5942194659344042,0.4026380330944218
5491.0,-0.44318826786486687,3.568061925494011,0.4028804635036709
5492.0,2.240714704128987,3.593351778292605,0.402831220362797
5493.0,1.8192865851313602,3.5893073792811925,0.4030801886632558
5494.0,3.4796997092472486,3.6058200051847473,0.40328233161715926
5495.0,2.94052422376255,3.6013863682839546,0.4036689649181867
5496.0,1.7491292152883289,3.5900806042320994,0.4039956898319381
5497.0,3.23745105670363,3.604819424468346,0.4041900375225257
5498.0,3.4040788247797122,3.6072840039263743,0.4045497543066039
5499.0,1.5393177627607366,3.5895306224561825,0.404927985287135
5500.0,1.883719680771977,3.592688548445172,0.4050990205941084
5501.0,-0.2817039838724784,3.570975896170955,0.4053083227808609
5502.0,1.136675032038394,3.5837499120595155,0.4052770223382084
5503.0,1.5719130494705271,3.5876146626974257,0.40540331956399045
5504.0,2.5927077207575273,3.5976229578473955,0.4055779765694872
5505.0,1.318271650800231,3.5853288695427343,0.4058660552051269
5506.0,1.8581850161886138,3.5903760154095923,0.40601252983299363
5507.0,0.9683366480217512,3.581476513506918,0.40621899483479235
5508.0,2.7138923731640885,3.5983783620624514,0.40632658779568365
5509.0,3.0321432432311344,3.6021181692560704,0.4066281313927019
5510.0,3.002956685524778,3.6025784056691474,0.40696503619750535
5511.0,2.515451414881574,3.5984287058754933,0.4072986980514525
5512.0,0.5736587543732572,3.579422387217872,0.407578192653106
5513.0,1.7250579201339364,3.590127652056219,0.40764193251470304
5514.0,1.9908666596018945,3.592720013390481,0.40783360561694015
5515.0,1.9958808588492185,3.592877878614373,0.4080548130235626
5516.0,2.5937265224872954,3.5989706172517932,0.4082765775634348
5517.0,4.281926715463774,3.616345270010114,0.40856476939926667
5518.0,3.5151202658557494,3.6102253192804845,0.4090405390343182
5519.0,1.2656027751891317,3.5887738985615787,0.4094311079527466
5520.0,3.348003594120792,3.6092165294877847,0.4095717304833232
5521.0,3.3003779595821703,3.609678193062212,0.40994373088266994
5522.0,1.492415658810544,3.5924948502779754,0.41031043954484575
5523.0,3.5610824032942987,3.61293254465603,0.41047626350693583
5524.0,2.2995292050684206,3.6013763550661926,0.4108719393295241
5525.0,0.737558137481944,3.586010554932461,0.4111274425745317
5526.0,3.069003405796427,3.6086000067369546,0.4112093934786964
5527.0,2.7712022795181555,3.6063790096625508,0.4115503938571182
5528.0,2.2154029635177155,3.6013828227097924,0.4118583052215091
5529.0,2.453183643770876,3.6039690326258427,0.4121044611063444
5530.0,1.6011431513894225,3.595808115538654,0.4123770370667634
5531.0,3.262663129746387,3.612247296620102,0.4125549418613622
5532.0,2.4456867068638424,3.6049529924960453,0.4129174599868896
5533.0,2.708061054935285,3.607929082471871,0.41318920295431893
5534.0,2.946427405536091,3.610828953347897,0.4134900986270895
5535.0,1.0567679819670939,3.5925943406303524,0.41381747944992686
5536.0,1.382146222647435,3.5953180355229297,0.4139348981145899
5537.0,-0.26243057452026175,3.5785619829763524,0.4140884699171063
5538.0,3.205927823113009,3.6119148910593792,0.4140593109643818
5539.0,0.9847374703165421,3.590578687116997,0.4144155251669499
5540.0,2.6657121373695656,3.6068596856654622,0.4145249404414295
5541.0,2.963735281174441,3.6103811053749215,0.414821130678915
5542.0,3.25294104861565,3.6139966766188714,0.4151504345990455
5543.0,0.9949788577049259,3.592314029162941,0.4155118724933361
5544.0,2.418547977324136,3.606018854986123,0.4156224256997478
5545.0,4.5878505259846865,3.628089563103824,0.4158911532527838
5546.0,4.642893349980396,3.6303771870522263,0.4164009144223377
5547.0,3.7341538675336885,3.6230348307583027,0.4169167914612244
5548.0,2.921866423523549,3.6160602108070354,0.41733169744650594
5549.0,1.243617013943278,3.5999009598489464,0.4176563492713419
5550.0,3.3982770317388162,3.6210123006261203,0.4177945289395578
5551.0,2.302473464066449,3.6109849918578365,0.4181721152764177
5552.0,3.2006603440910553,3.620198770141712,0.41842794566131397
5553.0,1.7089456814348543,3.6060788140274185,0.4187835745884352
5554.0,2.283833608950089,3.6116802098383127,0.41897345744192793
5555.0,2.705184200095531,3.6161157412709244,0.4192272167318113
5556.0,2.807847614367323,3.6176306706623667,0.4195277927540441
5557.0,3.11715339307531,3.621273400957889,0.41983977582230714
5558.0,1.7760062693438758,3.608601522330163,0.4201861261993155
5559.0,0.8208944348622467,3.5989409012402014,0.4203834602292426
5560.0,4.530981299874743,3.6353411461000738,0.42047467072200506
5561.0,5.611567711279197,3.6477931981966387,0.4209781130886578
5562.0,3.0592758890029734,3.6245699049814823,0.42160162061213324
5563.0,0.8450098815873619,3.6030890615639626,0.4219415401553558
5564.0,1.533506103946404,3.609240706731511,0.42203543014219885
5565.0,3.1363969613137113,3.6249882821879575,0.422205819709304
5566.0,4.176394514601608,3.636124099861663,0.42255430826056106
5567.0,0.9838867068226798,3.6055799591822235,0.4230183520955168
5568.0,2.3445839739388736,3.6185455105431927,0.42312767284071934
5569.0,2.744915080554961,3.6227794007157277,0.423388182171157
5570.0,3.5807230641073433,3.6316212241258796,0.4236931727356631
5571.0,2.0704986319995258,3.617524418852459,0.42409103085389727
5572.0,0.5452316358475942,3.6023172952215274,0.4243210862574528
5573.0,3.276496949316128,3.628724016934794,0.42438166755032475
5574.0,3.9059949564640473,3.6358497981551507,0.4247457227669154
5575.0,2.3967606728185493,3.621973976739928,0.4251797222065225
5576.0,3.006550114133039,3.6283251587052656,0.4254460289479468
5577.0,1.9068859632161617,3.6179660492519954,0.4257800900717394
5578.0,1.442784006592632,3.6132671302776544,0.4259919662898745
5579.0,3.7830321006840233,3.636327954380621,0.42615227562394037
5580.0,2.984369809768076,3.629480625979955,0.42657261252401635
5581.0,3.112960749252353,3.6313898544101497,0.42690420916954613
5582.0,4.377643934993266,3.6447354770242373,0.4272500936972408
5583.0,1.1814470821017835,3.6142592315461695,0.4277364985789067
5584.0,1.8099671648007223,3.620003714991589,0.42786777047691804
5585.0,2.6974166860433693,3.628748428699195,0.4280688779396737
5586.0,1.7946084527984476,3.620156222996812,0.4283685909047896
5587.0,3.4789206690905625,3.6368670909459238,0.42856799184398947
5588.0,2.26575097387002,3.6256687561637313,0.42895453858499955
5589.0,1.259333990628513,3.615765828629815,0.4292062886932073
5590.0,2.582214593984577,3.6285278480469043,0.42934621469216605
5591.0,2.712923463508485,3.6302131693868067,0.429633127424831
5592.0,3.668352578620413,3.640226961390688,0.42993456336522085
5593.0,2.9914261289342803,3.634514419859867,0.43034215809617865
5594.0,3.0764329891997946,3.635983224183566,0.4306745387771713
5595.0,2.900364605009031,3.6348895543375495,0.4310163646648602
5596.0,2.264721848385087,3.6290837617597913,0.4313386273987501
5597.0,1.604726106110919,3.6226319115511596,0.4315902631596818
5598.0,2.86104793957422,3.6349329036623637,0.4317685660603608
5599.0,2.083594042645449,3.627695709753313,0.43208646027586906
5600.0,4.612278275551269,3.653028543631624,0.4323179707250519
5601.0,4.1777278684665236,3.650321150800022,0.43283044608900206
5602.0,3.2910489154395104,3.6427958908033364,0.43329463807438723
5603.0,2.973083674116232,3.640383189892251,0.43366031017610274
5604.0,2.3900511862735287,3.6351128394789307,0.4339906528065601
5605.0,0.9235953358160811,3.6206388563495873,0.43425621404947934
5606.0,2.229784720847543,3.6329745034145,0.4343588357534589
5607.0,2.626750041756571,3.6370576451871375,0.43460658961133086
5608.0,2.786820593055828,3.6390254067378645,0.4348984507270816
5609.0,3.0869204587697827,3.642493667663824,0.4352080974596434
5610.0,3.6516627473471064,3.6487945649448523,0.4355510886217289
5611.0,1.634807410383916,3.6296283141425154,0.4359568289269897
5612.0,1.646155490988736,3.6294667570462007,0.43613847419481017
5613.0,4.313570849678948,3.6558847998577995,0.4363213803604756
5614.0,3.4637269864914355,3.648815215544725,0.4368006660104399
5615.0,2.0115363223333484,3.6351690523485805,0.4371855245644945
5616.0,2.3659860388097043,3.638668645681466,0.43740902860030934
5617.0,2.371607566656377,3.638909946507431,0.43767191593795485
5618.0,2.539467652851729,3.6407804414267924,0.43793542788980555
5619.0,3.0908538652982664,3.646594644912885,0.43821759096234464
5620.0,5.6687409326247895,3.673020906282308,0.4385610191696
5621.0,2.7371957014533157,3.6459649454001006,0.439190879273225
5622.0,3.3282476880315635,3.652260524553957,0.439495012128942
5623.0,0.3919041172623219,3.623652838122544,0.4398648174276122
5624.0,1.8938750090264562,3.6375789503458735,0.43990836232953023
5625.0,4.036018753395757,3.6588764170600974,0.44011879288608874
5626.0,3.00289423919577,3.6497743309030013,0.4405672394142438
5627.0,-2.9863932310810455,3.5904463982086927,0.44090089432971
5628.0,3.3425290028952457,3.6505391336315673,0.4405690728595899
5629.0,4.897705493285962,3.666931340787507,0.4409404649710227
5630.0,0.005115517350258614,3.6198124382311363,0.4414846544702767
5631.0,4.399234594556891,3.6624638838765913,0.4414852228610934
5632.0,-0.9649445382824102,3.610319820872702,0.441974026704933
5633.0,3.6724986813167666,3.65480504129242,0.44186681064512384
5634.0,2.4891892174846997,3.6440338860651758,0.44227486605415905
5635.0,-0.4374640190557706,3.6150734324784324,0.4425514426338796
5636.0,3.0576722840497332,3.648495283035287,0.44250283552065117
5637.0,3.9385496864400733,3.658002093249754,0.44284257688554557
5638.0,2.9548587547769665,3.6494090341616205,0.44328019351737225
5639.0,3.2310345463245165,3.652780539916927,0.4436085111567919
5640.0,1.9854048595761729,3.641102227741433,0.44396751499527237
5641.0,0.17326280597372268,3.622969138155571,0.4441881155352253
5642.0,3.3648300279213306,3.6537427130287994,0.44420736695811125
5643.0,4.68719239930787,3.667854120870895,0.4445812369612136
5644.0,3.911976067784324,3.6618090697125156,0.44510203611669225
5645.0,0.015155212998317236,3.624036158378647,0.44553670012422386
5646.0,0.6063819909863328,3.6286830063225675,0.44553838403677926
5647.0,1.4425403227533244,3.63618000813207,0.4456057598135555
5648.0,0.508780685899821,3.6265246860717197,0.44576604207163917
5649.0,2.555237399445049,3.6460975944866996,0.44582257325896135
5650.0,2.9917697564756534,3.650877708426679,0.44610648852556634
5651.0,0.7121833959470405,3.628768630561047,0.44643890738739694
5652.0,3.4714105740944103,3.6556105056670094,0.4465180388758355
5653.0,3.2513799300250175,3.6544107398938492,0.446903751161846
5654.0,1.8148010939453711,3.6408946224863787,0.44726501559851545
5655.0,2.2843475175200196,3.645528490115841,0.44746666016450937
5656.0,0.06274853043371031,3.6235525238544413,0.4477204765553449
5657.0,2.0846723046411575,3.6426192753110422,0.447727448614282
5658.0,2.509231217662907,3.6470081075167236,0.44795907887035324
5659.0,2.710934494035237,3.6494376993111723,0.44823788233898243
5660.0,2.9735961400252173,3.6526013616216204,0.44853909728276414
5661.0,2.8053021790382155,3.6516159174323453,0.44886949685387806
5662.0,2.169570378417912,3.645843221104516,0.4491811970959934
5663.0,2.8577436781928958,3.652905567592743,0.4494222604713732
5664.0,3.7525399916378097,3.6624683034002063,0.44973978754672794
5665.0,2.3806274083629444,3.649919702125087,0.4501567364346877
5666.0,2.896993613539596,3.655377217617287,0.45042125059117244
5667.0,2.267286171669852,3.6496984252537104,0.45074313877045463
5668.0,1.6915513544005358,3.644158708112853,0.4509950594561957
5669.0,3.153599583647005,3.658637489944956,0.45118300960668467
5670.0,1.8059675697872435,3.6459453264493655,0.4515334095604232
5671.0,2.982683626240238,3.6576424417428033,0.4517340726237329
5672.0,2.535319214387557,3.6538442615523166,0.45206548191553736
5673.0,2.120081654349821,3.6500800225252332,0.4523471840504693
5674.0,2.089821459816674,3.6499037558674083,0.4525827486787304
5675.0,1.8648487594803913,3.647764960315646,0.45281495106315445
5676.0,0.4427485348887328,3.633517573871672,0.4530221564808745
5677.0,2.978618868952115,3.6579639767322805,0.4530713507625288
5678.0,2.7894335315979006,3.6567735731962014,0.4534023084146346
5679.0,3.5620878155606173,3.665075515104697,0.45371224547370104
5680.0,1.8356788721165063,3.6488666497880926,0.45410803300876335
5681.0,4.869229531845834,3.6791603957438332,0.4543119973278874
5682.0,2.0253300651879584,3.652589580183784,0.4548530228314258
5683.0,1.40611294725663,3.6464524862571714,0.4550780595053356
5684.0,1.257893850196669,3.6446418625140278,0.455234294277253
5685.0,0.332596995962922,3.634979519354517,0.45537406026060817
5686.0,4.41578486549141,3.6748349209508797,0.45541101548238183
5687.0,4.213834238460827,3.674424667266081,0.4559016582452142
5688.0,3.2509314536059475,3.666253998850152,0.45636986204948765
5689.0,1.3798889902802753,3.648376589404056,0.4567310766554439
5690.0,4.7640846019489,3.681868165549948,0.4568843976543639
5691.0,2.06035104809793,3.656616292060449,0.45741374038791377
5692.0,2.1637177109666847,3.657711934511798,0.4576426682821469
5693.0,4.296573850545095,3.6791723301840493,0.4578830813611432
5694.0,3.32363823060109,3.670916688402587,0.4583604784556482
5695.0,5.251378923443242,3.6910361883917377,0.45872977159238165
5696.0,2.8109028253987747,3.668673714279888,0.4593132581394309
5697.0,2.003711500526594,3.661081428441545,0.45962558067558634
5698.0,1.7352438956752554,3.658367643160956,0.45984821528675596
5699.0,0.19125477851171624,3.642737341819129,0.4600410201640532
5700.0,2.1517552839922445,3.661193263763126,0.46006227069499894
5701.0,3.930741673534226,3.679091826099901,0.4603013546154425
5702.0,3.2485427158200864,3.67349894052659,0.4607381036902797
5703.0,2.5253850082005074,3.6670519055768875,0.46109905288092634
5704.0,1.2563319452295885,3.6546840138494927,0.4613796512151708
5705.0,2.7835912725159213,3.6694834428718592,0.4615192436535297
5706.0,3.7660171314942166,3.6798079269150854,0.46182853157269815
5707.0,3.038399070587481,3.673645392181038,0.46224697792064195
5708.0,2.7084189620416987,3.670988410861305,0.4625845778173739
5709.0,1.5038029333984926,3.6593725571349363,0.46288551325760074
5710.0,3.583977267640016,3.679847298997563,0.4630526024724228
5711.0,-1.414881023430226,3.63084938712912,0.46345082216882727
5712.0,2.9785571360814314,3.6726260700153794,0.4632936131662239
5713.0,5.712902476180748,3.700614750329281,0.4636245639591218
5714.0,0.6145332658351912,3.6519860345335884,0.4642593309009197
5715.0,2.1982881816232926,3.666942287906215,0.4643276123749014
5716.0,2.490111262344092,3.6699956484095937,0.464571866617304
5717.0,1.9217714824292786,3.6646342291990677,0.46484854564645334
5718.0,3.7954678031987243,3.6833368446790167,0.4650620758111677
5719.0,3.0905637679441265,3.6774359150802454,0.46548379445596755
5720.0,2.690375465684149,3.674124795474437,0.46582719043018356
5721.0,3.4965907014616002,3.6826201323237613,0.4661261210374818
5722.0,2.5209383863396777,3.673800960485259,0.46651463111542196
5723.0,6.474830611029392,3.7136540999976084,0.4667947353805708
5724.0,2.6891836670709264,3.6785932527830205,0.46751416100401855
5725.0,2.7441026231121306,3.6795175839883045,0.46781295918924864
5726.0,0.3619149380334057,3.656105174604101,0.46811785948070556
5727.0,1.8206870908707202,3.6696069500255115,0.46815807225159817
5728.0,3.934222102249762,3.6905985200038463,0.46836037081725046
5729.0,0.8306789370501595,3.660754643250376,0.4687975066063893
5730.0,-0.19694646787744352,3.649707175737605,0.4688898042660615
5731.0,2.5403943389844685,3.675685512875099,0.46886792132518623
5732.0,4.213430634343722,3.6927705506442092,0.4691501873628512
5733.0,2.5529765358701573,3.677570032817091,0.4696183463222227
5734.0,2.0798442467170704,3.673181158830757,0.4699020103817638
5735.0,0.1768900778237752,3.654197243231475,0.4701331041869546
5736.0,3.0653176533777415,3.6819387033616278,0.47015275864004613
5737.0,3.3265938861038062,3.6852483795967093,0.47049334949042143
5738.0,0.2728343761236247,3.6555648352228225,0.47086297103332186
5739.0,3.9181655608715236,3.690946544384584,0.47089328596400226
5740.0,3.4571194073651363,3.687577703230649,0.471328637692988
5741.0,3.915394928184182,3.693095859144613,0.47171276207158414
5742.0,3.2294063647916773,3.687447763560664,0.4721478059524935
5743.0,3.317103386014148,3.6890899519797475,0.4725066288819148
5744.0,3.1509011233771735,3.6882403976289044,0.47287519592480526
5745.0,3.5855904018764946,3.693286895276371,0.47322529604962493
5746.0,0.22655278859510197,3.660662432860647,0.47362369498316675
5747.0,0.6236757079731068,3.6634807282351427,0.4736488675152329
5748.0,1.5799901247627854,3.672168081910823,0.4737181648161188
5749.0,2.3377247854093084,3.679492276666225,0.47389371927442575
5750.0,2.9851711541352244,3.686199931851422,0.47415346647280454
5751.0,2.9058520665360628,3.686047993935147,0.47448515215659737
5752.0,3.896382264320039,3.696539057035067,0.4748080246084347
5753.0,3.9356191232254387,3.6981340196311434,0.4752409559711369
5754.0,1.409518614632759,3.6740842056995855,0.47567824698482863
5755.0,2.798220137563089,3.6875814219362684,0.47583486016423227
5756.0,1.4402105653477022,3.6744965260043663,0.47614577351285037
5757.0,2.264691202058042,3.6823816926146646,0.4763057969090001
5758.0,2.9022392113106186,3.688927876561772,0.47655742926478434
5759.0,-1.7608900955896134,3.642870428972694,0.47687990028826327
5760.0,5.514055049549605,3.7132636025081838,0.47668424583319774
5761.0,3.208010846746844,3.692461243855748,0.47729691861648105
5762.0,1.7553709057332425,3.678710179201552,0.4776533642661196
5763.0,4.909212194037785,3.7101043430932936,0.4778484054778677
5764.0,2.065711036892257,3.6835127990896845,0.47839387349942747
5765.0,2.6656492322850722,3.6895436419782963,0.47862339694797107
5766.0,1.891105237002966,3.682211900285541,0.4789195801960027
5767.0,4.564989796804174,3.708877178167446,0.47912970300011415
5768.0,2.3687691171176497,3.688526793596085,0.47963692408864794
5769.0,2.6868551259243865,3.6919180014593453,0.47990012065721654
5770.0,4.004727691281808,3.70550925351794,0.4801986601156526
5771.0,3.2314243218263456,3.699014456044764,0.48064362985912834
5772.0,2.43206491858241,3.691757488025005,0.4810026770059979
5773.0,3.887988715446829,3.706544804453616,0.481272906441396
5774.0,5.67310403678494,3.725539973887139,0.4817049051875567
5775.0,2.8967630609992767,3.7000261012200686,0.4823352500805328
5776.0,2.645950109840708,3.6979907256571014,0.48265711264286604
5777.0,2.713283854523852,3.6989777605400156,0.482951107099515
5778.0,4.138036876039397,3.7135824990070185,0.483252583083351
5779.0,1.751002831208847,3.6909637412301475,0.4837123649584665
5780.0,2.1521030503604237,3.694712539959161,0.4839069208286008
5781.0,0.5781963135916985,3.6789749575077275,0.484146043389752
5782.0,1.0201651717000328,3.6824156711760287,0.4842102874245955
5783.0,1.852749996627537,3.690064970603676,0.48432363911033993
5784.0,2.4300787574244715,3.6957034173334966,0.4845295002210763
5785.0,4.711354157212649,3.71875270604121,0.48479950897190127
5786.0,3.1699910061565304,3.705009141417108,0.48532299276714713
5787.0,1.3599018622627577,3.6875868954502122,0.4856752139900534
5788.0,1.590024393294856,3.68942527332339,0.48582631419697153
5789.0,4.218435854038318,3.715406286802382,0.4860029835740043
5790.0,3.9082629357864906,3.7136628704092423,0.48647169866889745
5791.0,2.5351873877802538,3.7010772694162934,0.4869059501062071
5792.0,1.9468419180764598,3.6954630116906153,0.48718763759373823
5793.0,3.9061660446308037,3.7149581700455574,0.4874039533624134
5794.0,1.258341091594142,3.68961980813071,0.4878379718118168
5795.0,2.990037997571904,3.706401022693898,0.4879777874886606
5796.0,5.340823738616664,3.7304764155894636,0.48831001393283524
5797.0,2.756694602814322,3.706673839205165,0.48890343879268156
5798.0,1.5304881509229946,3.6947981967790993,0.48920973819299424
5799.0,3.012960878339422,3.7092398596300913,0.4893797924319857
5800.0,1.9124891012308156,3.698796317359661,0.4897145658629123
5801.0,0.7573551953082318,3.6871122070000233,0.4899270646519379
5802.0,3.376295033590133,3.7124534518641044,0.4900112152291944
5803.0,3.897293000687153,3.718481000144387,0.4903863591218155
5804.0,2.111366659909284,3.701757732228264,0.4908193916774474
5805.0,2.028455407379658,3.7009297971841812,0.4910539879729929
5806.0,1.298043261097713,3.6935816547802234,0.49127937190714616
5807.0,2.312580499415542,3.7032323275413295,0.491423598936157
5808.0,1.7970395213460113,3.698234637635325,0.4916805523249809
5809.0,1.2362091416209307,3.6924642651977733,0.49188022338290827
5810.0,4.865211037999508,3.7282498945178775,0.4920175799541995
5811.0,3.083116020936884,3.712217295732156,0.49255815895842164
5812.0,3.2154938850366905,3.7141845713764345,0.4929007274051924
5813.0,3.6042494611655336,3.718793351961517,0.4932580045035298
5814.0,3.4637952709497566,3.718347226425762,0.49365847666588153
5815.0,1.9836125590041065,3.7044046350933133,0.49404334280709816
5816.0,2.840690778714334,3.7128968159854763,0.49426374420254304
5817.0,2.1637118946741745,3.7065944655224823,0.4945793765112891
5818.0,3.048079530970825,3.7154789449277588,0.49481978894403067
5819.0,2.9271136074477053,3.714870987596952,0.49515846444747186
5820.0,2.0216746739197475,3.7063380028670143,0.49548369929274383
5821.0,0.838376596347751,3.694455450746617,0.49570832981206825
5822.0,2.682796321206885,3.712115346804794,0.495801482767218
5823.0,2.2446631402408763,3.708128176967356,0.4960995712473521
5824.0,0.13703469036405203,3.6871704148405176,0.4963489782629344
5825.0,3.134577211110897,3.7159463410296585,0.4963642043396415
5826.0,3.7066776403034694,3.7223772815166942,0.4967124906964316
5827.0,5.660445594011188,3.742976997884316,0.4971243437675764
5828.0,2.011003120849174,3.7087571494577456,0.497753282166911
5829.0,1.8266101293136654,3.7068624192482686,0.49797672695811646
5830.0,1.1132237119509483,3.699569737944724,0.4981796836391513
5831.0,2.760802383108759,3.7154487201118913,0.49830337516270146
5832.0,2.752897725697944,3.71582423317729,0.49861013098304685
5833.0,1.4858795815165635,3.7036016929604547,0.4989160085081244
5834.0,2.2813376474952,3.7112071393979296,0.499081106239404
5835.0,0.026667916388304125,3.6888233338422163,0.4993345882002368
5836.0,3.657970934791558,3.723887975952471,0.4993375513020577
5837.0,1.5366509254097915,3.703734193283443,0.49974399251703455
5838.0,2.4566795607337757,3.7126494346352983,0.49991473150874677
5839.0,0.7166332233777761,3.6955526607695655,0.5001876959043838
5840.0,1.7720580006730333,3.7053193498689097,0.5002673218180925
5841.0,2.150511058103091,3.7089992027314103,0.5004642171515007
5842.0,2.4858864412989625,3.7124936115129232,0.5007031628246232
5843.0,3.0996656444031396,3.7189857618709405,0.500979372429212
5844.0,4.298843854357775,3.731716305122408,0.5013237797230345
5845.0,3.4158886784616955,3.7243701094171526,0.5018014290401854
5846.0,3.702705678932806,3.7281461398711504,0.5021809722266811
5847.0,4.307630137428923,3.7352725152368755,0.5025923839687848
5848.0,3.2121348519033717,3.725760509999065,0.5030710095396103
5849.0,2.454116005476256,3.7189155456781706,0.503427913412044
5850.0,3.7613898828188193,3.7322407823918673,0.503700592968208
5851.0,3.841261607452071,3.7341140755540487,0.5041185251774101
5852.0,3.310707297457544,3.729919863015873,0.5045453320226825
5853.0,0.6817155037048714,3.7043944624891116,0.5049131883890666
5854.0,1.4481748086316906,3.711166672828917,0.5049889345561449
5855.0,2.156432369961895,3.7178610626459236,0.5051498428682151
5856.0,3.474526275919874,3.7311119787161298,0.5053894464648775
5857.0,2.4733169761618004,3.7220020658291797,0.5057755049399797
5858.0,3.921085791813204,3.7367435120499226,0.506050317937331
5859.0,4.144045785930351,3.7401468914472322,0.5064859941364214
5860.0,3.9989630858465075,3.7399945443892952,0.5069464436681914
5861.0,4.006925705600358,3.7412642494533563,0.5073907728999522
5862.0,1.2037576191766022,3.7144124176703035,0.5078359868672411
5863.0,3.1032943743197197,3.7328139408359613,0.5079697377138163
5864.0,1.7405886988057295,3.7198028697344805,0.5083145481998518
5865.0,0.438667085801002,3.70654012946614,0.5085079469441636
5866.0,2.140661084930205,3.722511104546119,0.5085566877314748
5867.0,4.155921207034064,3.7427088359758502,0.5087945389631336
5868.0,3.0759275126480796,3.733224225459216,0.5092563079861374
5869.0,5.022261714507366,3.7533075082298843,0.509598077709765
5870.0,2.7215376815851395,3.7321366258908446,0.5101561067891547
5871.0,5.559753441991134,3.7608843854944527,0.5104584998648863
5872.0,2.721901531896314,3.734652440043266,0.5110762502473298
5873.0,2.5281003701921705,3.73304772061526,0.5113786837508739
5874.0,0.9007623900981296,3.7169871000639136,0.5116595837920064
5875.0,3.8882034253659596,3.7460565168606155,0.5117596685020173
5876.0,1.8723435888244013,3.7269893985475324,0.5121916911048358
5877.0,1.6911904507390911,3.7249913631400497,0.5123997292813718
5878.0,4.101538204703215,3.748805237170919,0.5125876393314539
5879.0,3.9477783359949465,3.7485027293576683,0.5130433657986432
5880.0,3.9150642090133485,3.749298284796488,0.513482007835976
5881.0,2.0472610824312736,3.731708711463709,0.5139170149703108
5882.0,2.4362801683684356,3.7355024830398977,0.5141444884239144
5883.0,2.425182002880186,3.7355482118701753,0.5144151862203997
5884.0,3.478147725840498,3.746231907896708,0.5146846508873865
5885.0,4.4419558356177875,3.756688990115259,0.5150711117458132
5886.0,2.9601831939980086,3.74328695271735,0.5155646623942152
5887.0,4.968613856696698,3.7638382443476597,0.5158935716379928
5888.0,3.621493022541327,3.752092861283198,0.5164456398442924
5889.0,2.2065007573569773,3.738798971472445,0.5168480279579081
5890.0,3.5358892576612186,3.7520527981439233,0.5170931947087255
5891.0,4.632425348385967,3.7638205436470398,0.5174860712929101
5892.0,4.997861229176668,3.7689579813404848,0.5180007852205085
5893.0,3.9836141807488508,3.760508041672668,0.5185561031348614
5894.0,2.532093067072499,3.747025451005776,0.5189987269327224
5895.0,2.2291334324300993,3.744106602464479,0.5192800706068416
5896.0,3.2200868794517383,3.7539427870046556,0.5195277520993338
5897.0,4.592468119088808,3.7682243389470607,0.519885539530384
5898.0,3.0422114027680642,3.754138167567273,0.5203958137658383
5899.0,3.0681648398360135,3.7548231515536843,0.5207338372550347
5900.0,2.564247317896365,3.7502259086722924,0.521074744459461
5901.0,2.0901361717109843,3.7456104476971697,0.5213596608281161
5902.0,2.2973318666951026,3.747516321543949,0.5215918981805284
5903.0,2.6692824815569125,3.7512108257070156,0.5218471572768278
5904.0,4.647624995299777,3.7712109983400404,0.522143744219223
5905.0,2.2003577768364977,3.748200172857908,0.5226601469964786
5906.0,2.5657650948892257,3.7517613878532976,0.5229046311939048
5907.0,1.4182779244918642,3.7404326061659177,0.5231897162044481
5908.0,3.3957888330914443,3.759639022410528,0.5233473026405028
5909.0,4.208348973397853,3.7684550273238364,0.5237246125108462
5910.0,4.530622307445945,3.772872901094415,0.5241922068412238
5911.0,2.754205655869638,3.7564916979963447,0.524695609319829
5912.0,3.2179428540990447,3.76137972543813,0.5250016321704811
5913.0,2.3080620972874524,3.7528258800672867,0.5253591813764922
5914.0,3.160023349618153,3.7613174444444804,0.5256156327206353
5915.0,2.892456440624018,3.759156754319607,0.5259667464261484
5916.0,2.572830484064359,3.756305964404946,0.5262881304751066
5917.0,2.672192115346412,3.75744602335162,0.5265740005288915
5918.0,3.064902854242061,3.761587095686911,0.52687091076393
5919.0,2.1323094564430445,3.752725409863855,0.5272114555255124
5920.0,2.1968790099024584,3.7532494430733694,0.5274483787984505
5921.0,4.634202517089442,3.7775515909723647,0.5276924764662174
5922.0,5.888183461057979,3.791558595748383,0.5282073878570052
5923.0,0.9945413143324453,3.7448566667452696,0.5288616304637894
5924.0,0.9256609945299266,3.743298441170578,0.5289721350542708
5925.0,1.3035589652398127,3.7461889411610128,0.5290749862758852
5926.0,2.370889481201806,3.7562351807041217,0.5292198261609119
5927.0,3.619725638796571,3.7687854219928374,0.5294832583254899
5928.0,3.23906617756034,3.7658306320949535,0.529885450063134
5929.0,2.7150389209755854,3.76119503811435,0.5302453463050851
5930.0,3.1611694336973737,3.76592857951637,0.5305470172963046
5931.0,1.6348923042145382,3.751220480689463,0.5308982583444932
5932.0,2.1948465353092264,3.756414345513447,0.5310799130449615
5933.0,2.474881814530254,3.759175407882259,0.5313237848822181
5934.0,0.5197295764101841,3.7397684521813708,0.5315987717504992
5935.0,1.0483622440967548,3.7439773186492946,0.5316565194812114
5936.0,1.0980424234029262,3.7437555847647426,0.531773004175
5937.0,3.455135279604718,3.766659531783227,0.5318950088887114
5938.0,2.8066936857155205,3.7610062975999665,0.5322789128086676
5939.0,3.2638265000924287,3.76599335427722,0.5325907676626359
5940.0,0.20043126274691936,3.7360610969731436,0.532953415051535
5941.0,0.645541642435496,3.7392857088199336,0.5329756851918402
5942.0,3.329019300320619,3.7652028438197074,0.5330474120409997
5943.0,-0.9733370520825635,3.7229689439026052,0.5334173030743686
5944.0,4.030786696999756,3.771092286593121,0.5333091545130261
5945.0,0.22085357059651267,3.7342567710885626,0.5337570197015816
5946.0,3.554181114906223,3.7664462164988706,0.5337815589872035
5947.0,1.3892692190537967,3.7457721585324153,0.5341764679999709
5948.0,3.8111296439644784,3.7695955641294843,0.5343308312465324
5949.0,6.510201142395618,3.7977241217979345,0.5347542900958617
5950.0,-0.3414720376514069,3.7320237414930544,0.5354776457783501
5951.0,3.3692214348258105,3.767602231273322,0.5354397044408333
5952.0,0.23979660800782554,3.737142575603436,0.5358140623780362
5953.0,3.03346115277188,3.7639411943776815,0.5358407064455927
5954.0,2.2415347955601326,3.7566641426245853,0.5361777576847896
5955.0,2.662227903077304,3.7610106823363556,0.5364268171065185
5956.0,1.3603921545897038,3.7483995022247583,0.5367226202068605
5957.0,3.4756763868706253,3.769141353594186,0.5368737748907038
5958.0,0.6895527025370238,3.742210090764619,0.5372599611559116
5959.0,4.052046578623425,3.7750057850190673,0.5373365781228602
5960.0,1.9884371167372716,3.7556716576366336,0.537786805520485
5961.0,0.7466366532461379,3.7432427628992153,0.5380077429779002
5962.0,4.493671029175873,3.779929412945282,0.5380907026060386
5963.0,2.4158216839885585,3.760738788351318,0.5385899993870582
5964.0,4.884544963052533,3.7856867409429196,0.5388584240186125
5965.0,4.026695161641678,3.7789191898766195,0.5394011512367295
5966.0,1.5023178690169563,3.754920732737243,0.5398485618102452
5967.0,2.393762748829064,3.7634799295810226,0.5400154860179137
5968.0,2.651297424579468,3.766272370853831,0.5402814596566725
5969.0,4.407878999983049,3.7842192040020914,0.5405760482594035
5970.0,3.046897141708894,3.7720918164256036,0.541065812592735
5971.0,2.720365776370574,3.769433943426591,0.5414043567195915
5972.0,2.2501505161271154,3.7651296376233723,0.5417066195836328
5973.0,2.4368037051817013,3.767098186333605,0.5419566363076469
5974.0,4.130740107097905,3.784261351157892,0.5422273922748894
5975.0,2.504631688496843,3.7692892699283442,0.5426863633979002
5976.0,2.0062534108772816,3.764556890116247,0.5429646558077332
5977.0,1.7943660429828914,3.7623787182779376,0.5431875728533863
5978.0,1.8077935577047977,3.7623284754313793,0.5433869468581621
5979.0,0.7473800049465438,3.751558222668993,0.5435878128090182
5980.0,1.5620308645919012,3.7588828365218983,0.5436708550317901
5981.0,4.373025344562904,3.786703622930315,0.5438444140167448
5982.0,2.2417509242906295,3.7668769853788366,0.5443303057216962
5983.0,3.380514585695123,3.7783921590911516,0.5445793891577284
5984.0,-0.5984456473760429,3.7394485327906786,0.5449550018894723
5985.0,3.2103891362073487,3.7758769831186516,0.5448885079286527
5986.0,2.298309119538608,3.7675230985619823,0.5452452178326758
5987.0,1.898199971386864,3.763708525561813,0.5455005855126245
5988.0,2.726199946776415,3.771926671958865,0.5457114966205564
5989.0,1.8802184327349654,3.7639317515601114,0.5460144077257538
5990.0,-0.15484364986044508,3.7435126735848243,0.5462233208849466
5991.0,3.6528099264649216,3.780251225679673,0.5462061160349622
5992.0,2.803771951685241,3.772842627353666,0.5466119838045693
5993.0,2.107571931565185,3.766415441542543,0.5469235140214233
5994.0,1.2922682849094533,3.7583563809295706,0.5471576886804861
5995.0,0.6626781048660813,3.7516470747222206,0.547301274045476
5996.0,2.779865883835072,3.7720240396647706,0.5473749049460167
5997.0,4.516801200281699,3.7899473176210776,0.5476837789331095
5998.0,2.753958095926298,3.7739579569574637,0.5481856457331408
5999.0,0.7715479923839674,3.7546421908408916,0.5484916410771326
6000.0,2.7813959087980034,3.7740016232224853,0.5485773686318419
6001.0,2.4333212971915903,3.7710623949900035,0.5488864126217083
6002.0,3.580054532592788,3.7828485459472017,0.5491567816547296
6003.0,3.258416471764658,3.7806703215595627,0.5495545654916844
6004.0,-1.2322781676374044,3.736586273813289,0.5499166117663249
6005.0,3.181552755535571,3.7787205417923726,0.5497796919699207
6006.0,1.2456507381198954,3.7601698314510004,0.5501331978316469
6007.0,0.7228390731891263,3.754526024231132,0.5502716034692158
6008.0,2.264408237033045,3.7692113496992232,0.5503519189217924
6009.0,3.0137138862875146,3.7769603223882986,0.5506035198370183
6010.0,0.4490817371414697,3.7520407177403428,0.5509383769354946
6011.0,3.3807205213219396,3.7804666615090374,0.5509882749062881
6012.0,3.4541735594144996,3.7821720664592298,0.5513639105197683
6013.0,2.558720245374372,3.7742218250383126,0.5517477075819255
6014.0,1.4154704622161893,3.7632186071037763,0.5520320098314115
6015.0,1.275777494763385,3.761531215883506,0.5521892843272134
6016.0,3.7824151644752844,3.7862303799159815,0.552331037382187
6017.0,0.610971641880119,3.7557336896305884,0.5527513057337954
6018.0,3.830588076023973,3.787140569568456,0.552819191471782
6019.0,2.2935010510869542,3.7730205644013006,0.553244812369118
6020.0,2.3802068754464285,3.7741562639640645,0.5534996458192388
6021.0,0.36489036823334375,3.7543266399393627,0.553764113249844
6022.0,2.316604212339267,3.772902337820073,0.5538046566240922
6023.0,3.26698189501422,3.782712111424671,0.5540620570921299
6024.0,0.8294873901850237,3.7592390801044457,0.5544250550804648
6025.0,3.123294834064807,3.7815383301029497,0.5545172203460409
6026.0,2.6112653170987783,3.7772356045961835,0.5548642531053815
6027.0,1.6953054827096166,3.768562441039852,0.5551543936961703
6028.0,3.5683413581141306,3.7872008704723163,0.5553427609720268
6029.0,-0.2528209612231951,3.750079570954848,0.5557392433451507
6030.0,2.9333509359296364,3.780619257448122,0.555711152127237
6031.0,4.524293947591615,3.7972356212943645,0.556037080009007
6032.0,4.299928923875827,3.7966892159266656,0.5565397793365171
6033.0,2.987258400673153,3.785092847407013,0.5570175492169478
6034.0,2.1228990298364425,3.777133154408785,0.5573494668170226
6035.0,1.7052468043154614,3.7730912219909576,0.5575853444870044
6036.0,2.1213427576179473,3.777127953822897,0.5577748163541505
6037.0,3.179759059897383,3.7878569482792854,0.5580105211049969
6038.0,1.4909452431757297,3.771780669036777,0.5583638276672077
6039.0,3.446779772562976,3.791081858081658,0.5585294882497828
6040.0,5.1664506475041545,3.8092589919100415,0.5589124637800675
6041.0,2.422645956090756,3.78386780415927,0.5594865138520124
6042.0,0.8195064958958684,3.7681295834711976,0.5597556967360225
6043.0,0.819069067104484,3.767413078535534,0.5598467530133443
6044.0,3.470706939639469,3.7932361873660416,0.559937760687467
6045.0,2.4253172762994453,3.7837713578176206,0.5603233947918714
6046.0,3.5960386200800665,3.795799098894113,0.560592874489238
6047.0,1.8329571885508131,3.7792231876392584,0.5609924343359136
6048.0,3.5382794344247896,3.796211365120701,0.5611960962457526
6049.0,2.302126033187843,3.784861831282036,0.5615892384051332
6050.0,1.5843699308450636,3.7779077809733215,0.5618450301865985
6051.0,1.9987519014970194,3.781826566985604,0.5620210712900258
6052.0,1.0036820557209545,3.7719209048085016,0.5622431548346365
6053.0,4.986699448227014,3.81117678156332,0.5623546750630499
6054.0,2.3795227330518913,3.787046179620407,0.5629087527795196
6055.0,3.305642610852745,3.796582491768652,0.5631731441943031
6056.0,1.828913583911501,3.7826722068749365,0.5635404378177312
6057.0,1.1850902225252211,3.776154493120832,0.5637436504381659
6058.0,2.207649361352581,3.785904107314455,0.5638753271295576
6059.0,3.8764906667239982,3.802772850276178,0.5641206215030412
6060.0,1.8490852607521455,3.783728669824616,0.5645513426882328
6061.0,1.4118350340882309,3.779297033743785,0.5647567966060941
6062.0,2.6943303054614294,3.7917955290806495,0.5649136671654372
6063.0,3.12377825089718,3.7965801278637397,0.5652130371993774
6064.0,4.553560211066479,3.8116342208412353,0.5655601236716994
6065.0,2.9421880979656185,3.797165668735497,0.5660660748062624
6066.0,3.304990848164044,3.8014032905011863,0.5663929845949253
6067.0,3.399094046150402,3.803176345093625,0.5667602058002769
6068.0,1.058730772584212,3.7806545038534782,0.5671378829165158
6069.0,1.2958349119130697,3.782428813843638,0.5672555196690251
6070.0,1.145129637992937,3.780491104067505,0.5673995013259043
6071.0,0.8348178053854429,3.7768768679631277,0.567526737952348
6072.0,3.4943248435880045,3.802781591176055,0.5676194954862797
6073.0,2.8625626145796943,3.7974609225514704,0.5680077538022339
6074.0,2.599370078864312,3.7954168663715975,0.5683258163149649
6075.0,-0.740895644252836,3.762431914991146,0.5686146352126166
6076.0,5.069346073273273,3.818854427702577,0.5685323134743663
6077.0,1.3821599948080554,3.7839851284352894,0.5690955741491744
6078.0,5.064765944923697,3.8204688754628555,0.5692491474819309
6079.0,0.688448149185855,3.778686136294777,0.5698118992535891
6080.0,1.4844985518043288,3.785850395252652,0.5698883934923875
6081.0,-0.25356172813703726,3.768193748453666,0.5700533377759214
6082.0,2.9526562199283717,3.798900327542754,0.5700251642505728
6083.0,1.1234289739859595,3.7812949438239154,0.5703532371638982
6084.0,1.1587498073770572,3.7811801346984386,0.5704780626054522
6085.0,0.7843572285320033,3.7770045707158104,0.5706068125840497
6086.0,3.4716938284223287,3.803224824781134,0.5706939633872199
6087.0,3.389329564459434,3.8034515926569172,0.5710797071459335
6088.0,4.765042363848481,3.8181932251209236,0.5714562993197623
6089.0,1.6428667236587833,3.7888062405571925,0.571985748471301
6090.0,2.7735242138085003,3.7999601448844875,0.5721682892183743
6091.0,0.8883310032475604,3.7816734295217116,0.5724764585754641
6092.0,2.0812012215808524,3.7929796672850182,0.5725751620202695
6093.0,1.851443358398528,3.790825206505866,0.5728064066004451
6094.0,3.0805624468692763,3.8031182054358004,0.5730121225291561
6095.0,3.7712772580227387,3.8108037808109168,0.5733544072454749
6096.0,3.738833363539375,3.8116821736814934,0.5737734380519219
6097.0,1.4464846597279866,3.7899244207148297,0.5741888639812041
6098.0,3.7480848807787495,3.8126519608844838,0.5743495844989516
6099.0,2.4448935786152535,3.800786778837117,0.5747660383745936
6100.0,2.0942538801287314,3.79761356309991,0.575037693216662
6101.0,1.614360641476352,3.7929274651062452,0.5752703880922319
6102.0,1.80008025704806,3.79460013050638,0.5754497614968404
6103.0,4.677892307745291,3.823319447637589,0.5756497704142901
6104.0,2.8842634581175295,3.807136772494538,0.5761695362262618
6105.0,2.7182648093765063,3.806078258672963,0.5764900099438304
6106.0,2.1721914268288165,3.8011096029448264,0.5767920393670944
6107.0,5.557473264297536,3.8351087029077524,0.5770333939700755
6108.0,4.131263111058031,3.823120143285743,0.5776508909994419
6109.0,1.5986723565015093,3.7991368149175817,0.5781099202340039
6110.0,2.1579811816192196,3.8044648617097176,0.5782875504958374
6111.0,2.232194320786362,3.8053041534662215,0.578527326182684
6112.0,2.6823399728532493,3.8099538191700804,0.5787753477738825
6113.0,1.6234675092107058,3.7997992414613924,0.579073385548644
6114.0,3.048520654202121,3.8138177433456772,0.5792537708274451
6115.0,4.315110165049143,3.8271562473446386,0.5795924953445787
6116.0,0.8579648637447959,3.794045800903681,0.5800719520295842
6117.0,1.0898165786349163,3.7956353990098024,0.5801672814588892
6118.0,1.8960518058783662,3.803134150894655,0.5802883721898486
6119.0,1.954005549865213,3.803672569302786,0.5804990446127241
6120.0,4.998082343432413,3.8341154091212393,0.5807161563404869
6121.0,3.7521365250185483,3.8235739309211154,0.5812714988230905
6122.0,3.68040294014783,3.8239633298059417,0.5816884028814259
6123.0,2.1695428831082495,3.809902195958615,0.5820973365414422
6124.0,2.1421082415164823,3.8097143159363944,0.5823383968617876
6125.0,0.6853682327932518,3.795221001325674,0.5825764088886227
6126.0,3.4771752850597717,3.8223041818224166,0.5826525609144887
6127.0,3.113818256010982,3.8196091644236945,0.5830389137239398
6128.0,4.107496705847854,3.8302453355361044,0.5833848935301632
6129.0,2.2364628583047907,3.8128511720183798,0.5838412820530352
6130.0,2.322776067249504,3.813838520018557,0.5840897779261802
6131.0,2.7125569107007945,3.8179188677277742,0.5843478641558746
6132.0,3.614871969383869,3.8273721712411333,0.5846492593681747
6133.0,0.6622304723781514,3.798840495482427,0.5850509118092173
6134.0,3.4200701671729683,3.8255490885044328,0.5851244929728149
6135.0,2.4743805472839617,3.816975330946353,0.5855045007691674
6136.0,1.1767034150578795,3.8042783451099407,0.5857794319410878
6137.0,-0.10575719081758317,3.7909205654926343,0.5859101767649831
6138.0,2.3294078601520583,3.8139506549039623,0.5858984259660034
6139.0,4.309641229092588,3.8339900219902385,0.5861572490615758
6140.0,4.5933558334267435,3.838308283440052,0.5866360980870305
6141.0,2.9442202633376207,3.8234546641883598,0.5871464709574113
6142.0,4.9525070798028095,3.844116448675365,0.5874736065422267
6143.0,2.446323646304069,3.820889252632213,0.5880238851066493
6144.0,3.691629439553476,3.833576986418983,0.5882956988451274
6145.0,1.935961388866966,3.8170386167361623,0.5887058798939667
6146.0,1.8567514508948142,3.816151061738102,0.588920986714952
6147.0,1.6531136038992047,3.813978012222241,0.589127292431718
6148.0,-0.07566118390539067,3.7964350002702645,0.5893109717210402
6149.0,4.10886532493364,3.8369516146602853,0.5893025649228285
6150.0,1.6979594510774798,3.814170436127645,0.5897591055144878
6151.0,1.4982015253060046,3.811969736625451,0.5899477676757187
6152.0,1.0250353979841555,3.8069197513054753,0.5901142345118637
6153.0,2.2445507043296464,3.8185118802618963,0.590228127333862
6154.0,4.704365388199678,3.843289500689998,0.5904775218565653
6155.0,5.1172235635283965,3.8491436363954903,0.5910002291219209
6156.0,0.4239164052473958,3.804169270208001,0.5915688095178685
6157.0,2.056940005029647,3.819483522544772,0.5916159113406738
6158.0,1.2070527873828767,3.8110185424726373,0.5918444602301216
6159.0,3.7354221765144,3.8358085369802093,0.5919785772064975
6160.0,2.8582419341174083,3.8281447609555275,0.5923936241149991
6161.0,1.7042883407752063,3.8171484982987254,0.5927112065521233
6162.0,2.5907163507387736,3.825828206565548,0.5929005719233206
6163.0,1.9032267232403643,3.819334574202473,0.5931884292956249
6164.0,4.517807617968621,3.845429421933766,0.5933998989315404
6165.0,3.183699393770048,3.833684959557979,0.5939018775557592
6166.0,3.3372792761455474,3.835956920174878,0.5942556219328448
6167.0,-0.8336468475411216,3.7950728826015228,0.5946264307413054
6168.0,2.4165141514639865,3.8257738827323884,0.5945338033138008
6169.0,5.104013698823793,3.852927253259498,0.5948023048861857
6170.0,4.157661337545855,3.8454292860980046,0.5953694175193883
6171.0,0.1911380175996209,3.807105606935215,0.5958313798902267
6172.0,2.1082177091455074,3.8251108099469953,0.5958526174477378
6173.0,0.9981006676015982,3.8140749419762945,0.5960868638598651
6174.0,4.638876950453588,3.849856566360494,0.596197763934043
6175.0,2.8053478528448856,3.833197276380994,0.5967131947063157
6176.0,1.5402555503357052,3.8210470499171696,0.5970249000232984
6177.0,2.5426974294259863,3.8307754535264227,0.5971960395288913
6178.0,-0.759206911335605,3.798101151873941,0.5974785614654943
6179.0,1.1437983706792791,3.815404097042272,0.5973942051420126
6180.0,2.545554657282887,3.8289267168743075,0.5975212938498659
6181.0,3.557094210566653,3.8394417365758677,0.5978041332562306
6182.0,0.07335734925332416,3.8056370601595777,0.5981993659462935
6183.0,2.0235558653719634,3.823972657793385,0.5982075167628772
6184.0,3.7621071731485274,3.8414428760593244,0.5984323563034741
6185.0,0.6856833445334098,3.8118582802196856,0.5988503682116018
6186.0,2.786478543480216,3.832099488308561,0.5989265552498833
6187.0,2.582468128882504,3.8306307063399987,0.5992361639769366
6188.0,4.642975400445753,3.851674163006466,0.5995231048801457
6189.0,2.212329758610453,3.829096470150877,0.6000389910357508
6190.0,2.2854992520311623,3.8300055985970136,0.6002848054533741
6191.0,3.5686996914558606,3.843063572313924,0.6005387498147109
6192.0,0.8420641649383191,3.816830008692429,0.6009352720026504
6193.0,2.2238959918114265,3.8299571304625095,0.6010288346876436
6194.0,1.9303437364493619,3.827216175466777,0.6012759342422893
6195.0,2.3263602341186247,3.8311889575764284,0.6014904168796725
6196.0,3.5605080612035476,3.843797103437434,0.6017489013501301
6197.0,3.1927018563527163,3.8411608815964606,0.6021445133569305
6198.0,1.5641471143391548,3.825672897311449,0.6024992580076364
6199.0,2.6708740041590158,3.836507055081182,0.6026730521314518
6200.0,4.363052017625655,3.8539003716758113,0.6029698159096917
6201.0,1.4607928765033684,3.826408176374612,0.6034545994672056
6202.0,2.6814584754962656,3.8383018599736904,0.603616909786817
6203.0,2.2585491538267144,3.834537532198684,0.6039148496174277
6204.0,2.421243730204029,3.836361278979139,0.6041657995234084
6205.0,0.4616779721882489,3.8170668588684014,0.6044348266045422
6206.0,4.263453567890256,3.8541567768061924,0.6044861241570075
6207.0,1.5320601238897709,3.828323472451219,0.6049598412201065
6208.0,3.782589962691916,3.8505740568190956,0.6051300701227609
6209.0,1.7232792399406112,3.831148951619776,0.6055503578963933
6210.0,1.7181191851302997,3.8309575639572273,0.6057418333674979
6211.0,4.016404063081834,3.8538059800563356,0.605932735499179
6212.0,3.7423557543474053,3.852381491148519,0.6063790026172993
6213.0,2.7608323737049787,3.8436918367913773,0.6067948199233378
6214.0,3.4514381872579,3.85109284509052,0.6071015790759717
6215.0,2.1393090246795,3.8388967964989873,0.6074850722078893
6216.0,2.4895404653513875,3.842490145659602,0.6077227732106314
6217.0,1.6729695094202262,3.834639788711505,0.6079993888178926
6218.0,3.6300811866253246,3.8540143075306545,0.6081852743189393
6219.0,1.6332333360408096,3.8350870262408976,0.6085886166730088
6220.0,4.356445431172316,3.8620943496046536,0.60877008704368
6221.0,2.1052072896002194,3.8410761857319233,0.6092541365360324
6222.0,2.525635705020418,3.8453407258959986,0.6094880484570991
6223.0,3.448410025817918,3.854897732853231,0.6097686746465458
6224.0,2.5298305264869776,3.8466203762621,0.6101518313160812
6225.0,2.127614607143362,3.842919803675161,0.610432923596802
6226.0,2.4624706902394107,3.8463380186142393,0.610669325219818
6227.0,3.61727294194698,3.858170876371566,0.610942933074289
6228.0,1.6714347223291182,3.839722944677097,0.611344852290061
6229.0,2.342203740908419,3.8462078494378176,0.6115305672592086
6230.0,2.512858409171844,3.8481230111135996,0.6117908121193095
6231.0,3.5807314944095703,3.859119907406994,0.6120700186092175
6232.0,2.3751932826607045,3.8480531329191345,0.6124678776641519
6233.0,4.760373868117153,3.872125188186528,0.6127317880288919
6234.0,2.304326777856131,3.8492838273064054,0.6132607184586827
6235.0,2.2028954519934,3.8484222327253037,0.6135167547673334
6236.0,2.2862098479778354,3.849348228273946,0.613761520928666
6237.0,0.8541982141774873,3.835178086221777,0.614015544245108
6238.0,1.2040914415516437,3.837932263454455,0.6141104551577944
6239.0,1.8366663878261336,3.843753057827458,0.6142442430957445
6240.0,3.919787311062662,3.8644918721240997,0.6144483171388363
6241.0,2.4585924257974874,3.8511024403566916,0.6148838490622877
6242.0,1.8941947629803668,3.845747713868108,0.6151570259984874
6243.0,4.033168432008244,3.867073502868395,0.615367492083263
6244.0,4.438971416115326,3.87241707737939,0.6158156219090417
6245.0,4.069228076134701,3.87024222599562,0.6163088409552767
6246.0,1.433637503456053,3.8451551022024,0.6167609774081806
6247.0,1.8809392247579302,3.849226322073003,0.6169202704641201
6248.0,4.7671700878933985,3.877981575189628,0.6171292637113155
6249.0,2.8014246150000277,3.8600364872632134,0.617658949276637
6250.0,2.165466168879902,3.854130716511231,0.6179702186783037
6251.0,3.3979349516635464,3.8665084898969386,0.6182108260304015
6252.0,3.7591238341976405,3.870952460403979,0.6185883743583641
6253.0,1.7856880363396694,3.8522680620733345,0.6190060547843861
6254.0,2.774299948274914,3.861953255847685,0.6192044645662016
6255.0,3.6582000865213233,3.87122215002822,0.6195127201160099
6256.0,1.0496410675501835,3.846119818041594,0.6199191867922901
6257.0,2.5154318217826748,3.8601128642469824,0.6200358135775734
6258.0,1.107012933686606,3.8463026210259494,0.620315306002216
6259.0,1.2705243788414864,3.8473296135806603,0.6204383074392923
6260.0,1.7961249031496198,3.8520979982963057,0.6205794768147191
6261.0,3.096399422349338,3.86495843213938,0.6207790462484024
6262.0,2.0974717142023316,3.855651689496357,0.6211230906286634
6263.0,1.6894773437894923,3.8516212175973825,0.6213561430413526
6264.0,2.564443204156199,3.860169811812959,0.6215438627462181
6265.0,1.066296589666963,3.8455462962840987,0.6218288008800132
6266.0,3.0360040222923876,3.864660962577401,0.6219472782788651
6267.0,3.9142334524478875,3.874113706455238,0.6222846120591198
6268.0,2.4009949487649855,3.8601964970349365,0.6227195268871696
6269.0,2.2466887583747397,3.85890284522528,0.622986304103699
6270.0,2.966800441519462,3.8662582311316096,0.6232359361879629
6271.0,-0.03558677353943107,3.8368438653719377,0.6235655806814651
6272.0,3.171021820747334,3.8676306547164385,0.6235616265955163
6273.0,6.37735725468108,3.9004565681804513,0.6239139623533771
6274.0,2.3466547236065995,3.862915778743087,0.6246225576038973
6275.0,2.3510937078545866,3.8631523853842333,0.6248832970176313
6276.0,3.4295087501246044,3.8741344603203647,0.6251445296518374
6277.0,4.556665835247452,3.88628337407219,0.6255255861796291
6278.0,3.7187098055426686,3.879478568753259,0.6260318823835455
6279.0,-0.19450859822943833,3.841372770708438,0.6264450723619391
6280.0,3.204248547078434,3.873919185751674,0.6264234602954692
6281.0,5.714912681552093,3.899750587160592,0.6267794879118113
6282.0,3.2780513084493315,3.8776751055483665,0.6274144782097615
6283.0,1.0567476084103131,3.856190416733117,0.6277787061329225
6284.0,2.8522870305232675,3.873473854099959,0.627896122533857
6285.0,0.8991409358236662,3.8544163536351603,0.6282130433150263
6286.0,4.041004611586074,3.885081492453562,0.6283129478634512
6287.0,1.3051467649650932,3.8589614158169194,0.6287619483758496
6288.0,2.5928045433650286,3.8713436484013806,0.628906964683068
6289.0,1.4277749975101903,3.860022799680245,0.6291950540767752
6290.0,1.8169399280650111,3.8635134411920506,0.6293536957431652
6291.0,4.357688307325619,3.8887781089073705,0.6295555779573947
6292.0,2.6293214561171214,3.8729548850576068,0.6300397655470975
6293.0,1.8009969078428498,3.8650270647349063,0.630331912375555
6294.0,1.0684650363915966,3.8575374665805056,0.6305320231430931
6295.0,0.1603731420007044,3.847842277088549,0.63065074148047
6296.0,0.9358992080966417,3.85443136764687,0.63066856071847
6297.0,2.6399490518054725,3.870820202009045,0.6307725495193697
6298.0,3.7252922109033295,3.8821093111045957,0.6310658771917925
6299.0,1.7995606344722486,3.8639665636607443,0.6314797985485595
6300.0,4.463179500898768,3.8904944468426437,0.6316797497301675
6301.0,1.6031244722147164,3.863464931842028,0.6321756585636007
6302.0,2.202485346400151,3.8692120955103366,0.6323537835049579
6303.0,1.150529099578435,3.8588329370040246,0.6325985040990023
6304.0,3.73845216820982,3.884196098298831,0.6327263406656222
6305.0,5.121888267555709,3.899153783744418,0.6331417242398677
6306.0,0.2977287988297528,3.8528887338094875,0.6337108229362628
6307.0,2.067297414206627,3.8695037198905355,0.6337439039139106
6308.0,4.0809748088125435,3.8896964165921006,0.6339736036266002
6309.0,0.6913180982179985,3.8571243183253827,0.6344270452720238
6310.0,3.208354883713858,3.8814740060590256,0.634503858394048
6311.0,4.026840250259463,3.890438867791817,0.6348603422700162
6312.0,2.5977860179460466,3.877433527411821,0.6353077689644895
6313.0,3.187828838675166,3.8837049122487812,0.6355964118553724
6314.0,4.701127982659509,3.899578502017837,0.6359506150596697
6315.0,4.935533192626433,3.903605237813164,0.6364729626132984
6316.0,2.422540983706896,3.880280311227046,0.6370213551902569
6317.0,1.8345276883759585,3.874601637702417,0.6372905264106689
6318.0,1.3500248611578793,3.8695921899654784,0.6374943628204884
6319.0,3.7212051880358907,3.89284538047845,0.6376443655828393
6320.0,0.7852805527612896,3.8645304177441315,0.6380578328259544
6321.0,2.184282452510997,3.877709880890729,0.6381450862207056
6322.0,2.6283622136930824,3.8822395367026634,0.6383877842709846
6323.0,1.8712468591015567,3.8750407003026393,0.6386798245169505
6324.0,2.849775331273905,3.8847228176185764,0.6388877408346284
6325.0,5.7056416478659475,3.9138006140469814,0.6392043825381033
6326.0,2.348001762066822,3.882531962418624,0.6398383427211995
6327.0,1.955742965715763,3.8787741675031655,0.6400992318058737
6328.0,3.769164780477316,3.8968307111403364,0.6403165365798421
6329.0,2.7994795551819025,3.8882020719143493,0.6407353326665618
6330.0,4.29916971401422,3.903645620913044,0.6410463859504709
6331.0,2.705859524774648,3.8890985540231053,0.6415240714742503
6332.0,2.1894709900362086,3.8843021011249075,0.6418247225325586
6333.0,0.270343889881806,3.8651543411335485,0.6420679970870071
6334.0,0.47533163273532475,3.866049682104341,0.6420980352969939
6335.0,0.20537663696612185,3.862352378973941,0.6421508499228534
6336.0,2.9741739578552995,3.8888982590318304,0.642173669549183
6337.0,0.7971881501656755,3.867751023757112,0.642504133322278
6338.0,4.069471707399229,3.8997252222210554,0.6425927097834074
6339.0,2.537808206069942,3.8857331083254616,0.6430448733064518
6340.0,2.194766351122914,3.8826477422124936,0.6433268519960151
6341.0,1.4451811559945773,3.8752815124657056,0.6435707149239177
6342.0,3.2778234353377576,3.893271037248133,0.6437312906079171
6343.0,1.4943777255719857,3.876261915759739,0.6440954932118436
6344.0,1.268277494912649,3.8736980589973236,0.6442615351813515
6345.0,3.9854374007566857,3.900436673372588,0.6444024549030085
6346.0,2.9432764509687783,3.891300937905232,0.6448452812808704
6347.0,2.2063382146896595,3.8845456890753436,0.6451723119976447
6348.0,3.3017912309171455,3.8956466873443762,0.6454174606881657
6349.0,2.511164841388373,3.8885776090614765,0.6457843263804899
6350.0,2.9787664380646044,3.8935853510292664,0.6460633446961997
6351.0,1.4789401220306813,3.8792122248044443,0.6463943187448736
6352.0,5.087998261138278,3.9149815120994482,0.6465586454250992
6353.0,1.7754750404047188,3.88381155009569,0.6471239785652257
6354.0,4.445020408687471,3.9103538552898893,0.6473212535697151
6355.0,2.2639139383694045,3.8900737693613694,0.647815144726236
6356.0,3.508871394568703,3.902663802737092,0.6480666907193882
6357.0,3.4177793737826705,3.9026783203663618,0.6484565653187847
6358.0,3.933564693937557,3.908693768782676,0.6488363185825383
6359.0,1.449220366044819,3.8850221909444627,0.6492733813263092
6360.0,3.8445442515985775,3.908573469938591,0.6494344058114253
6361.0,4.8080498136393,3.9193236010414156,0.6498615773949362
6362.0,2.176633775947679,3.8947150185344275,0.6503958051520072
6363.0,2.543382583927653,3.898412233001949,0.6506376533493348
6364.0,1.8456916968998072,3.8917015219534834,0.6509202514142156
6365.0,2.066954684768625,3.8937445371071555,0.6511253282694267
6366.0,4.639278498665613,3.9194469665007743,0.6513549899010677
6367.0,1.2447068423372447,3.8871015292208253,0.6518704652898083
6368.0,1.322351472686535,3.887325517007432,0.652008766050068
6369.0,4.513626170517972,3.9187516264235436,0.6521556939914775
6370.0,3.2806855323604527,3.907953617501237,0.652657208010424
6371.0,5.150462811303155,3.9273875031488483,0.6530217286251307
6372.0,1.9369517027176835,3.8971548320641967,0.6535940022708311
6373.0,2.6578514215469617,3.9042216935990703,0.6538092191266887
6374.0,1.6741538202852446,3.894704602028874,0.654104535951305
6375.0,2.67912646080962,3.9044580983603745,0.6542905530424479
6376.0,0.2823791283946204,3.880837408228126,0.6545882337603156
6377.0,3.35619319581876,3.910419021917943,0.6546196092190261
6378.0,2.9043426043654224,3.906700849022274,0.6549925195741171
6379.0,2.4280566719176013,3.902446665606587,0.6553152243079354
6380.0,2.012044594250419,3.898493692407538,0.6555850083825929
6381.0,1.3815575157898756,3.8921378560205517,0.6558085688930652
6382.0,3.4096411400409514,3.911979795114766,0.6559620752837084
6383.0,1.036137517870742,3.88909309770857,0.6563409242992685
6384.0,3.139869890061554,3.909480397593393,0.656456050690143
6385.0,5.093064243511822,3.9297008748031432,0.6568049251223721
6386.0,4.3569018608053725,3.924246982247736,0.657370821149429
6387.0,0.6185900716616834,3.888280924273419,0.6578549213561852
6388.0,1.8290774245708714,3.8994378696861856,0.6579236535863698
6389.0,3.026813425694172,3.9112512161991835,0.6581268844113222
6390.0,2.412147597482062,3.9057017593524805,0.6584631970141771
6391.0,0.7507428521469737,3.889294821691021,0.6587312134138973
6392.0,2.981644939341864,3.9107713594873537,0.658814629286358
6393.0,2.487478881104626,3.9064189603130814,0.6591459231685072
6394.0,4.892906760754727,3.9307479912234218,0.6594223097108521
6395.0,2.183464121728192,3.905438941522767,0.6599659660176027
6396.0,3.960004231658239,3.923263191469063,0.6602085731422391
6397.0,0.9161394960875304,3.8940036357437933,0.6606485736124234
6398.0,1.2149883776293646,3.8962462468022374,0.6607503668897664
6399.0,3.4020774497618627,3.917579320233674,0.6608853655983918
6400.0,3.854663475759218,3.9229561375309996,0.6612633742039209
6401.0,1.3032590924070095,3.8985677325263803,0.6616916701456719
6402.0,2.5300967581048894,3.9103466437500303,0.6618364767114949
6403.0,0.7730260330886527,3.8930719209572446,0.6621175985735066
6404.0,2.273475217118151,3.907271009576206,0.6622034903549608
6405.0,3.5461534820301575,3.9201552143916207,0.6624560987124184
6406.0,1.956301876079819,3.9052160540989225,0.6628501157659773
6407.0,2.1887066175702463,3.9074905059152862,0.6630674826410973
6408.0,1.0877557521299352,3.8965845348575145,0.6633106722652717
6409.0,1.6895519829688428,3.9020196935924103,0.6634315340155084
6410.0,4.697638645267923,3.931912420241331,0.663619262013616
6411.0,2.591156114646416,3.912556449080246,0.6641412218630902
6412.0,1.2471152916867523,3.8994777132350125,0.6644291280980509
6413.0,2.1065350626025103,3.907589901916756,0.6645676964637939
6414.0,0.5032154735417973,3.8916291305598953,0.6648017559151942
6415.0,1.2323003848247347,3.897991272323833,0.6648576687455877
6416.0,4.200424673808067,3.927224562905749,0.6649945910105682
6417.0,2.3218969695167435,3.9098678384726457,0.6654613048632135
6418.0,4.863412720126508,3.935512317585804,0.665719293415382
6419.0,2.3808152018799302,3.912512032174583,0.6662596726065072
6420.0,2.45502662976063,3.913494407694028,0.6665242076289383
6421.0,3.301117698177654,3.9222439091922543,0.6667969883655783
6422.0,-0.8407344777742516,3.8816456971956623,0.6671637792209314
6423.0,2.7561741545669687,3.915827405938921,0.6670703642789565
6424.0,2.4387668899238104,3.9131620692456126,0.6673766058516861
6425.0,4.357548616893935,3.9326560053409287,0.6676475799505666
6426.0,3.7058492427045215,3.9276493330814843,0.6681317520191103
6427.0,1.0828853930664992,3.9024991595327982,0.6685435130460775
6428.0,4.0526732732844755,3.9316169730419452,0.6686638336453071
6429.0,2.172106843023756,3.914111556599888,0.669114130675672
6430.0,1.3694334671299437,3.9061872312519763,0.6693554758804524
6431.0,2.746379063589003,3.919559854578416,0.669507635154578
6432.0,2.246538305420227,3.915042120255367,0.6698127883838657
6433.0,4.423081642535655,3.9369718482649927,0.6700624037511346
6434.0,2.9257775356140123,3.923531830675623,0.6705538572669719
6435.0,2.757073651107507,3.9224161380301577,0.6708789436598179
6436.0,3.6258088535693,3.9315647254206527,0.6711852851766077
6437.0,3.86608952261589,3.934971644423404,0.6715881528270042
6438.0,3.479506367871624,3.932248471409131,0.6720177183295171
6439.0,4.274329341018692,3.941082133075522,0.6724043301481695
6440.0,3.2608530161422355,3.9323216975479016,0.6728792556305049
6441.0,2.7095643309083774,3.9275284983417342,0.6732415726322984
6442.0,4.0489650776100365,3.941289802124407,0.6735426353357327
6443.0,2.3863798248973267,3.925871692025228,0.673992520344356
6444.0,2.541558145430827,3.92757259462002,0.6742576736582334
6445.0,4.651971146621143,3.9489274373386465,0.6745400690077257
6446.0,4.527405159944039,3.949258934007,0.6750569546906836
6447.0,2.4897802413458465,3.930359449749502,0.6755599997084552
6448.0,1.933060528367979,3.9249703607750224,0.6758366419574936
6449.0,4.3289668752606225,3.948762215691359,0.6760514264606456
6450.0,3.5005229473940176,3.9418241576434574,0.676532422780119
6451.0,2.894476567746704,3.9365725446025612,0.676921369774274
6452.0,2.097659112262569,3.929025313450541,0.6772429782818014
6453.0,2.9146207233932424,3.9371155057776703,0.6774760515164971
6454.0,2.4728644251403717,3.9331399342261615,0.6777998982635408
6455.0,1.6695772755337552,3.9252709994654884,0.6780746609774453
6456.0,2.661302910734044,3.9348524517222567,0.6782601695636157
6457.0,2.8317800570495093,3.9368571215297687,0.6785558698870305
6458.0,2.030756166349711,3.929255341801225,0.6788705121155916
6459.0,3.629782110761897,3.9451510537850165,0.6790961516896304
6460.0,4.111040490388737,3.9508812420036836,0.6794994608130485
6461.0,3.7123721170692656,3.94810420507116,0.6799562430897583
6462.0,2.1546895184825066,3.9334716582911593,0.6803687288805438
6463.0,3.444776880235465,3.9463292789372306,0.6806081388270419
6464.0,2.59745174682505,3.938630353046317,0.6809908918137347
6465.0,0.9553175267925604,3.922444657389967,0.6812794975633819
6466.0,3.340911723122182,3.9455089013464653,0.6813856439552477
6467.0,2.682664551196185,3.939653462451465,0.6817568563689279
6468.0,5.741935002586635,3.97055387593846,0.6820549302079497
6469.0,4.3215885790982,3.95857906994588,0.6826929229860149
6470.0,3.388937696168155,3.9505560005618565,0.6831730994948036
6471.0,2.8114631266102244,3.9454828573714926,0.6835496481277112
6472.0,2.7046528188225225,3.9447486318518137,0.6838620329195568
6473.0,1.2453882454586154,3.9304242885291663,0.684162549899426
6474.0,0.3262659660001117,3.9205884264305566,0.6843009263711437
6475.0,1.4093011136480436,3.9302169561030005,0.6843371781451437
6476.0,2.440353727286962,3.940034825964482,0.6844937671577713
6477.0,-0.13192409776122993,3.914482581348862,0.6847649175719144
6478.0,1.8195977596590636,3.9325582997571513,0.6847502593388298
6479.0,2.1904837085944675,3.936085718068511,0.6849524368676808
6480.0,2.2307168081431774,3.936549391146927,0.6851958239464135
6481.0,1.6728455022648192,3.931062769869889,0.6854436813695406
6482.0,2.0731077320232494,3.9348123530004653,0.6856295530920145
6483.0,4.654867285154827,3.9606392787281353,0.6858598983955726
6484.0,3.3276816018632536,3.94900290520381,0.6863771058717009
6485.0,1.7996240288773129,3.934501265992313,0.6867468482719079
6486.0,2.4145652645475457,3.9404630723037952,0.6869468064973387
6487.0,2.4646083304346664,3.941171866545725,0.6872150915267329
6488.0,1.5400557078248112,3.9321688349515522,0.6874889368967811
6489.0,1.5385872278201818,3.931818635057848,0.6876600541976505
6490.0,3.763155025408391,3.9537406275980373,0.687831008334075
6491.0,1.97526952810398,3.936946266504802,0.6882491366702315
6492.0,1.1316295162114107,3.9284588768426416,0.688468611062243
6493.0,2.4460745699131965,3.9410304108907037,0.6885943476751554
6494.0,2.6475121914114044,3.943313574304152,0.688866133738479
6495.0,0.03411971975770589,3.917576104819455,0.689160301759747
6496.0,2.4490670527285086,3.9404812321734846,0.68916409283972
6497.0,3.5849749179353254,3.952140429430103,0.6894362114011343
6498.0,3.0640367319022914,3.947944325015561,0.6898345419475715
6499.0,5.287243893993714,3.9708500923734684,0.6901749904733384
6500.0,4.063886852890224,3.96067876996761,0.6907624620171154
6501.0,4.311167530938567,3.9644142856010136,0.6912140050007699
6502.0,6.000107419892908,3.9827046202114653,0.6916930236153186
6503.0,3.4476953272182476,3.9596217791085015,0.692359702217529
6504.0,2.7038377599158765,3.95298461082028,0.6927427794761087
6505.0,3.717175366789165,3.9634448985341986,0.6930432058938771
6506.0,1.8009544582562578,3.9452464534531604,0.6934562253790759
6507.0,2.634607899368712,3.953333734823694,0.6936563314299933
6508.0,1.6903404461521079,3.944176653363223,0.6939490656410342
6509.0,2.997480696953602,3.956942991439646,0.6941368812461622
6510.0,1.6851136399752247,3.944347098454029,0.6944699346569349
6511.0,1.6413393751728529,3.9436109200864347,0.694657169505821
6512.0,3.0168416163818805,3.957052543557049,0.6948395405475069
6513.0,2.327860699024291,3.950725036443803,0.6951747451715493
6514.0,0.0905985803540661,3.928478807670833,0.6954333963603297
6515.0,0.6805538483598881,3.9331055017598677,0.695443462869258
6516.0,1.0659168856731707,3.9360867327459266,0.6955190799635201
6517.0,1.3962851173575321,3.9387824529325424,0.6956375151730394
6518.0,3.0180291618482977,3.954616786777284,0.6957926579638569
6519.0,2.773673558839545,3.9528209201159017,0.6961279945373956
6520.0,3.8315992146239988,3.963888650496194,0.6964361804883777
6521.0,3.441002278677214,3.961132018335409,0.6968619137344471
6522.0,3.8398786952283226,3.9660099447037687,0.6972442473209668
6523.0,3.2604952393239035,3.9613453697267,0.6976709005093255
6524.0,2.762099136364362,3.9571126232976446,0.6980331777581392
6525.0,3.8741896778595697,3.968664622779158,0.6983400776621798
6526.0,3.6492659896751247,3.9675428018675576,0.698770543181942
6527.0,2.970119209442489,3.961723328174542,0.6991760171807948
6528.0,4.088839838575177,3.9734451067711345,0.6995060304262884
6529.0,-0.43223530312924563,3.929467716834689,0.6999603459639079
6530.0,2.1369210323244374,3.9535399773162867,0.6999123198191157
6531.0,-2.8822380820646636,3.903377903013054,0.700149755489374
6532.0,-1.059146403148037,3.918495252389756,0.699829506813589
6533.0,-0.5357562538115381,3.92182358667413,0.6997118238799059
6534.0,-4.312724212762828,3.8825180060202977,0.6996522954072603
6535.0,-0.736041032313405,3.914413271188712,0.6991731038280644
6536.0,-3.964306482532836,3.8805801742229913,0.6990913214911407
6537.0,-3.926519056951028,3.877415570766783,0.6986508429930816
6538.0,-2.792857127909206,3.8853034527807147,0.6982145630978648
6539.0,-2.8977580901657305,3.8815847217313895,0.6979042456392082
6540.0,-4.448021599646095,3.8633993160754603,0.6975822725180787
6541.0,-1.6876525331342913,3.887400142680061,0.6970880478958958
6542.0,-1.6507469690917476,3.885967435224736,0.6969005309477698
6543.0,-1.1824480047954116,3.888907120792324,0.6967171146178708
6544.0,-3.0418191622223314,3.8688978690829083,0.6965857315062268
6545.0,-2.5494783937155607,3.8712667281407445,0.6962477515993132
6546.0,-2.538033956128303,3.869183988250671,0.6959644762222337
6547.0,-0.39000569816441955,3.888515726926518,0.6956824724493306
6548.0,-6.042805978291523,3.8312271396840036,0.6956391384828678
6549.0,-3.6961804362363795,3.8504003385295817,0.694967715596391
6550.0,-2.4930739465102527,3.8596901471576786,0.6945570288812537
6551.0,-3.856962793644379,3.8441149897215117,0.6942800206649747
6552.0,-2.8229004465888967,3.851698445753423,0.6938514692434588
6553.0,-2.6575944204623867,3.8512928865850804,0.6935378136382822
6554.0,-3.322107635990586,3.842729289537599,0.6932425253693418
6555.0,-2.4194138423716596,3.8494543906088237,0.6928734022986762
6556.0,-1.7148134028027333,3.8548053226913668,0.6926045785384127
6557.0,-2.7953330562887526,3.8427759923130496,0.6924140437158791
6558.0,-3.0664934174609195,3.838182232391542,0.6921034511540692
6559.0,-2.70720614581734,3.8397547620477837,0.6917627296632403
6560.0,-2.5092954333069866,3.839973209017759,0.6914619289803716
6561.0,-4.6753994566680275,3.816704873318416,0.6911831183766708
6562.0,-1.9230576025484016,3.8412880583692615,0.6906636295481521
6563.0,-3.063751536808493,3.8287183638195867,0.6904499564812022
6564.0,-0.923081156486186,3.8482639291999146,0.6901095396437791
6565.0,-1.7611831554469066,3.839394994156827,0.6900069750708362
6566.0,-1.037416994725431,3.8456233805267592,0.6898112880535643
6567.0,-3.7637547421436355,3.817818949438175,0.6896960194985948
6568.0,-2.964233301484283,3.8235678911973316,0.6892778245272455
6569.0,-4.053073109321762,3.810971729573284,0.688948465271525
6570.0,-3.3814890111616576,3.815323267036704,0.6884981238149337
6571.0,-0.9348682193642603,3.837885111140016,0.6881224028136935
6572.0,-0.6406367775968811,3.840487903873973,0.6880185285670974
6573.0,-3.9351666185055745,3.807388297483373,0.68794734670292
6574.0,-3.0728470853966043,3.8137873071629613,0.6875101059675305
6575.0,-2.5952445900299366,3.816915709133631,0.6871686785135975
6576.0,-1.7679929477377734,3.8238648505748976,0.6868803180035942
6577.0,-4.6997628294206155,3.7937612271142624,0.6866838743427344
6578.0,-4.503750101910548,3.79310430310261,0.6861616784727987
6579.0,-1.8879673201594969,3.816810223787903,0.6856612617948087
6580.0,-4.936298211147406,3.785555000863456,0.6854514876481242
6581.0,-3.0584967576735878,3.801655916458146,0.6849030100691079
6582.0,-2.297385239301449,3.807810728485993,0.6845631770960331
6583.0,-1.9804175375836035,3.810021353961873,0.6843079120694441
6584.0,-2.67714761942979,3.8023042517241112,0.6840878656763792
6585.0,-2.957195898809413,3.7983232661558297,0.6837904048297759
6586.0,-1.4442864253544008,3.8121105302816933,0.683461827507686
6587.0,-2.143492592042803,3.804743148288657,0.6833013512382022
6588.0,-3.308770777439325,3.792275625133953,0.683063185394642
6589.0,-2.452846379147202,3.799296437871321,0.6826955441971487
6590.0,-2.021038721679759,3.8026338955131687,0.6824230057105768
6591.0,-0.3522034481857732,3.8186228771943105,0.6821984458526124
6592.0,-1.5170954146355258,3.8073267161388293,0.6821593121361472
6593.0,-0.9818039300575703,3.8122870897322234,0.6819907459789655
6594.0,-3.2632592453745373,3.7894153611769656,0.6818816566534035
6595.0,-3.155228632818753,3.789000383060021,0.6815190722928063
6596.0,-2.794224991016238,3.791202927069575,0.6811684913336042
6597.0,-2.6794658082977048,3.791187776041395,0.680858021890158
6598.0,-3.760031197253613,3.7793049764009745,0.6805603034670138
6599.0,-0.9175829668039772,3.8059862616344655,0.6801425222228745
6600.0,-1.39581045280151,3.8012683837831727,0.6800405685598963
6601.0,-2.882097326626884,3.7861604239249194,0.679885478509585
6602.0,-1.697861688732683,3.7968215438149455,0.6795652454732931
6603.0,-2.2213760462452026,3.7911619407720463,0.679376594174545
6604.0,-1.6002150238357817,3.79662029699698,0.679129774613851
6605.0,-4.180383904407037,3.770460866424697,0.6789519729445359
6606.0,-2.6820763414967934,3.783465776514935,0.6784874858440463
6607.0,-2.572548159882244,3.7835514163563917,0.6781894773616578
6608.0,-1.720447375485436,3.7911418279564146,0.6779036386772265
6609.0,-3.2855470014776667,3.7751036682215005,0.677712477857728
6610.0,-5.624913405102996,3.750339560590162,0.6773474170797861
6611.0,-3.8521246471036505,3.7652461487274063,0.6767224267014413
6612.0,-2.576309982138634,3.7763389307632704,0.6762944128517632
6613.0,-2.4201447181208353,3.777057627451721,0.6760081561870811
6614.0,-0.3953148467187697,3.7965675169133513,0.6757392512184011
6615.0,-1.7715669491773762,3.7833416200515204,0.6756953273465435
6616.0,-2.3980871509606385,3.7767305549052628,0.6754984865744127
6617.0,-2.540489095976797,3.7745650878614745,0.6752320324465282
6618.0,-1.1197707722878838,3.787946348352496,0.6749497558803086
6619.0,-3.2376380651967978,3.766839566723998,0.67482533690561
6620.0,-2.6753547346757487,3.771195271937442,0.6744655993428104
6621.0,-3.861572650172877,3.75843341362322,0.6741683377056241
6622.0,-0.7263674391308701,3.788149288330334,0.6737392740778272
6623.0,-2.009376328747983,3.775671478704019,0.6736585665845904
6624.0,-3.384404120004932,3.76145290852211,0.6734353025480629
6625.0,-2.643068762897885,3.7675349910002764,0.6730592576458402
6626.0,-1.8629365459921496,3.774485910674214,0.6727655833388515
6627.0,-2.8133986409028444,3.7646270996430444,0.6725585903892968
6628.0,-3.1680882771407513,3.760127197388246,0.6722459905403075
6629.0,-3.3178421074804145,3.7574627593038064,0.6718939807317363
6630.0,-2.0762976259486066,3.768629901135076,0.671525331608683
6631.0,-2.9475678490133563,3.759461855925441,0.6712946318724665
6632.0,-3.0671971684534327,3.7572627889276307,0.6709671243336872
6633.0,-4.170077193819257,3.7451655377077713,0.6706263246483035
6634.0,-2.402949279341038,3.7610869330899463,0.6701629827378791
6635.0,-2.7265292984898855,3.757233074064857,0.6698959883735078
6636.0,-2.902060435802456,3.7546586667668276,0.6695930406736756
6637.0,-2.251536653139102,3.76024038723477,0.6692705895141421
6638.0,-1.5649971715801276,3.7665980401613472,0.6690204187749044
6639.0,-1.6230431600744144,3.7659404833846284,0.6688465302002844
6640.0,-1.8090893738752967,3.7639584577474268,0.6686661920713872
6641.0,-2.8008378482946514,3.7537955446711635,0.6684651821409566
6642.0,-3.2087479199265525,3.748844005235288,0.6681539779355905
6643.0,-3.804894551653047,3.7417610637602134,0.667797450388932
6644.0,-3.2414456341726026,3.7459115092007464,0.6673746843276372
6645.0,-2.475437381079288,3.752459174479959,0.6670145237016181
6646.0,-3.4828576520656034,3.7417642740612376,0.6667394751037203
6647.0,-2.3799285761031963,3.7515427299191035,0.6663524909201575
6648.0,-3.7068208473898303,3.737728584803235,0.6660880544117016
6649.0,-4.576239861258777,3.727657113764982,0.6656761854286583
6650.0,-1.4757423489190062,3.7567551879458354,0.6651677143329628
6651.0,-3.0930182442073058,3.7406464253492664,0.6650037429608607
6652.0,-3.5462920665298636,3.73515189087816,0.66466007426706
6653.0,-3.867308926621798,3.7307035444508982,0.6642660418152233
6654.0,-1.9712050315869996,3.748238074737513,0.6638363408233764
6655.0,-0.7813653606650408,3.7599161107297165,0.6636173180420889
6656.0,-3.0038423262576806,3.738211581894992,0.6635304996686817
6657.0,-2.769454218328227,3.7396617048074505,0.6631967394102086
6658.0,-1.1604602001386597,3.755011723734801,0.6628890222748388
6659.0,-4.763057130447891,3.7192592564362528,0.6627600822526012
6660.0,-0.04141419635916632,3.764473971905098,0.6622308536825514
6661.0,0.5551253779079617,3.771427506178604,0.6622262521051782
6662.0,-5.882921911775103,3.708381331007511,0.6622879327027235
6663.0,-2.621879036145946,3.7382523853224248,0.6616342747125262
6664.0,-3.398683789836954,3.7298323956285677,0.6613429548196211
6665.0,-2.8309647136309173,3.7343727032232956,0.660965323287417
6666.0,-3.022981337019904,3.7316832731042715,0.6606507716525691
6667.0,-1.485301126900802,3.746174882658954,0.6603148848373447
6668.0,-2.6407123837099884,3.7347070350927383,0.6601498513788001
6669.0,-3.6386340177499457,3.7240778270920387,0.6598564388917212
6670.0,-2.715231451618905,3.732038149196254,0.6594521462230823
6671.0,-1.8565197037969878,3.739944877511935,0.6591504538395692
6672.0,-3.9796516597066023,3.7185748295057133,0.6589441738724806
6673.0,-4.557792111212476,3.711315451824543,0.6585019903547354
6674.0,-0.009071498955850021,3.7549796566560927,0.6579955690090452
6675.0,-3.3030333496355455,3.723094992859352,0.6579945610647168
6676.0,-2.6716912336494034,3.728367221776188,0.6576275573592018
6677.0,-2.9972442572819658,3.7244762204281416,0.6573307027776851
6678.0,-1.8148903698973224,3.7354620680241806,0.6569976756379872
6679.0,-0.28401259613619523,3.750680779514322,0.6567960211524431
6680.0,-1.7750826978383947,3.73663245818761,0.6567644641973168
6681.0,-4.397956434424989,3.7103049710517215,0.6565672327864459
6682.0,-4.230154283760662,3.710230996777813,0.6560785709603987
6683.0,-2.9987059691586455,3.7209218393131107,0.6556085538177586
6684.0,-2.8352914994165834,3.7217255156646476,0.6552753642656299
6685.0,-4.652439086933251,3.702831815173658,0.6549603318768059
6686.0,-1.4758238497819494,3.7327393028560873,0.65444339420048
6687.0,-3.857900697351848,3.7090776551256917,0.6542794137727265
6688.0,-0.6333730473428056,3.7399746711143584,0.6538507581396874
6689.0,-0.22420925349284904,3.7447564013979604,0.6537803833566493
6690.0,-2.8103169157902217,3.719819536672885,0.6537554712173723
6691.0,-1.9512841994772692,3.727684760845026,0.6534432137822845
6692.0,-4.039934027605252,3.706616158242933,0.653226404426787
6693.0,-1.720404591901107,3.728312839181283,0.6527775228681643
6694.0,-3.1227405292929626,3.714264581387472,0.6525863668023975
6695.0,-3.859044151985442,3.7059877808031736,0.652239395632476
6696.0,-2.86166873531623,3.71459332356833,0.6518106129489221
6697.0,-3.082185010506704,3.711661620705769,0.6514926497561091
6698.0,-2.906449253754693,3.7125579951233756,0.6511501847549417
6699.0,-1.3129001214795513,3.7277491536768923,0.6508272459489689
6700.0,-3.481634490794666,3.7063215112801835,0.6506813681576934
6701.0,-0.33122125028265526,3.7367102414168505,0.6502945198809384
6702.0,-4.156324541031692,3.6993316441435318,0.6502577175197959
6703.0,-0.48071215852675575,3.7345345854887873,0.6497959036819034
6704.0,-3.770638277383367,3.702407758253403,0.649742491219845
6705.0,-2.5012665406707697,3.7137860154697484,0.6493235314112468
6706.0,-3.1127451418475247,3.70716732530706,0.6490456129067278
6707.0,-2.9296608394223185,3.7081106118782747,0.6486997523354114
6708.0,-1.498303454555564,3.7216586210400924,0.6483742344643645
6709.0,-0.6252165034639867,3.730526821541067,0.6482077563027472
6710.0,-1.0118441188054474,3.7273337803130038,0.6481382878023623
6711.0,-3.0060704154273097,3.7078004843827057,0.6480258606780506
6712.0,-2.2696809719943083,3.714305512898251,0.6476918528541142
6713.0,-3.4775973420854527,3.701836511956916,0.6474396660794483
6714.0,-3.7394378907183685,3.698068676267416,0.6470532663747721
6715.0,-3.9328761321608363,3.6948329434820515,0.6466377732758034
6716.0,-3.0469666337301615,3.7022844115308997,0.6462007870388966
6717.0,-2.1879929612313225,3.7100393155503193,0.6458622351907044
6718.0,-4.8897689496893815,3.682731903031419,0.6456191248616787
6719.0,-2.557942128225957,3.704061476171074,0.6450758172006021
6720.0,-0.6049685943130942,3.7230931601433386,0.644791601408577
6721.0,-1.0976111636573436,3.7188938485451866,0.6447243826758756
6722.0,-3.2314800956583323,3.6979503575852464,0.6446024258799137
6723.0,-4.246091136603482,3.6868441258598583,0.6442433725359517
6724.0,-1.9252121169189667,3.7084649452104155,0.6437715846318846
6725.0,-5.396785312759375,3.6736377239516655,0.6435576721744491
6726.0,-1.1123073551466534,3.7141857053394975,0.6429580293619204
6727.0,-2.7669843223540505,3.6980636693876354,0.642834439655793
6728.0,-0.2108745992782488,3.7229940639810635,0.6425269969533093
6729.0,-4.658706856970582,3.6794912390742227,0.6425035664422784
6730.0,-1.3523172184902084,3.710712670475648,0.6419859323470594
6731.0,-2.625636046017748,3.698236612836817,0.6418356748783383
6732.0,-2.9138131643401004,3.694799121163598,0.6415439375398918
6733.0,-4.212304331515181,3.6810789064406007,0.6412201805216318
6734.0,-1.7553151166103544,3.7041033440951088,0.640752146707019
6735.0,-1.6548282690289278,3.7051238559831794,0.6405571116940623
6736.0,-0.26859024754263805,3.7190554328461856,0.6403732418863923
6737.0,-1.2399371714242595,3.710270532541795,0.6403433985255542
6738.0,-3.242369161194669,3.6905391530471774,0.6402056277287294
6739.0,-3.7548282295218938,3.6844369317567867,0.6398453644885966
6740.0,-4.210614291902983,3.678589348324476,0.6394281613519831
6741.0,-0.6584695679506622,3.7125502493123235,0.6389603153195494
6742.0,-3.4727178553473323,3.685095977889339,0.6388871520342216
6743.0,-0.6497126637858661,3.712226821446796,0.6385012944947386
6744.0,-1.8436599489224168,3.7009709316459865,0.6384291041987624
6745.0,-2.0876213980075495,3.6984443014680823,0.6382242530933266
6746.0,-2.883585390700373,3.6902375372208454,0.6379922951602147
6747.0,-1.6741588587471865,3.701581263641987,0.6376718967834702
6748.0,-2.519338453546003,3.6931431074657786,0.6374858791324983
6749.0,-2.961516614336013,3.6881958699264135,0.6372059526376599
6750.0,-1.6299940166897497,3.700709455883181,0.636876895236067
6751.0,-2.679965136526413,3.6902498997582462,0.6366957847897682
6752.0,-3.4979184734235336,3.681442500384899,0.6363980108857097
6753.0,-1.750216530674186,3.697781652370269,0.6360093532775515
6754.0,-2.5799820695357067,3.689455308134221,0.6358148847741433
6755.0,-1.8888624853027443,3.6958092219281182,0.6355282200997504
6756.0,-3.0673248229427332,3.683902822943393,0.6353183464902723
6757.0,-4.011401630851195,3.6735947066989465,0.6349775326210565
6758.0,-0.3311575468571557,3.7089451407212497,0.6345318213287396
6759.0,-0.5667357365455321,3.707464877642847,0.6344950260457555
6760.0,-1.3952687984225485,3.6998825210078397,0.6344320554083616
6761.0,-2.9847633567178415,3.684149378495257,0.6342770255418702
6762.0,-2.8753974664513406,3.6843964205808906,0.6339453851689015
6763.0,-0.7720906926294191,3.7046591163173384,0.633625896561518
6764.0,-2.9422875469592666,3.6835126126768816,0.6335401087067815
6765.0,-3.2906950454341217,3.6792039753801555,0.6332131878682304
6766.0,-0.15970665545443374,3.709477995130433,0.6328475550854045
6767.0,-2.5595971020173405,3.686418850311392,0.6328298099014651
6768.0,-0.2894683393576929,3.708528688886655,0.6325454102234631
6769.0,-4.247989888362502,3.6697794486098863,0.6325132470746456
6770.0,-1.8522688965193728,3.692065629667088,0.6320412481981609
6771.0,0.08885324902076874,3.711332205093115,0.631835440542992
6772.0,-2.4628115691764227,3.6868836601399404,0.6318453131262165
6773.0,-2.8300056153347453,3.682651307583526,0.631571667396308
6774.0,-3.9596898969980243,3.670566488132212,0.6312572223279375
6775.0,-1.147071181955941,3.6972029259072885,0.6308172567838266
6776.0,-3.462660103300859,3.6743419520675324,0.630689804430276
6777.0,-2.618510699237486,3.6816122984227713,0.6303050644187981
6778.0,-4.043127849740764,3.6667386530822275,0.6300141187855495
6779.0,-0.5538817498782092,3.7001136736089952,0.6295648823578005
6780.0,-1.0563933615928967,3.695780676600713,0.6295033399411474
6781.0,-2.5394809365164135,3.6813059293692927,0.6293859629009704
6782.0,-3.94268616948366,3.666685172826686,0.6291037983524685
6783.0,-0.5801161884467099,3.698845059724166,0.6286657221114148
6784.0,-2.957414658808934,3.675735531840009,0.628601264757143
6785.0,-3.881506051021898,3.6656464750119833,0.6282726631283864
6786.0,-4.70264751559068,3.656015230155304,0.6278413846782728
6787.0,-3.3074564148672185,3.6680507355552123,0.6273188682876516
6788.0,-4.318297653162425,3.656928970200429,0.6269513731304441
6789.0,-3.278526045653531,3.6656898629436556,0.6264715622800927
6790.0,-1.569489082877856,3.681818002026196,0.6261072816083534
6791.0,-2.9692502049690415,3.6679400226056726,0.6259328939324781
6792.0,-2.0553832723578616,3.676309572000854,0.625602977243037
6793.0,-3.4041683244152896,3.6626320166693054,0.6253746013238861
6794.0,-2.418538667044711,3.6714476247083465,0.6249963603989511
6795.0,-0.09887397239247342,3.6942330621797628,0.6247276338803907
6796.0,-2.935607597533621,3.6669092847824967,0.6247166478834582
6797.0,-2.0194632029754267,3.67530691120775,0.62439046926151
6798.0,-4.456909034335548,3.650749577273382,0.6241660844611794
6799.0,-0.5998673469789118,3.687603148805981,0.6236708723462532
6800.0,-3.0965082861810815,3.6633636702206327,0.623604220418811
6801.0,-1.1868329376168738,3.6815992868484013,0.6232601639425687
6802.0,-2.6539753696986317,3.6672728557465173,0.6231282936161668
6803.0,-1.735525793723992,3.675867412358286,0.6228334074639781
6804.0,-1.6612344659862492,3.676599658217149,0.6226405712646754
6805.0,-3.065550424390896,3.6625847306021364,0.6224559896573436
6806.0,-1.135116955297685,3.681027835974691,0.6221153729435224
6807.0,-3.4487310799913744,3.658249843298935,0.6219892488373782
6808.0,-1.5275822249655713,3.676353425770061,0.6216060564951569
6809.0,-2.987756617708164,3.661861965485883,0.6214363251368273
6810.0,-2.063052564209925,3.670293326344649,0.6211043521793043
6811.0,-3.077491252942826,3.659920848502366,0.6208751241166143
6812.0,-2.4375300316167556,3.665452373709512,0.620533180644065
6813.0,-3.8433671271147087,3.6509358099078604,0.6202623439738854
6814.0,-2.190553769139007,3.666124419844331,0.6198353031819838
6815.0,-2.4447652063005174,3.6632968331050018,0.6195919083187461
6816.0,-3.175191942590591,3.6555450057884946,0.6193202677402683
6817.0,-2.5687849579878703,3.660703668840566,0.618967468635536
6818.0,-2.3324944047901126,3.6625505605693807,0.6186820480846484
6819.0,-3.27044631658139,3.6528049370074616,0.6184228820396718
6820.0,-2.6609482196620866,3.657944198237273,0.6180594991156072
6821.0,-3.756939926118651,3.6464207818564796,0.6177638382023114
6822.0,0.43216629870125933,3.687063173817741,0.6173464004327427
6823.0,-1.1761016747397688,3.6723753241877235,0.6173944189103762
6824.0,-2.158632367960561,3.662901922625096,0.6172637409465161
6825.0,-1.0348588406541313,3.6738608199290925,0.6170238929056316
6826.0,-4.974065595854722,3.634892514758988,0.6169089085900034
6827.0,-5.697099672292508,3.625598928221382,0.6163562346349084
6828.0,-2.999113827187383,3.6500925755489924,0.6157232235602093
6829.0,-4.223205179502636,3.6370965038556866,0.6153899886905217
6830.0,-2.7957569055604115,3.6498537507936204,0.614920743670577
6831.0,-2.2429291992563765,3.6547804161876187,0.6146101040144036
6832.0,-1.3494818770742358,3.663463056105904,0.6143608896589307
6833.0,-3.9228299803440168,3.6380347529874904,0.6142109472281446
6834.0,-2.0004616422999106,3.655935207296342,0.6137750772303286
6835.0,-2.4820128835597095,3.65101902952651,0.6135528037145176
6836.0,-2.0656133625836444,3.6547739079666792,0.6132770245052331
6837.0,-3.149714938442,3.6437844897851552,0.6130475119093906
6838.0,-0.7710810751723498,3.666736881160559,0.612697543582897
6839.0,-2.629385810537158,3.648819686196331,0.6126118679078778
6840.0,-0.282272220620289,3.6717703218375077,0.6123197139289293
6841.0,-3.4879858171027793,3.640667041439311,0.6122883503488603
6842.0,-1.571465825055558,3.658749194322815,0.6119007963691823
6843.0,-2.5745856007006607,3.6488497610479644,0.6117261890552872
6844.0,-2.9096780208334545,3.644990997326012,0.6114401239885426
6845.0,-1.7096058244155667,3.656275336905388,0.6111168264306722
6846.0,-2.8739668489869867,3.6446738570778656,0.6109268702279593
6847.0,-5.82745667144666,3.614442031924837,0.6106075405780719
6848.0,-6.328585153967884,3.6068859649664886,0.6099600453923556
6849.0,-0.9094722996449387,3.6582572729460705,0.6092568692641369
6850.0,-0.9621769276503802,3.65835465539121,0.6091558167863986
6851.0,-0.14082381718006642,3.667139654322631,0.6090489082388819
6852.0,-2.521910310352722,3.644396857290569,0.6090332611480841
6853.0,-4.115793502497365,3.62800438000432,0.6087530488913783
6854.0,-3.024479803313752,3.6374644512694863,0.6082957385022119
6855.0,-2.485719355798359,3.6421028206928225,0.6079596851907325
6856.0,-3.7587977803563866,3.62896678261884,0.6076834941511994
6857.0,-0.4392815962826666,3.660957476982032,0.607265849953382
6858.0,0.29937859955467117,3.6692367065235034,0.6072170408871284
6859.0,-1.9021491240872779,3.648552964932164,0.6072503051759678
6860.0,-2.513579683372745,3.6423564474290107,0.6070389552732914
6861.0,-4.11870872309304,3.6258332883472004,0.6067596686418055
6862.0,-0.5669576298049359,3.6598730668726804,0.6063020343392397
6863.0,-2.404616486438692,3.6422670452522703,0.6062390390470391
6864.0,-2.861455498013265,3.6372943318343745,0.6059718594374348
6865.0,-1.898532389156828,3.6462326295896563,0.6056539199376556
6866.0,-3.232139411236482,3.632815121620722,0.605442971894416
6867.0,-2.316406033597727,3.641048303908808,0.6050838452931675
6868.0,-4.303083563557075,3.6208416017895244,0.60482646684499
6869.0,-1.1411410134344573,3.650873402027097,0.6043483464490392
6870.0,-2.6305138014195917,3.6363978232345437,0.6042215530031021
6871.0,-1.0514989242074853,3.6516562738388636,0.6039292736918332
6872.0,-2.7514202223020243,3.6351184041970868,0.6038124404780324
6873.0,-2.670249635979973,3.6353088297527125,0.6035067271199989
6874.0,-4.015396785364947,3.621291120812577,0.603210032716001
6875.0,-1.550303783727321,3.6445349045107953,0.6027638775176272
6876.0,-3.5947999425288644,3.624248067440011,0.6025916215416575
6877.0,-3.108027966499036,3.6279806569147697,0.6021921993258209
6878.0,-2.498691017396829,3.6332578376849165,0.6018468628850988
6879.0,-2.3484697703883044,3.634333703054469,0.6015692305498325
6880.0,-4.632621175272199,3.6111603601344746,0.6013082894642338
6881.0,-2.7885073318600204,3.6278350580370957,0.6007935537780924
6882.0,-1.5059622266953583,3.6400761912569095,0.6004837196301079
6883.0,-2.972922543154878,3.6256299914543835,0.6003163904938085
6884.0,-2.780914692766652,3.626841129882492,0.5999860657667913
6885.0,-2.2969924364465917,3.6310972990425903,0.5996770752453727
6886.0,-2.6574505406837488,3.6272163427468795,0.5994218538635453
6887.0,-3.788144377984506,3.615404233625286,0.5991265815812471
6888.0,-2.5454326545836308,3.626618380886018,0.5987056766503599
6889.0,-1.2574085374926298,3.6390800753775228,0.5984228507998506
6890.0,-3.813969934083863,3.6139039647755076,0.5982831387401292
6891.0,-2.9681023618572726,3.62113306672587,0.5978593643030088
6892.0,-4.227039154918847,3.6078598964029394,0.5975295751516914
6893.0,-1.3232725618870687,3.6354287142116335,0.5970599041344782
6894.0,-2.6154477585473486,3.62287934534563,0.596912873849824
6895.0,-3.562749542007329,3.612953097540437,0.5966222685433188
6896.0,-2.384667999821028,3.6236868529081536,0.5962264074830957
6897.0,-4.004500268619315,3.6071921482765545,0.5959614443720045
6898.0,-3.7918694143255083,3.608003300552957,0.5955164998977135
6899.0,-4.325166912314726,3.60150500079319,0.5950951810738996
6900.0,-3.83347404694675,3.6049355247838943,0.5946146069725313
6901.0,-0.8033280200002422,3.634078442764345,0.5941886654117594
6902.0,-3.416397914103245,3.6087035431238004,0.5940994067428705
6903.0,-1.9172185966856516,3.6227892745678143,0.5937198069746369
6904.0,-3.545376774944902,3.6065508304378167,0.5935067826861162
6905.0,-1.550582817795976,3.6255113187735835,0.5931128519333446
6906.0,-3.7826025011641446,3.6034653602279785,0.5929405649535895
6907.0,-2.4509650902978044,3.615642242020897,0.5925202757867934
6908.0,-2.433935862663814,3.615521507200796,0.5922479463323159
6909.0,0.4097566705332394,3.643675262845974,0.5919775090142422
6910.0,-1.7119683900247937,3.6239561099435034,0.5920230375331903
6911.0,-3.241130017911592,3.6087955172263344,0.5918328188231875
6912.0,-1.6436887954368575,3.6239312548100755,0.5914726932656418
6913.0,0.1727180881065098,3.6422666896669673,0.5912900611772599
6914.0,-4.537045113105369,3.596469114527358,0.5913092520759384
6915.0,-3.553102553210908,3.6046218231380274,0.59080513595226
6916.0,-2.796121948891617,3.6111460241009503,0.5904103467796811
6917.0,-3.021360283927439,3.6083347020325482,0.5900996665631375
6918.0,-2.9159458729123435,3.608691215755511,0.5897639598649234
6919.0,-4.130290331991554,3.5959214610922254,0.5894399658790442
6920.0,-0.7450549330624847,3.6283894210484924,0.5889810447310452
6921.0,-4.278260748095774,3.5938147784686683,0.5888982608495937
6922.0,-2.7502660120281237,3.607613392106556,0.5884228985442498
6923.0,-1.1927117602991277,3.622685972855622,0.5881173134318022
6924.0,-2.5377310714323156,3.609711489420591,0.5879847899028801
6925.0,-3.724242708628461,3.597461501242185,0.587702819783832
6926.0,-4.185844570467447,3.591715542170449,0.5872890150384288
6927.0,-2.7874989950347278,3.604292608721374,0.5868239211972658
6928.0,-3.4462869573130828,3.597193883497345,0.5865141990867063
6929.0,-2.2434611353712777,3.6082994374874167,0.5861312783136715
6930.0,-4.251813934655225,3.588056985119463,0.5858820048541858
6931.0,-1.4837053288904727,3.6143139580302273,0.5854095810836686
6932.0,-2.355563096044419,3.605926403918098,0.5852447249360141
6933.0,-2.2627045070594036,3.6066247388205963,0.5849829957031203
6934.0,-0.6986540271999788,3.622089512284086,0.5847315840912248
6935.0,-3.0472443729648324,3.599404492440694,0.5846539558659803
6936.0,-3.40727086841653,3.5951088187689373,0.5843153731578732
6937.0,-3.1847045354335917,3.596418325080827,0.5839367875058269
6938.0,-2.7406582119040723,3.600091465226764,0.5835829314463342
6939.0,-2.613706118489161,3.6008786394207912,0.5832784138672338
6940.0,-3.5383721707522167,3.5912303408457036,0.5829880020762905
6941.0,-5.028856566291324,3.5753432617338063,0.5825948496128737
6942.0,-3.2011612510987977,3.591713122624795,0.5820360877721746
6943.0,-2.0502179171413877,3.602489546893363,0.5816804031887192
6944.0,-2.3296771171831345,3.5996894876736008,0.5814526011979256
6945.0,-1.0005569127177163,3.612791801616556,0.5811937481849053
6946.0,-0.05564182004526419,3.622881375493932,0.5810825751946034
6947.0,-1.5508327856769146,3.609142848777137,0.5810763927701539
6948.0,-0.7718491969897177,3.6171776168541214,0.5809040780161898
6949.0,-1.5415321346711,3.610202312846534,0.5808183169943021
6950.0,-0.3626259300907706,3.6222091129282346,0.5806470356460053
6951.0,-0.18643295713591534,3.624917084689997,0.5806067438759952
6952.0,-1.3110435365263415,3.614702827624584,0.5805860291029801
6953.0,-1.6170248169692683,3.6119431350445175,0.5804403575989215
6954.0,-2.756540214921709,3.6006437553823503,0.5802606881748138
6955.0,-2.5516716012048875,3.602064775357938,0.5799544059287114
6956.0,-2.9222966641878276,3.59786437418881,0.5796708868619108
6957.0,-1.7234354863811803,3.609128766711546,0.5793461872325566
6958.0,-3.4004350466991857,3.5923934599388527,0.5791546944007364
6959.0,-2.7388827622248875,3.5979841048628685,0.5787768682844365
6960.0,-5.443962356472875,3.5703357943971015,0.5784725479775227
6961.0,-0.34613763153436317,3.6190235787182217,0.5778676632712479
6962.0,-2.775593228232898,3.595672637066066,0.5778292035344108
6963.0,-1.930524453329279,3.603518107239066,0.5775208042868294
6964.0,-0.6777666316107469,3.6159750095591536,0.5773063015697928
6965.0,-2.1246332031985253,3.6022160890002004,0.5772309941662804
6966.0,-0.6945703723832108,3.6162986874088676,0.5769949238103694
6967.0,-4.052172265189209,3.5833992520307003,0.5769177493245491
6968.0,0.4967207369971276,3.62743895536043,0.5764675079617503
6969.0,-1.1411122518890429,3.612485807080763,0.57652269915475
6970.0,-2.238496884391699,3.6018765165462425,0.5763959089045401
6971.0,-0.7186508342181932,3.6167378897144604,0.5761471870284965
6972.0,-3.960793607486715,3.5849329389462086,0.5760673369358056
6973.0,-2.8607685984618674,3.5944978037481845,0.575627248757196
6974.0,-0.6946870044970257,3.615433857923492,0.5753093855795891
6975.0,-4.833825226118706,3.57468390351924,0.575232198134645
6976.0,-1.7994277813014938,3.6030541155268296,0.574695106442854
6977.0,-1.8347798001935578,3.602661025161671,0.5744951700227094
6978.0,-0.038467728972296555,3.6205567116129878,0.5742913056004657
6979.0,-4.478694274652796,3.5772089484528826,0.5742870314083577
6980.0,-0.4879611787104583,3.6153590486728904,0.5737893987111741
6981.0,-3.1993384289361284,3.5890183329935392,0.5737351808024285
6982.0,-3.0587618248898183,3.5894753569457185,0.5733796987547689
6983.0,-4.027505483699741,3.5789387860649162,0.5730398363297812
6984.0,-3.8598150468336563,3.5791682157948905,0.5725923357204812
6985.0,-1.995597065682597,3.5964886012025263,0.5721634673819441
6986.0,-3.8904148934766942,3.5774062665983877,0.571941734374646
6987.0,-1.5746445829338556,3.59923682731995,0.5715094660531486
6988.0,-3.3287075587121917,3.581840003918891,0.5713345055439337
6989.0,-4.016292257310809,3.573998046150858,0.5709646491485213
6990.0,-3.159761432949868,3.581177071518607,0.5705183944532646
6991.0,-2.0791160103046176,3.591153572547403,0.5701673098496035
6992.0,-2.8466915774137744,3.583334369884091,0.5699362969595697
6993.0,-2.457237352084002,3.586599588865247,0.5696199978954126
6994.0,-1.629740672704895,3.594494333195034,0.5693469715229589
6995.0,-1.1469731854788143,3.5994610853303954,0.5691658892259917
6996.0,-2.887619135736789,3.58248711147931,0.5690384477609385
6997.0,-3.805277519470198,3.5726360511082325,0.568717601190301
6998.0,-2.4048819013468545,3.585395531490682,0.5682947925770265
6999.0,-1.9116880173699102,3.5899779020997986,0.5680275834768769
7000.0,-4.325906632464938,3.56579517453209,0.567815173697169
7001.0,-3.6132603712594813,3.5713602295834868,0.567334517404673
7002.0,-3.3989836199536763,3.5724107822967963,0.5669330440300886
7003.0,-2.7597777359004705,3.577858275942591,0.566555379183427
7004.0,-3.4512923795334824,3.570409992018062,0.5662487372127714
7005.0,-1.6161990936288755,3.587796597886979,0.5658652602817121
7006.0,-4.506416501823022,3.559092125259684,0.5656856826046422
7007.0,-4.47464837149303,3.55778318111756,0.5651849696599952
7008.0,-2.917361014389328,3.571772266864396,0.5646877865076071
7009.0,-2.719566005174821,3.5731654428694624,0.5643636352837861
7010.0,-4.31830484107263,3.5567206635927273,0.5640614612832111
7011.0,-3.258436053309456,3.565859775075257,0.563581649634203
7012.0,-3.0013047717738615,3.567655939139925,0.5632196011838353
7013.0,-2.9916224337776818,3.5671455720611767,0.5628861228758604
7014.0,-2.3101481458883857,3.573362672905632,0.5625537203832184
7015.0,-3.3269736055294525,3.5630276261609266,0.5622970372558974
7016.0,-0.6527046249896582,3.5889608278629472,0.5619273735219497
7017.0,-1.8897442003330347,3.5774660685471895,0.5618548507858397
7018.0,-3.508891900801652,3.561350078332048,0.561644879208025
7019.0,-2.381860633290534,3.571670985095663,0.5612550023301581
7020.0,-2.3449808517429935,3.571807543136411,0.5609903511486815
7021.0,-0.9815981568777739,3.585228967545474,0.56072979772071
7022.0,-3.250478036145439,3.563179552587711,0.5606207312588346
7023.0,-1.5408266278492833,3.5794725436791026,0.5602595670325963
7024.0,-2.447681905271903,3.570680645451316,0.5600883640739464
7025.0,-0.6355418544390423,3.588497181003249,0.559816399417805
7026.0,-0.88638568420074,3.586819190284341,0.5597457836562006
7027.0,-2.2537758692592496,3.5737957016632347,0.5596472963579561
7028.0,-2.8278532762700754,3.567828277156588,0.5593968768169273
7029.0,-1.8667426129006803,3.5768497973552895,0.5590826708973418
7030.0,-2.7255625339089575,3.568279032339442,0.558875255051464
7031.0,-0.39961611752708137,3.5910098252233484,0.5585724147699185
7032.0,-2.401912402278735,3.5719204553084825,0.5585280129790822
7033.0,-3.0070532906410463,3.5655221890172073,0.5582611338232735
7034.0,-3.074518857592407,3.5641207208925234,0.55792701679098
7035.0,-4.0162944814983845,3.5539405821246217,0.5575854035845809
7036.0,-1.8043010898833465,3.574714605122478,0.5571391486421922
7037.0,-3.525014003299378,3.5575675294081455,0.5569386707433163
7038.0,-1.1273146847653162,3.580516911888796,0.5565470025207274
7039.0,-4.116168817501967,3.551117281078916,0.5564217453335313
7040.0,-2.340948188783437,3.567467113360615,0.5559643932426978
7041.0,-1.062220301878183,3.5799849519249998,0.5557042878883884
7042.0,-5.1903088307795455,3.5392349428552805,0.555586263410402
7043.0,0.022831929740232404,3.5892903854877614,0.5550095624292042
7044.0,-3.031606496497637,3.5599724793292817,0.5550120993102864
7045.0,-2.3236307722973257,3.5663325328949966,0.5546752541440089
7046.0,-1.7856884681045702,3.571442948909332,0.554417072947087
7047.0,-1.592338679855558,3.5734430690284724,0.5542186631172976
7048.0,-2.157645077175397,3.5679698631721695,0.5540417365973137
7049.0,-1.2532692703670405,3.576828691123761,0.5538019982554053
7050.0,-1.8511616088477343,3.5712289999785436,0.5536627461142535
7051.0,-0.29889857495962024,3.5867420600558884,0.5534570614910482
7052.0,-1.8470905714317534,3.572218137735426,0.5534238505382749
7053.0,-0.044205600146141055,3.5902094085184477,0.5532186182525602
7054.0,-1.3736514497029302,3.5780029621926097,0.5532137065192106
7055.0,-4.757187657210329,3.544395129864276,0.5530610785803548
7056.0,0.7638783479848015,3.5977001804132254,0.5525325021739981
7057.0,-3.2179301355965233,3.5594698635774904,0.5526173775459964
7058.0,-0.6305699809978309,3.584397414867604,0.5522598297531524
7059.0,-2.466508196100702,3.5667269869924487,0.5521897664219304
7060.0,-1.1736371779967756,3.5791740325429386,0.5519157099556969
7061.0,-3.3605986385822426,3.5576370365045444,0.5517853058248084
7062.0,-1.717819321138015,3.573013311280098,0.551411905976077
7063.0,-2.816488181743007,3.5620195454892754,0.5512210371626173
7064.0,-0.5262461105126393,3.5842198478652443,0.5509080940313125
7065.0,-1.9516647907287383,3.5707076960923545,0.5508496222412556
7066.0,-1.3300716983730423,3.576751748061733,0.5506327705978412
7067.0,-5.205096089341338,3.5382171247070833,0.5504849848535776
7068.0,-2.6069658497357815,3.561973108117853,0.5499066408436507
7069.0,-1.9868104561771303,3.567615053455232,0.5496169779714578
7070.0,-2.220481366950366,3.5651123175101738,0.5493962212541048
7071.0,-1.2985534828526868,3.574016125149055,0.5491495011022214
7072.0,-2.9573803064218183,3.557690783769117,0.5490052173819044
7073.0,-2.4390161187067116,3.5620858235930615,0.5486766195700798
7074.0,-1.02346654448126,3.57578675225663,0.5484056177791125
7075.0,-5.348361254306696,3.5329739430300813,0.5482918992741701
7076.0,-1.7633118729520736,3.5665330837471654,0.5476976369125804
7077.0,-2.9173560324919414,3.5549872622837886,0.5475017133711413
7078.0,-3.640397655692027,3.5470214334318153,0.5471775627008644
7079.0,-2.079319719655025,3.5614507423697046,0.5467730740724541
7080.0,-0.9656858789891807,3.5724008584189564,0.5465420385480481
7081.0,-1.2010702106447737,3.570556769879254,0.5464347401170493
7082.0,-2.6688912886332856,3.556225035969993,0.5463012878714221
7083.0,-1.4053237952988142,3.5682737973567327,0.5460047443949073
7084.0,-1.4149151269426947,3.5683886913756284,0.5458485973065408
7085.0,-2.6092140881164587,3.556640625950219,0.5456913845146583
7086.0,-3.3663506899852598,3.5485053616547266,0.5454014718382009
7087.0,-3.2940425389029127,3.548194123252493,0.545027432872647
7088.0,-1.4526833139148287,3.5656320533555528,0.5446614281461022
7089.0,-2.5526835171408635,3.554823804154751,0.5445000188890006
7090.0,-3.8077277746632356,3.5417653567591123,0.544216387387096
7091.0,-4.606078544386406,3.5324898304018277,0.5437933065232445
7092.0,-1.4602106848795258,3.5621734915845327,0.5432815200183128
7093.0,-3.1834730278302796,3.545166345822701,0.5431192743866595
7094.0,-2.0870153054300227,3.555264663056386,0.5427655551613451
7095.0,-0.9503663661635955,3.566462600761499,0.5425336645718528
7096.0,-4.136155596066857,3.5351461016492958,0.5424280683089457
7097.0,-2.556421725641056,3.549469667668678,0.5419684954649383
7098.0,-2.7133676827735873,3.5474386884050184,0.5416844486065338
7099.0,-2.025321405465049,3.5537613554170857,0.5413829633084478
7100.0,-0.9510500019744565,3.5643819334158797,0.5411579275967294
7101.0,-4.16181476832801,3.5328220507653136,0.5410522553742878
7102.0,-1.7877525641177914,3.5550794431670676,0.5405898315111403
7103.0,-1.2105952812578733,3.560878557298706,0.5403911923373494
7104.0,-2.7329713299459786,3.54603757261999,0.540256681750543
7105.0,-2.6718087411164047,3.546063396768589,0.5399530182694379
7106.0,-1.9769382887688471,3.5524693012254436,0.539656150631536
7107.0,-2.0689786526377647,3.551445873604482,0.5394364908216729
7108.0,-1.772059240791097,3.5542499299482557,0.5392066043047131
7109.0,-1.7983993419984792,3.5540045083389478,0.5390097088335141
7110.0,-3.727465382019564,3.5347087654050835,0.5388098866844031
7111.0,-1.2621668778688206,3.5581402688780246,0.5383957238641787
7112.0,-1.041521047262202,3.560688533923791,0.5382554830999711
7113.0,-2.267396382887127,3.548897477797505,0.5381397585391642
7114.0,-4.367694133187084,3.5275782804029276,0.5378878256077323
7115.0,-2.6434321325001133,3.543186749339231,0.5374025262596004
7116.0,-2.2569926538242897,3.5465230677396997,0.5371088115782114
7117.0,-3.9307502972335215,3.5295034526535094,0.5368580346166754
7118.0,-2.9501725794712668,3.5379760305208787,0.5364212845836495
7119.0,-4.261711734448177,3.524161129281355,0.5360934876303749
7120.0,-1.740884718766945,3.5478535772124355,0.5356199641043251
7121.0,-2.2925558563724358,3.5424243034377114,0.5354265324689066
7122.0,-4.557228956017806,3.5195106793310975,0.5351718040404208
7123.0,-2.0606689230225244,3.542786897215941,0.5346654452675299
7124.0,-2.570636184237864,3.5375889983355964,0.5344364820538607
7125.0,-1.854482146556994,3.5443274682750294,0.5341508558111676
7126.0,-2.9894155421942847,3.5330055714600026,0.5339448022393279
7127.0,-3.50184925092878,3.5271894206686625,0.5336126449568619
7128.0,-3.4635557830722585,3.526565227328985,0.5332235505956476
7129.0,-3.172712770685506,3.528502539540776,0.5328387110641951
7130.0,-2.476468629273691,3.5346875684021586,0.5324861874230078
7131.0,-2.31505191821901,3.535968716683462,0.5322110242419774
7132.0,-2.7383998472601285,3.5315027707865037,0.5319537962510642
7133.0,-3.029149436245649,3.528094614086245,0.5316495296013687
7134.0,-2.9392540850068523,3.5283128931247076,0.5313129574417859
7135.0,0.6346559818836663,3.5634334453425174,0.5309863736545629
7136.0,-3.463406439372761,3.524081168442567,0.5310568909858833
7137.0,-3.1974650106827407,3.5257606427049017,0.5306720680481752
7138.0,1.6173176354601857,3.5731068771531804,0.5303167941580994
7139.0,-1.9737333719243093,3.539423795603354,0.530496496117595
7140.0,-4.22497583237962,3.5168376991353,0.5302771924096034
7141.0,-1.446640995028421,3.5431298597289196,0.52980775065045
7142.0,-3.6375486115014346,3.5214940274776474,0.5296470127621136
7143.0,-1.3636731152436286,3.5431198227863083,0.5292428406941689
7144.0,-2.763702849213352,3.529447418057095,0.5290913214591418
7145.0,-3.049744811861759,3.526023878844331,0.5287842433647848
7146.0,-0.4885437889655213,3.5508972869969955,0.5284453828301335
7147.0,-1.791998309175944,3.5387383073349015,0.5283911001869152
7148.0,-1.2837632031884907,3.543855697278955,0.5281919892636734
7149.0,-1.956350400600067,3.5374767728683896,0.5280493489077636
7150.0,-3.055555654741373,3.526396989245955,0.5278319766410302
7151.0,-1.73580697467724,3.538812540440701,0.5274924704571701
7152.0,-0.9884807591444242,3.54634025537852,0.5272996030155392
7153.0,-2.3315774456030582,3.5334254425587526,0.5271897718200788
7154.0,-0.2479467445668675,3.5539195416323635,0.5269307076594562
7155.0,-1.4368909959976142,3.5429955527298573,0.5269031580211709
7156.0,-2.2350218127854853,3.5352098761758093,0.5267435034660601
7157.0,-2.1856418362277275,3.535389126760403,0.526495167709084
7158.0,-2.328453588790469,3.5336775436889702,0.5262523186161698
7159.0,-4.06404848199374,3.5159480524380524,0.5259936015507487
7160.0,-2.6125902447607565,3.5290013330743246,0.525542040608305
7161.0,-2.223516893323541,3.5323627542304976,0.5252517528033316
7162.0,-3.0201064015831607,3.5241155585617525,0.5250046953707401
7163.0,-2.0779037266191316,3.5327557636645586,0.5246691279927864
7164.0,-2.4733656370561112,3.5286190297356255,0.5244382498009399
7165.0,-1.5328851361265394,3.5375909817551667,0.5241634313968225
7166.0,-1.6711095236678362,3.5363680123554357,0.5239931108261418
7167.0,-2.2910583905189483,3.5302321523201843,0.5238074319901787
7168.0,-4.209016114127498,3.5107201552716867,0.5235528699467876
7169.0,-0.26159657664853686,3.548658861932179,0.5230852014896623
7170.0,-2.677363748213929,3.5254649719875153,0.523056135203368
7171.0,-2.601108067118915,3.525651746754145,0.5227586503424554
7172.0,-2.9281510608742347,3.5218582013287727,0.5224696383349977
7173.0,-3.1105145700819206,3.5193100651224456,0.5221442882171228
7174.0,-0.569927439999345,3.5438845200893563,0.5217986754871137
7175.0,-0.7674445995174004,3.5426813846682634,0.5217353502160026
7176.0,-1.9445082455279115,3.5315385491608575,0.5216500785938339
7177.0,-2.634375193038407,3.5245116884197882,0.5214340221221087
7178.0,-1.7261025187328085,3.533030037804072,0.5211413137673266
7179.0,-2.407753772788284,3.5262237718885054,0.5209495245985786
7180.0,-2.7377786479038737,3.5225001691714857,0.5206819964016021
7181.0,-2.077367598117087,3.5284760134825293,0.5203777987740572
7182.0,-3.0514471836818062,3.5185272377400656,0.5201469801520442
7183.0,-2.1846696699957096,3.5263739770236984,0.5198079304649684
7184.0,-2.2447238429729555,3.5255056999391954,0.5195651893905244
7185.0,-1.7463299734275943,3.5301833763303496,0.5193157756301942
7186.0,-3.273921196844511,3.514913780635537,0.51912173896648
7187.0,-1.612329558904324,3.5305716580641375,0.5187579699446083
7188.0,-3.6328893661881314,3.5104625267202976,0.5185788222158412
7189.0,-3.215708314526548,3.513455432707604,0.5181751678418203
7190.0,-3.16115632393218,3.513099829662903,0.517817866917984
7191.0,-3.840064715467098,3.5054546139333693,0.517466627326436
7192.0,-1.2304221457679216,3.5302787879139603,0.5170399534691619
7193.0,-3.7113155952372465,3.50585242121544,0.5169032398974098
7194.0,-3.37364542175834,3.508041829536709,0.516490871497939
7195.0,-0.9307403618916974,3.5315113099351647,0.5161160220066325
7196.0,-3.213228377317063,3.5092711224712354,0.5160126064108668
7197.0,-2.7351783564226206,3.5131870914355123,0.5156555810356093
7198.0,-3.76503625114567,3.502333735693535,0.5153516723293401
7199.0,-1.4588109904716442,3.5241990580900455,0.5149333349681017
